location_id,station_name,station_latitude,station_longitude,zone_type,way_id,highway_class,name,lanes,oneway,maxspeed,surface,bridge,tunnel,node_count,length_meters,min_distance_to_station_m,data_type
11613,"Revenue Colony-Shivajinagar, Pune - IITM",18.5301,73.8496,Commercial / Educational Urban Core,22840813,secondary,Unnamed,1,yes,,,no,no,2,11.85,1112.97,STATIC_ROAD_NETWORK
11613,"Revenue Colony-Shivajinagar, Pune - IITM",18.5301,73.8496,Commercial / Educational Urban Core,22840876,residential,Omkareshwar Path,1,no,,,no,no,14,220.4,1139.05,STATIC_ROAD_NETWORK
11613,"Revenue Colony-Shivajinagar, Pune - IITM",18.5301,73.8496,Commercial / Educational Urban Core,22840885,tertiary,Sqn Ldr Sureshchandra Bhagwat Marg,1,no,,,no,no,21,576.13,767.98,STATIC_ROAD_NETWORK
11613,"Revenue Colony-Shivajinagar, Pune - IITM",18.5301,73.8496,Commercial / Educational Urban Core,22840920,tertiary,Chaturshringi Road,2,no,40,asphalt,no,no,27,629.66,517.52,STATIC_ROAD_NETWORK
11613,"Revenue Colony-Shivajinagar, Pune - IITM",18.5301,73.8496,Commercial / Educational Urban Core,22840963,tertiary,Apte Path,1,no,,asphalt,no,no,29,685.1,931.83,STATIC_ROAD_NETWORK
11613,"Revenue Colony-Shivajinagar, Pune - IITM",18.5301,73.8496,Commercial / Educational Urban Core,22841037,primary,Unnamed,1,yes,,,no,no,3,174.68,879.0,STATIC_ROAD_NETWORK
11613,"Revenue Colony-Shivajinagar, Pune - IITM",18.5301,73.8496,Commercial / Educational Urban Core,22841049,primary,Underpass,1,yes,,,no,no,2,78.74,1438.92,STATIC_ROAD_NETWORK
11613,"Revenue Colony-Shivajinagar, Pune - IITM",18.5301,73.8496,Commercial / Educational Urban Core,22841055,residential,Nyaymurti Ranade Path,1,no,,,no,no,9,266.56,707.18,STATIC_ROAD_NETWORK
11613,"Revenue Colony-Shivajinagar, Pune - IITM",18.5301,73.8496,Commercial / Educational Urban Core,22841095,secondary,Veer Santaji Ghorpade Marg,3,yes,,,no,no,2,8.8,1119.06,STATIC_ROAD_NETWORK
11613,"Revenue Colony-Shivajinagar, Pune - IITM",18.5301,73.8496,Commercial / Educational Urban Core,22841135,tertiary,Harikrushna Mandir Path,1,no,,,no,no,17,441.59,1237.05,STATIC_ROAD_NETWORK
11613,"Revenue Colony-Shivajinagar, Pune - IITM",18.5301,73.8496,Commercial / Educational Urban Core,22841167,residential,Unnamed,1,no,,,no,no,15,583.93,1339.99,STATIC_ROAD_NETWORK
11613,"Revenue Colony-Shivajinagar, Pune - IITM",18.5301,73.8496,Commercial / Educational Urban Core,22841184,tertiary,Ghole Road,1,yes,40,,no,no,9,217.33,917.35,STATIC_ROAD_NETWORK
11613,"Revenue Colony-Shivajinagar, Pune - IITM",18.5301,73.8496,Commercial / Educational Urban Core,22841193,secondary,Congress Bhavan Path,2,yes,,,no,no,9,117.79,827.88,STATIC_ROAD_NETWORK
11613,"Revenue Colony-Shivajinagar, Pune - IITM",18.5301,73.8496,Commercial / Educational Urban Core,22841195,tertiary,Maharshi Vitthal Ramji Shinde Bridge,1,yes,,,no,no,3,33.91,1108.48,STATIC_ROAD_NETWORK
11613,"Revenue Colony-Shivajinagar, Pune - IITM",18.5301,73.8496,Commercial / Educational Urban Core,22841203,residential,Dagadi Pool Road,1,no,,,no,no,10,208.11,1143.83,STATIC_ROAD_NETWORK
11613,"Revenue Colony-Shivajinagar, Pune - IITM",18.5301,73.8496,Commercial / Educational Urban Core,22841224,tertiary,Unnamed,1,no,,,no,no,12,345.05,1339.99,STATIC_ROAD_NETWORK
11613,"Revenue Colony-Shivajinagar, Pune - IITM",18.5301,73.8496,Commercial / Educational Urban Core,22841229,tertiary,Agarwal Marg,1,no,,,no,no,25,595.21,1130.43,STATIC_ROAD_NETWORK
11613,"Revenue Colony-Shivajinagar, Pune - IITM",18.5301,73.8496,Commercial / Educational Urban Core,22841242,tertiary,Unnamed,1,yes,,,no,no,13,165.38,809.69,STATIC_ROAD_NETWORK
11613,"Revenue Colony-Shivajinagar, Pune - IITM",18.5301,73.8496,Commercial / Educational Urban Core,22841247,residential,Unnamed,1,no,,,no,no,3,73.09,1285.82,STATIC_ROAD_NETWORK
11613,"Revenue Colony-Shivajinagar, Pune - IITM",18.5301,73.8496,Commercial / Educational Urban Core,22841289,trunk,Shivaji Road,2,yes,,,no,no,16,235.94,132.31,STATIC_ROAD_NETWORK
11613,"Revenue Colony-Shivajinagar, Pune - IITM",18.5301,73.8496,Commercial / Educational Urban Core,22841320,trunk,Shivaji Road,1,no,45,asphalt,yes,no,2,160.88,737.64,STATIC_ROAD_NETWORK
11613,"Revenue Colony-Shivajinagar, Pune - IITM",18.5301,73.8496,Commercial / Educational Urban Core,22841323,trunk,Shivaji Bridge,1,no,,asphalt,yes,no,4,196.59,894.89,STATIC_ROAD_NETWORK
11613,"Revenue Colony-Shivajinagar, Pune - IITM",18.5301,73.8496,Commercial / Educational Urban Core,22841339,trunk,Shivaji Road,2,yes,15,,no,no,10,186.41,1462.18,STATIC_ROAD_NETWORK
11613,"Revenue Colony-Shivajinagar, Pune - IITM",18.5301,73.8496,Commercial / Educational Urban Core,22841398,trunk,Unnamed,2,yes,,,no,no,15,195.71,876.18,STATIC_ROAD_NETWORK
11613,"Revenue Colony-Shivajinagar, Pune - IITM",18.5301,73.8496,Commercial / Educational Urban Core,22981400,primary,Babasaheb Ambedkar Marg,1,yes,,,no,no,14,484.09,1482.45,STATIC_ROAD_NETWORK
11613,"Revenue Colony-Shivajinagar, Pune - IITM",18.5301,73.8496,Commercial / Educational Urban Core,23028033,primary,Arjunrao Pawar Path,1,yes,,,no,no,10,210.12,1275.73,STATIC_ROAD_NETWORK
11613,"Revenue Colony-Shivajinagar, Pune - IITM",18.5301,73.8496,Commercial / Educational Urban Core,23028035,primary,Sangam Bridge,1,yes,,,yes,no,2,239.87,1040.82,STATIC_ROAD_NETWORK
11613,"Revenue Colony-Shivajinagar, Pune - IITM",18.5301,73.8496,Commercial / Educational Urban Core,23028039,trunk,Raja Bahadur Mill Marg,2,yes,,,no,no,5,70.07,1276.65,STATIC_ROAD_NETWORK
11613,"Revenue Colony-Shivajinagar, Pune - IITM",18.5301,73.8496,Commercial / Educational Urban Core,23028040,trunk,New Sangam Bridge,2,yes,,,yes,no,2,211.39,1065.28,STATIC_ROAD_NETWORK
11613,"Revenue Colony-Shivajinagar, Pune - IITM",18.5301,73.8496,Commercial / Educational Urban Core,23028078,tertiary,Maharshi Vitthal Ramji Shinde Bridge,1,yes,,,yes,no,2,197.15,914.5,STATIC_ROAD_NETWORK
11613,"Revenue Colony-Shivajinagar, Pune - IITM",18.5301,73.8496,Commercial / Educational Urban Core,23028079,tertiary,Maharshi Vitthal Ramji Shinde Bridge,1,yes,,,no,no,8,59.02,856.37,STATIC_ROAD_NETWORK
11613,"Revenue Colony-Shivajinagar, Pune - IITM",18.5301,73.8496,Commercial / Educational Urban Core,23152047,secondary,Kalu Tamanna Kusalkar Road,1,no,30,,no,no,22,583.2,1495.65,STATIC_ROAD_NETWORK
11613,"Revenue Colony-Shivajinagar, Pune - IITM",18.5301,73.8496,Commercial / Educational Urban Core,31046776,tertiary,Sanganna Bharma Dhotre Path,2,no,,,no,no,9,197.77,1496.42,STATIC_ROAD_NETWORK
11613,"Revenue Colony-Shivajinagar, Pune - IITM",18.5301,73.8496,Commercial / Educational Urban Core,53089623,residential,Unnamed,1,no,,,no,no,2,61.4,1176.71,STATIC_ROAD_NETWORK
11613,"Revenue Colony-Shivajinagar, Pune - IITM",18.5301,73.8496,Commercial / Educational Urban Core,53090145,trunk,Bajirao Road,1,yes,,,no,no,9,220.47,1205.96,STATIC_ROAD_NETWORK
11613,"Revenue Colony-Shivajinagar, Pune - IITM",18.5301,73.8496,Commercial / Educational Urban Core,53090268,residential,Namdeo Raut Path,2,no,,concrete,no,no,7,203.58,1346.98,STATIC_ROAD_NETWORK
11613,"Revenue Colony-Shivajinagar, Pune - IITM",18.5301,73.8496,Commercial / Educational Urban Core,53090385,residential,Kakasaheb Gadgil Marg,1,yes,,,no,no,10,281.31,1266.06,STATIC_ROAD_NETWORK
11613,"Revenue Colony-Shivajinagar, Pune - IITM",18.5301,73.8496,Commercial / Educational Urban Core,53090776,tertiary,Ganesh Path,1,no,,,no,no,20,465.21,1462.18,STATIC_ROAD_NETWORK
11613,"Revenue Colony-Shivajinagar, Pune - IITM",18.5301,73.8496,Commercial / Educational Urban Core,53201054,residential,Unnamed,1,no,,,no,no,8,168.86,1291.02,STATIC_ROAD_NETWORK
11613,"Revenue Colony-Shivajinagar, Pune - IITM",18.5301,73.8496,Commercial / Educational Urban Core,53201065,residential,Unnamed,1,no,,,no,no,21,403.41,1339.59,STATIC_ROAD_NETWORK
11613,"Revenue Colony-Shivajinagar, Pune - IITM",18.5301,73.8496,Commercial / Educational Urban Core,53201067,residential,Unnamed,1,no,,,no,no,10,157.83,1372.61,STATIC_ROAD_NETWORK
11613,"Revenue Colony-Shivajinagar, Pune - IITM",18.5301,73.8496,Commercial / Educational Urban Core,53202838,residential,Bhau Rangari Path,1,no,,,no,no,17,238.94,1384.51,STATIC_ROAD_NETWORK
11613,"Revenue Colony-Shivajinagar, Pune - IITM",18.5301,73.8496,Commercial / Educational Urban Core,53744748,tertiary,T Saheb KK Marg,1,no,,asphalt,no,no,10,145.65,1190.9,STATIC_ROAD_NETWORK
11613,"Revenue Colony-Shivajinagar, Pune - IITM",18.5301,73.8496,Commercial / Educational Urban Core,53745373,residential,Kishore Bhadbhade Path,1,no,,,no,no,9,215.69,1418.69,STATIC_ROAD_NETWORK
11613,"Revenue Colony-Shivajinagar, Pune - IITM",18.5301,73.8496,Commercial / Educational Urban Core,53745374,residential,Ramashastri Prabhune Path,1,yes,,,no,no,3,244.44,1287.25,STATIC_ROAD_NETWORK
11613,"Revenue Colony-Shivajinagar, Pune - IITM",18.5301,73.8496,Commercial / Educational Urban Core,53745381,residential,Harihareshwar Mandir Marg,1,no,,,no,no,4,110.09,1276.95,STATIC_ROAD_NETWORK
11613,"Revenue Colony-Shivajinagar, Pune - IITM",18.5301,73.8496,Commercial / Educational Urban Core,53745426,residential,Niranjav Madhav Marg,1,no,,,no,no,3,33.33,1178.83,STATIC_ROAD_NETWORK
11613,"Revenue Colony-Shivajinagar, Pune - IITM",18.5301,73.8496,Commercial / Educational Urban Core,53759273,residential,Harihareshwar Mandir Marg,1,no,,,no,no,11,105.27,1179.46,STATIC_ROAD_NETWORK
11613,"Revenue Colony-Shivajinagar, Pune - IITM",18.5301,73.8496,Commercial / Educational Urban Core,53759316,tertiary,Jayantarao Tilak Bridge,1,yes,,,yes,no,2,153.39,926.57,STATIC_ROAD_NETWORK
11613,"Revenue Colony-Shivajinagar, Pune - IITM",18.5301,73.8496,Commercial / Educational Urban Core,53759709,living_street,Unnamed,1,no,,,no,no,12,134.16,1186.81,STATIC_ROAD_NETWORK
11613,"Revenue Colony-Shivajinagar, Pune - IITM",18.5301,73.8496,Commercial / Educational Urban Core,53759717,residential,Unnamed,1,no,,,no,no,11,193.3,1307.37,STATIC_ROAD_NETWORK
11613,"Revenue Colony-Shivajinagar, Pune - IITM",18.5301,73.8496,Commercial / Educational Urban Core,53759731,residential,Unnamed,1,no,,,no,no,9,178.72,1211.22,STATIC_ROAD_NETWORK
11613,"Revenue Colony-Shivajinagar, Pune - IITM",18.5301,73.8496,Commercial / Educational Urban Core,53759732,residential,Unnamed,1,no,,,no,no,5,136.59,1250.79,STATIC_ROAD_NETWORK
11613,"Revenue Colony-Shivajinagar, Pune - IITM",18.5301,73.8496,Commercial / Educational Urban Core,53759733,residential,Unnamed,1,no,,,no,no,6,109.67,1335.52,STATIC_ROAD_NETWORK
11613,"Revenue Colony-Shivajinagar, Pune - IITM",18.5301,73.8496,Commercial / Educational Urban Core,53759820,living_street,Unnamed,1,no,,,no,no,16,258.52,1226.27,STATIC_ROAD_NETWORK
11613,"Revenue Colony-Shivajinagar, Pune - IITM",18.5301,73.8496,Commercial / Educational Urban Core,60991570,trunk,Shivaji Road,1,no,,,yes,no,2,6.85,1088.41,STATIC_ROAD_NETWORK
11613,"Revenue Colony-Shivajinagar, Pune - IITM",18.5301,73.8496,Commercial / Educational Urban Core,60991571,trunk,Shivaji Road,1,yes,,,no,no,13,299.24,1183.56,STATIC_ROAD_NETWORK
11613,"Revenue Colony-Shivajinagar, Pune - IITM",18.5301,73.8496,Commercial / Educational Urban Core,60993711,tertiary,Gopal Ganesh Agarkar Path,1,no,,,no,no,52,1155.56,1482.89,STATIC_ROAD_NETWORK
11613,"Revenue Colony-Shivajinagar, Pune - IITM",18.5301,73.8496,Commercial / Educational Urban Core,61969048,residential,Unnamed,1,no,,,no,no,6,105.98,1394.97,STATIC_ROAD_NETWORK
11613,"Revenue Colony-Shivajinagar, Pune - IITM",18.5301,73.8496,Commercial / Educational Urban Core,61969075,residential,Unnamed,1,no,,,no,no,10,222.71,1230.28,STATIC_ROAD_NETWORK
11613,"Revenue Colony-Shivajinagar, Pune - IITM",18.5301,73.8496,Commercial / Educational Urban Core,68573807,residential,Annasaheb Aavate Path,1,no,,,no,no,3,85.8,436.93,STATIC_ROAD_NETWORK
11613,"Revenue Colony-Shivajinagar, Pune - IITM",18.5301,73.8496,Commercial / Educational Urban Core,68573854,residential,Baburao Baloba Bahirat (Patil) Path,1,no,,,no,no,8,294.6,595.94,STATIC_ROAD_NETWORK
11613,"Revenue Colony-Shivajinagar, Pune - IITM",18.5301,73.8496,Commercial / Educational Urban Core,69732058,residential,Sudhabhau Kelkar Path,1,yes,,,no,no,4,227.87,1408.29,STATIC_ROAD_NETWORK
11613,"Revenue Colony-Shivajinagar, Pune - IITM",18.5301,73.8496,Commercial / Educational Urban Core,106359054,residential,Shankarrao Mahajan Path,1,yes,,,no,no,9,258.26,593.07,STATIC_ROAD_NETWORK
11613,"Revenue Colony-Shivajinagar, Pune - IITM",18.5301,73.8496,Commercial / Educational Urban Core,106359113,tertiary,Baba Maharaj Sahasrabuddhe Path,1,yes,,,no,no,29,738.83,876.92,STATIC_ROAD_NETWORK
11613,"Revenue Colony-Shivajinagar, Pune - IITM",18.5301,73.8496,Commercial / Educational Urban Core,106359141,residential,Unnamed,1,no,,,no,no,5,281.38,1114.46,STATIC_ROAD_NETWORK
11613,"Revenue Colony-Shivajinagar, Pune - IITM",18.5301,73.8496,Commercial / Educational Urban Core,106359183,residential,Lt Col Suryakant Sadashiv Pandit Path,1,no,,,no,no,3,198.64,1041.05,STATIC_ROAD_NETWORK
11613,"Revenue Colony-Shivajinagar, Pune - IITM",18.5301,73.8496,Commercial / Educational Urban Core,106359188,residential,Dattatray Dhondiba Thopte Path,1,yes,,,no,no,7,244.88,728.2,STATIC_ROAD_NETWORK
11613,"Revenue Colony-Shivajinagar, Pune - IITM",18.5301,73.8496,Commercial / Educational Urban Core,106359212,residential,Unnamed,1,no,,,no,no,13,511.7,945.45,STATIC_ROAD_NETWORK
11613,"Revenue Colony-Shivajinagar, Pune - IITM",18.5301,73.8496,Commercial / Educational Urban Core,106359270,residential,G. H. Patil Path,1,no,,,no,no,3,212.42,950.63,STATIC_ROAD_NETWORK
11613,"Revenue Colony-Shivajinagar, Pune - IITM",18.5301,73.8496,Commercial / Educational Urban Core,106359291,tertiary,Shankarrao Kanitkar Path,2,no,,asphalt,no,no,6,281.99,522.77,STATIC_ROAD_NETWORK
11613,"Revenue Colony-Shivajinagar, Pune - IITM",18.5301,73.8496,Commercial / Educational Urban Core,106359293,tertiary,Unnamed,1,yes,,,no,no,5,216.21,804.3,STATIC_ROAD_NETWORK
11613,"Revenue Colony-Shivajinagar, Pune - IITM",18.5301,73.8496,Commercial / Educational Urban Core,106359312,residential,Appasaheb Shinde Path,1,no,,,no,no,13,488.4,760.72,STATIC_ROAD_NETWORK
11613,"Revenue Colony-Shivajinagar, Pune - IITM",18.5301,73.8496,Commercial / Educational Urban Core,106359438,residential,Shirole Galli,1,no,,,no,no,4,149.51,630.48,STATIC_ROAD_NETWORK
11613,"Revenue Colony-Shivajinagar, Pune - IITM",18.5301,73.8496,Commercial / Educational Urban Core,106359446,residential,Rambhau Palshikar Path,1,no,,,no,no,5,236.28,1166.24,STATIC_ROAD_NETWORK
11613,"Revenue Colony-Shivajinagar, Pune - IITM",18.5301,73.8496,Commercial / Educational Urban Core,106359461,residential,Bapusaheb Gupte Path,1,no,,,no,no,12,217.57,1217.89,STATIC_ROAD_NETWORK
11613,"Revenue Colony-Shivajinagar, Pune - IITM",18.5301,73.8496,Commercial / Educational Urban Core,106359495,residential,Shirole Road,1,no,,,no,no,6,254.9,1110.94,STATIC_ROAD_NETWORK
11613,"Revenue Colony-Shivajinagar, Pune - IITM",18.5301,73.8496,Commercial / Educational Urban Core,118012066,primary,Unnamed,1,no,,,no,no,11,322.3,242.02,STATIC_ROAD_NETWORK
11613,"Revenue Colony-Shivajinagar, Pune - IITM",18.5301,73.8496,Commercial / Educational Urban Core,121897351,trunk_link,Unnamed,1,yes,,,no,no,10,30.78,1174.39,STATIC_ROAD_NETWORK
11613,"Revenue Colony-Shivajinagar, Pune - IITM",18.5301,73.8496,Commercial / Educational Urban Core,130356222,residential,Shri Ashtabhuja Durgadevi Path,1,no,,,no,no,5,196.82,1458.51,STATIC_ROAD_NETWORK
11613,"Revenue Colony-Shivajinagar, Pune - IITM",18.5301,73.8496,Commercial / Educational Urban Core,132474354,tertiary,Chandrashekhar Agashe Road,1,no,,,no,no,27,1149.07,1058.05,STATIC_ROAD_NETWORK
11613,"Revenue Colony-Shivajinagar, Pune - IITM",18.5301,73.8496,Commercial / Educational Urban Core,149110718,secondary,Lakaki Road,1,no,,asphalt,no,no,15,628.87,717.39,STATIC_ROAD_NETWORK
11613,"Revenue Colony-Shivajinagar, Pune - IITM",18.5301,73.8496,Commercial / Educational Urban Core,149110719,secondary,Sqn Ldr Sureshchandra Bhagwat Marg,1,yes,,,no,no,12,188.6,1295.23,STATIC_ROAD_NETWORK
11613,"Revenue Colony-Shivajinagar, Pune - IITM",18.5301,73.8496,Commercial / Educational Urban Core,151720280,tertiary,Mahanagarpalika Vidyalay Path,1,yes,,asphalt,no,no,5,178.16,1384.51,STATIC_ROAD_NETWORK
11613,"Revenue Colony-Shivajinagar, Pune - IITM",18.5301,73.8496,Commercial / Educational Urban Core,151723528,tertiary,Unnamed,1,no,,,no,no,5,48.92,1114.72,STATIC_ROAD_NETWORK
11613,"Revenue Colony-Shivajinagar, Pune - IITM",18.5301,73.8496,Commercial / Educational Urban Core,151723530,residential,Karandikar Road,1,no,,,no,no,22,439.86,1164.52,STATIC_ROAD_NETWORK
11613,"Revenue Colony-Shivajinagar, Pune - IITM",18.5301,73.8496,Commercial / Educational Urban Core,151724010,secondary,Veer Santaji Ghorpade Marg,3,yes,,,no,no,11,267.12,1112.97,STATIC_ROAD_NETWORK
11613,"Revenue Colony-Shivajinagar, Pune - IITM",18.5301,73.8496,Commercial / Educational Urban Core,159889519,trunk,Bajirao Road,2,yes,,,no,no,11,265.87,1380.09,STATIC_ROAD_NETWORK
11613,"Revenue Colony-Shivajinagar, Pune - IITM",18.5301,73.8496,Commercial / Educational Urban Core,160067697,tertiary,Unnamed,1,no,,,no,no,15,338.25,1413.18,STATIC_ROAD_NETWORK
11613,"Revenue Colony-Shivajinagar, Pune - IITM",18.5301,73.8496,Commercial / Educational Urban Core,169704106,primary,Sangamwadi Road,4,yes,85,concrete,no,no,18,592.26,1242.86,STATIC_ROAD_NETWORK
11613,"Revenue Colony-Shivajinagar, Pune - IITM",18.5301,73.8496,Commercial / Educational Urban Core,170934921,residential,Unnamed,1,yes,,,no,no,3,144.28,731.78,STATIC_ROAD_NETWORK
11613,"Revenue Colony-Shivajinagar, Pune - IITM",18.5301,73.8496,Commercial / Educational Urban Core,173045975,primary,Bankimchandra Chatopadhyay Path Underpass,1,yes,,,no,no,2,24.11,503.79,STATIC_ROAD_NETWORK
11613,"Revenue Colony-Shivajinagar, Pune - IITM",18.5301,73.8496,Commercial / Educational Urban Core,173045977,trunk,Bankimchandra Chatopadhyay Path,2,yes,,,no,no,7,139.97,192.94,STATIC_ROAD_NETWORK
11613,"Revenue Colony-Shivajinagar, Pune - IITM",18.5301,73.8496,Commercial / Educational Urban Core,195712757,trunk,Dr. Rajendra Prasad Path,3,yes,,,no,no,2,44.56,341.73,STATIC_ROAD_NETWORK
11613,"Revenue Colony-Shivajinagar, Pune - IITM",18.5301,73.8496,Commercial / Educational Urban Core,198565129,primary,Ganeshkhind Road,2,yes,,asphalt,no,no,20,531.97,1384.24,STATIC_ROAD_NETWORK
11613,"Revenue Colony-Shivajinagar, Pune - IITM",18.5301,73.8496,Commercial / Educational Urban Core,198565137,primary,Bharatratna Atal Bihari Vajpayee Flyover,2,yes,30,asphalt,no,no,4,284.02,242.02,STATIC_ROAD_NETWORK
11613,"Revenue Colony-Shivajinagar, Pune - IITM",18.5301,73.8496,Commercial / Educational Urban Core,198565138,primary,Bharatratna Atal Bihari Vajpayee Flyover,2,yes,30,asphalt,no,no,3,229.51,298.17,STATIC_ROAD_NETWORK
11613,"Revenue Colony-Shivajinagar, Pune - IITM",18.5301,73.8496,Commercial / Educational Urban Core,198565141,primary,Ganeshkhind Road,2,yes,,asphalt,no,no,8,205.87,548.46,STATIC_ROAD_NETWORK
11613,"Revenue Colony-Shivajinagar, Pune - IITM",18.5301,73.8496,Commercial / Educational Urban Core,198565142,primary,Ganeshkhind Road,2,yes,,asphalt,no,no,10,287.92,258.91,STATIC_ROAD_NETWORK
11613,"Revenue Colony-Shivajinagar, Pune - IITM",18.5301,73.8496,Commercial / Educational Urban Core,198565144,primary,Ganeshkhind Road,2,yes,,asphalt,no,no,6,233.14,1370.94,STATIC_ROAD_NETWORK
11613,"Revenue Colony-Shivajinagar, Pune - IITM",18.5301,73.8496,Commercial / Educational Urban Core,198565148,primary,K. B. Joshi Path,1,no,,,no,no,8,369.79,472.82,STATIC_ROAD_NETWORK
11613,"Revenue Colony-Shivajinagar, Pune - IITM",18.5301,73.8496,Commercial / Educational Urban Core,206994685,trunk,Old Pune–Mumbai Highway,2,yes,,,no,no,5,61.75,364.99,STATIC_ROAD_NETWORK
11613,"Revenue Colony-Shivajinagar, Pune - IITM",18.5301,73.8496,Commercial / Educational Urban Core,206994687,trunk,Old Pune–Mumbai Highway,1,yes,,,no,no,3,34.58,546.71,STATIC_ROAD_NETWORK
11613,"Revenue Colony-Shivajinagar, Pune - IITM",18.5301,73.8496,Commercial / Educational Urban Core,206994688,trunk,New Sangam Bridge,2,yes,,,yes,no,2,211.19,1065.84,STATIC_ROAD_NETWORK
11613,"Revenue Colony-Shivajinagar, Pune - IITM",18.5301,73.8496,Commercial / Educational Urban Core,206994689,trunk,New Sangam Bridge,2,yes,,,yes,no,2,210.82,1066.07,STATIC_ROAD_NETWORK
11613,"Revenue Colony-Shivajinagar, Pune - IITM",18.5301,73.8496,Commercial / Educational Urban Core,206994692,residential,Bankimchandra Chatopadhyay Path,1,yes,,,no,no,10,156.9,379.76,STATIC_ROAD_NETWORK
11613,"Revenue Colony-Shivajinagar, Pune - IITM",18.5301,73.8496,Commercial / Educational Urban Core,206994695,trunk,Raja Bahadur Mill Marg,2,yes,,,no,no,3,70.35,1276.86,STATIC_ROAD_NETWORK
11613,"Revenue Colony-Shivajinagar, Pune - IITM",18.5301,73.8496,Commercial / Educational Urban Core,206994696,trunk,Unnamed,2,yes,,,no,no,3,25.62,1040.61,STATIC_ROAD_NETWORK
11613,"Revenue Colony-Shivajinagar, Pune - IITM",18.5301,73.8496,Commercial / Educational Urban Core,206994701,trunk,Unnamed,2,yes,,,no,no,4,27.51,1040.61,STATIC_ROAD_NETWORK
11613,"Revenue Colony-Shivajinagar, Pune - IITM",18.5301,73.8496,Commercial / Educational Urban Core,208004768,primary,Sangamwadi Bridge,2,yes,,asphalt,yes,no,6,367.02,521.4,STATIC_ROAD_NETWORK
11613,"Revenue Colony-Shivajinagar, Pune - IITM",18.5301,73.8496,Commercial / Educational Urban Core,208004773,trunk,Old Pune–Mumbai Highway,3,yes,40,,no,no,16,734.52,1405.76,STATIC_ROAD_NETWORK
11613,"Revenue Colony-Shivajinagar, Pune - IITM",18.5301,73.8496,Commercial / Educational Urban Core,208099366,primary,Bankimchandra Chatopadhyay Path Underpass,3,yes,50,concrete,no,yes,2,53.54,337.34,STATIC_ROAD_NETWORK
11613,"Revenue Colony-Shivajinagar, Pune - IITM",18.5301,73.8496,Commercial / Educational Urban Core,208099367,trunk_link,Old Pune–Mumbai Highway,2,yes,,,no,no,15,418.05,464.27,STATIC_ROAD_NETWORK
11613,"Revenue Colony-Shivajinagar, Pune - IITM",18.5301,73.8496,Commercial / Educational Urban Core,209063115,residential,Keshav Ramchandra Kanitkar Path,1,no,,,no,no,5,98.21,1492.16,STATIC_ROAD_NETWORK
11613,"Revenue Colony-Shivajinagar, Pune - IITM",18.5301,73.8496,Commercial / Educational Urban Core,209063149,residential,Keshav Ramchandra Kanitkar Path,1,no,,,no,no,3,85.52,1375.82,STATIC_ROAD_NETWORK
11613,"Revenue Colony-Shivajinagar, Pune - IITM",18.5301,73.8496,Commercial / Educational Urban Core,210212218,residential,Unnamed,1,no,,,no,no,6,152.39,822.06,STATIC_ROAD_NETWORK
11613,"Revenue Colony-Shivajinagar, Pune - IITM",18.5301,73.8496,Commercial / Educational Urban Core,210212219,residential,Bhikoba Bhivaji Gajmal Path,1,no,,,no,no,3,127.79,1044.16,STATIC_ROAD_NETWORK
11613,"Revenue Colony-Shivajinagar, Pune - IITM",18.5301,73.8496,Commercial / Educational Urban Core,210212220,secondary,Unnamed,1,no,,,no,no,34,72.83,1272.55,STATIC_ROAD_NETWORK
11613,"Revenue Colony-Shivajinagar, Pune - IITM",18.5301,73.8496,Commercial / Educational Urban Core,210212221,residential,Unnamed,1,no,,,no,no,21,468.22,1294.61,STATIC_ROAD_NETWORK
11613,"Revenue Colony-Shivajinagar, Pune - IITM",18.5301,73.8496,Commercial / Educational Urban Core,210212222,residential,Unnamed,1,no,,,no,no,2,108.86,819.99,STATIC_ROAD_NETWORK
11613,"Revenue Colony-Shivajinagar, Pune - IITM",18.5301,73.8496,Commercial / Educational Urban Core,210212229,residential,Unnamed,1,no,,,no,no,2,132.76,1402.05,STATIC_ROAD_NETWORK
11613,"Revenue Colony-Shivajinagar, Pune - IITM",18.5301,73.8496,Commercial / Educational Urban Core,210212237,residential,Unnamed,1,no,,,no,no,3,75.0,969.25,STATIC_ROAD_NETWORK
11613,"Revenue Colony-Shivajinagar, Pune - IITM",18.5301,73.8496,Commercial / Educational Urban Core,210212242,residential,Unnamed,1,no,,,no,no,2,78.29,765.83,STATIC_ROAD_NETWORK
11613,"Revenue Colony-Shivajinagar, Pune - IITM",18.5301,73.8496,Commercial / Educational Urban Core,210212253,tertiary,Baba Maharaj Sahasrabuddhe Path,1,yes,,,no,no,27,720.77,899.64,STATIC_ROAD_NETWORK
11613,"Revenue Colony-Shivajinagar, Pune - IITM",18.5301,73.8496,Commercial / Educational Urban Core,210212255,residential,Unnamed,1,no,,,no,no,3,362.13,1417.74,STATIC_ROAD_NETWORK
11613,"Revenue Colony-Shivajinagar, Pune - IITM",18.5301,73.8496,Commercial / Educational Urban Core,210212258,residential,Mamasaheb Chitale Path,1,no,,,no,no,4,133.88,1195.43,STATIC_ROAD_NETWORK
11613,"Revenue Colony-Shivajinagar, Pune - IITM",18.5301,73.8496,Commercial / Educational Urban Core,210212260,residential,Unnamed,1,no,,,no,no,3,134.75,983.01,STATIC_ROAD_NETWORK
11613,"Revenue Colony-Shivajinagar, Pune - IITM",18.5301,73.8496,Commercial / Educational Urban Core,210212277,tertiary,Unnamed,1,yes,,,no,no,10,363.61,1412.37,STATIC_ROAD_NETWORK
11613,"Revenue Colony-Shivajinagar, Pune - IITM",18.5301,73.8496,Commercial / Educational Urban Core,210212279,residential,Unnamed,1,no,,,no,no,8,144.42,951.92,STATIC_ROAD_NETWORK
11613,"Revenue Colony-Shivajinagar, Pune - IITM",18.5301,73.8496,Commercial / Educational Urban Core,210212283,residential,Unnamed,1,no,,,no,no,6,178.88,1116.63,STATIC_ROAD_NETWORK
11613,"Revenue Colony-Shivajinagar, Pune - IITM",18.5301,73.8496,Commercial / Educational Urban Core,210212286,residential,Unnamed,1,no,,,no,no,10,594.03,973.68,STATIC_ROAD_NETWORK
11613,"Revenue Colony-Shivajinagar, Pune - IITM",18.5301,73.8496,Commercial / Educational Urban Core,211082517,tertiary,Unnamed,1,yes,,,no,no,4,27.41,890.22,STATIC_ROAD_NETWORK
11613,"Revenue Colony-Shivajinagar, Pune - IITM",18.5301,73.8496,Commercial / Educational Urban Core,211082524,residential,Unnamed,1,no,,,no,no,18,333.91,473.86,STATIC_ROAD_NETWORK
11613,"Revenue Colony-Shivajinagar, Pune - IITM",18.5301,73.8496,Commercial / Educational Urban Core,211082525,residential,Unnamed,1,no,,,no,no,2,76.2,801.43,STATIC_ROAD_NETWORK
11613,"Revenue Colony-Shivajinagar, Pune - IITM",18.5301,73.8496,Commercial / Educational Urban Core,211082530,residential,Baburao Bapuji Shelke Path,1,no,,,no,no,4,117.66,983.67,STATIC_ROAD_NETWORK
11613,"Revenue Colony-Shivajinagar, Pune - IITM",18.5301,73.8496,Commercial / Educational Urban Core,211082531,residential,Unnamed,1,no,,,no,no,2,80.42,1073.74,STATIC_ROAD_NETWORK
11613,"Revenue Colony-Shivajinagar, Pune - IITM",18.5301,73.8496,Commercial / Educational Urban Core,211082549,residential,Unnamed,1,no,,,no,no,3,86.48,1025.4,STATIC_ROAD_NETWORK
11613,"Revenue Colony-Shivajinagar, Pune - IITM",18.5301,73.8496,Commercial / Educational Urban Core,211082551,residential,Unnamed,1,no,,,no,no,3,143.97,673.09,STATIC_ROAD_NETWORK
11613,"Revenue Colony-Shivajinagar, Pune - IITM",18.5301,73.8496,Commercial / Educational Urban Core,211082556,residential,Unnamed,1,no,,asphalt,no,no,3,132.26,968.53,STATIC_ROAD_NETWORK
11613,"Revenue Colony-Shivajinagar, Pune - IITM",18.5301,73.8496,Commercial / Educational Urban Core,211082557,residential,Unnamed,1,no,,,no,no,3,89.58,1024.45,STATIC_ROAD_NETWORK
11613,"Revenue Colony-Shivajinagar, Pune - IITM",18.5301,73.8496,Commercial / Educational Urban Core,211082559,residential,Unnamed,1,no,,,no,no,2,44.14,1116.99,STATIC_ROAD_NETWORK
11613,"Revenue Colony-Shivajinagar, Pune - IITM",18.5301,73.8496,Commercial / Educational Urban Core,211082570,residential,Dadasaheb Joglekar Path,1,no,,,no,no,4,193.94,663.72,STATIC_ROAD_NETWORK
11613,"Revenue Colony-Shivajinagar, Pune - IITM",18.5301,73.8496,Commercial / Educational Urban Core,211082574,residential,Vaman Malhar Joshi Marg,1,no,,,no,no,6,253.87,732.47,STATIC_ROAD_NETWORK
11613,"Revenue Colony-Shivajinagar, Pune - IITM",18.5301,73.8496,Commercial / Educational Urban Core,211082575,residential,Unnamed,1,no,,,no,no,6,117.51,545.37,STATIC_ROAD_NETWORK
11613,"Revenue Colony-Shivajinagar, Pune - IITM",18.5301,73.8496,Commercial / Educational Urban Core,211082579,residential,Vasantrao Deshmukh Path,1,no,,,no,no,6,259.21,592.14,STATIC_ROAD_NETWORK
11613,"Revenue Colony-Shivajinagar, Pune - IITM",18.5301,73.8496,Commercial / Educational Urban Core,211082580,residential,Abdul Aziz Memon Path,1,no,,,no,no,11,363.07,731.78,STATIC_ROAD_NETWORK
11613,"Revenue Colony-Shivajinagar, Pune - IITM",18.5301,73.8496,Commercial / Educational Urban Core,215075303,tertiary,G. D. Madgulkar Bhuyari Marg,1,no,,,no,yes,2,27.26,724.22,STATIC_ROAD_NETWORK
11613,"Revenue Colony-Shivajinagar, Pune - IITM",18.5301,73.8496,Commercial / Educational Urban Core,215075304,tertiary,G. D. Madgulkar Bhuyari Marg,1,no,,,no,yes,2,18.9,740.19,STATIC_ROAD_NETWORK
11613,"Revenue Colony-Shivajinagar, Pune - IITM",18.5301,73.8496,Commercial / Educational Urban Core,215075305,tertiary,G. D. Madgulkar Bhuyari Marg,1,no,,,no,no,2,97.99,653.68,STATIC_ROAD_NETWORK
11613,"Revenue Colony-Shivajinagar, Pune - IITM",18.5301,73.8496,Commercial / Educational Urban Core,215075306,tertiary,G. D. Madgulkar Bhuyari Marg,1,no,,,no,yes,3,32.23,751.67,STATIC_ROAD_NETWORK
11613,"Revenue Colony-Shivajinagar, Pune - IITM",18.5301,73.8496,Commercial / Educational Urban Core,215075319,tertiary,G. D. Madgulkar Bhuyari Marg,1,yes,,,no,no,2,69.85,681.4,STATIC_ROAD_NETWORK
11613,"Revenue Colony-Shivajinagar, Pune - IITM",18.5301,73.8496,Commercial / Educational Urban Core,215075320,tertiary,G. D. Madgulkar Bhuyari Marg,1,yes,,,no,no,2,11.09,858.01,STATIC_ROAD_NETWORK
11613,"Revenue Colony-Shivajinagar, Pune - IITM",18.5301,73.8496,Commercial / Educational Urban Core,215075321,tertiary,G. D. Madgulkar Bhuyari Marg,1,yes,,,no,no,2,12.25,858.58,STATIC_ROAD_NETWORK
11613,"Revenue Colony-Shivajinagar, Pune - IITM",18.5301,73.8496,Commercial / Educational Urban Core,215075322,tertiary,Unnamed,1,yes,,,no,no,2,17.98,869.1,STATIC_ROAD_NETWORK
11613,"Revenue Colony-Shivajinagar, Pune - IITM",18.5301,73.8496,Commercial / Educational Urban Core,215075323,tertiary,Unnamed,1,yes,,,no,no,2,12.91,675.21,STATIC_ROAD_NETWORK
11613,"Revenue Colony-Shivajinagar, Pune - IITM",18.5301,73.8496,Commercial / Educational Urban Core,215075324,tertiary,G. D. Madgulkar Bhuyari Marg,1,yes,,,no,no,2,66.54,694.57,STATIC_ROAD_NETWORK
11613,"Revenue Colony-Shivajinagar, Pune - IITM",18.5301,73.8496,Commercial / Educational Urban Core,215075327,tertiary,Unnamed,1,yes,,,no,no,2,11.24,676.0,STATIC_ROAD_NETWORK
11613,"Revenue Colony-Shivajinagar, Pune - IITM",18.5301,73.8496,Commercial / Educational Urban Core,215075328,tertiary,G. D. Madgulkar Bhuyari Marg,1,yes,,,no,no,2,7.25,688.09,STATIC_ROAD_NETWORK
11613,"Revenue Colony-Shivajinagar, Pune - IITM",18.5301,73.8496,Commercial / Educational Urban Core,215075330,tertiary,Unnamed,1,yes,,,no,no,2,11.65,870.82,STATIC_ROAD_NETWORK
11613,"Revenue Colony-Shivajinagar, Pune - IITM",18.5301,73.8496,Commercial / Educational Urban Core,215075331,tertiary,G. D. Madgulkar Bhuyari Marg,1,yes,,,no,yes,4,26.3,745.31,STATIC_ROAD_NETWORK
11613,"Revenue Colony-Shivajinagar, Pune - IITM",18.5301,73.8496,Commercial / Educational Urban Core,215075332,tertiary,G. D. Madgulkar Bhuyari Marg,1,yes,,,no,yes,4,27.93,754.75,STATIC_ROAD_NETWORK
11613,"Revenue Colony-Shivajinagar, Pune - IITM",18.5301,73.8496,Commercial / Educational Urban Core,215075333,tertiary,G. D. Madgulkar Bhuyari Marg,1,yes,,,no,no,4,81.74,780.45,STATIC_ROAD_NETWORK
11613,"Revenue Colony-Shivajinagar, Pune - IITM",18.5301,73.8496,Commercial / Educational Urban Core,215075334,tertiary,G. D. Madgulkar Bhuyari Marg,1,yes,,,no,no,5,91.58,769.64,STATIC_ROAD_NETWORK
11613,"Revenue Colony-Shivajinagar, Pune - IITM",18.5301,73.8496,Commercial / Educational Urban Core,215075335,tertiary,Unnamed,1,yes,,,no,no,7,201.95,681.4,STATIC_ROAD_NETWORK
11613,"Revenue Colony-Shivajinagar, Pune - IITM",18.5301,73.8496,Commercial / Educational Urban Core,215075336,tertiary,Unnamed,1,yes,,,no,no,11,195.51,688.09,STATIC_ROAD_NETWORK
11613,"Revenue Colony-Shivajinagar, Pune - IITM",18.5301,73.8496,Commercial / Educational Urban Core,215732202,residential,Indraprastha Road,1,no,,,no,no,3,100.93,1322.46,STATIC_ROAD_NETWORK
11613,"Revenue Colony-Shivajinagar, Pune - IITM",18.5301,73.8496,Commercial / Educational Urban Core,215732214,residential,Unnamed,1,no,,,no,no,2,133.99,1108.65,STATIC_ROAD_NETWORK
11613,"Revenue Colony-Shivajinagar, Pune - IITM",18.5301,73.8496,Commercial / Educational Urban Core,215732224,residential,Unnamed,1,no,,,no,no,2,45.98,1143.62,STATIC_ROAD_NETWORK
11613,"Revenue Colony-Shivajinagar, Pune - IITM",18.5301,73.8496,Commercial / Educational Urban Core,215732228,residential,Unnamed,1,no,,,no,no,2,41.45,1245.89,STATIC_ROAD_NETWORK
11613,"Revenue Colony-Shivajinagar, Pune - IITM",18.5301,73.8496,Commercial / Educational Urban Core,215732232,residential,Unnamed,1,no,,,no,no,4,87.91,1022.16,STATIC_ROAD_NETWORK
11613,"Revenue Colony-Shivajinagar, Pune - IITM",18.5301,73.8496,Commercial / Educational Urban Core,215732238,residential,Unnamed,1,no,,,no,no,2,109.56,1402.05,STATIC_ROAD_NETWORK
11613,"Revenue Colony-Shivajinagar, Pune - IITM",18.5301,73.8496,Commercial / Educational Urban Core,215732243,residential,Unnamed,1,no,,,no,no,3,88.64,1434.82,STATIC_ROAD_NETWORK
11613,"Revenue Colony-Shivajinagar, Pune - IITM",18.5301,73.8496,Commercial / Educational Urban Core,215732254,residential,Unnamed,1,no,,,no,no,2,71.44,1152.21,STATIC_ROAD_NETWORK
11613,"Revenue Colony-Shivajinagar, Pune - IITM",18.5301,73.8496,Commercial / Educational Urban Core,215732257,residential,Vivek Ghatpande Marg,1,no,,,no,no,2,77.43,1415.58,STATIC_ROAD_NETWORK
11613,"Revenue Colony-Shivajinagar, Pune - IITM",18.5301,73.8496,Commercial / Educational Urban Core,215732271,residential,Unnamed,1,no,,,no,no,3,56.93,876.37,STATIC_ROAD_NETWORK
11613,"Revenue Colony-Shivajinagar, Pune - IITM",18.5301,73.8496,Commercial / Educational Urban Core,215732272,residential,Unnamed,1,no,,,no,no,2,49.87,1249.23,STATIC_ROAD_NETWORK
11613,"Revenue Colony-Shivajinagar, Pune - IITM",18.5301,73.8496,Commercial / Educational Urban Core,215732275,residential,Unnamed,1,no,,,no,no,3,80.5,1222.73,STATIC_ROAD_NETWORK
11613,"Revenue Colony-Shivajinagar, Pune - IITM",18.5301,73.8496,Commercial / Educational Urban Core,215732281,residential,Unnamed,1,no,,,no,no,3,72.17,1128.8,STATIC_ROAD_NETWORK
11613,"Revenue Colony-Shivajinagar, Pune - IITM",18.5301,73.8496,Commercial / Educational Urban Core,215732283,residential,Unnamed,1,no,,,no,no,3,108.96,1112.01,STATIC_ROAD_NETWORK
11613,"Revenue Colony-Shivajinagar, Pune - IITM",18.5301,73.8496,Commercial / Educational Urban Core,215732288,residential,Unnamed,1,no,,,no,no,3,163.28,546.33,STATIC_ROAD_NETWORK
11613,"Revenue Colony-Shivajinagar, Pune - IITM",18.5301,73.8496,Commercial / Educational Urban Core,215732291,residential,Unnamed,1,no,,,no,no,3,153.68,516.93,STATIC_ROAD_NETWORK
11613,"Revenue Colony-Shivajinagar, Pune - IITM",18.5301,73.8496,Commercial / Educational Urban Core,215732299,residential,Unnamed,1,no,,,no,no,3,61.34,1192.28,STATIC_ROAD_NETWORK
11613,"Revenue Colony-Shivajinagar, Pune - IITM",18.5301,73.8496,Commercial / Educational Urban Core,215732320,residential,Unnamed,1,no,,,no,no,10,512.46,407.32,STATIC_ROAD_NETWORK
11613,"Revenue Colony-Shivajinagar, Pune - IITM",18.5301,73.8496,Commercial / Educational Urban Core,215804392,primary,Bankimchandra Chatopadhyay Path Underpass,1,yes,,,no,no,2,113.0,390.83,STATIC_ROAD_NETWORK
11613,"Revenue Colony-Shivajinagar, Pune - IITM",18.5301,73.8496,Commercial / Educational Urban Core,215804396,residential,Unnamed,1,no,,,no,no,2,85.63,567.24,STATIC_ROAD_NETWORK
11613,"Revenue Colony-Shivajinagar, Pune - IITM",18.5301,73.8496,Commercial / Educational Urban Core,215804399,primary,Bankimchandra Chatopadhyay Path Underpass,1,yes,,asphalt,no,no,2,125.17,212.43,STATIC_ROAD_NETWORK
11613,"Revenue Colony-Shivajinagar, Pune - IITM",18.5301,73.8496,Commercial / Educational Urban Core,215804403,residential,Unnamed,1,no,,,no,no,2,88.88,1217.72,STATIC_ROAD_NETWORK
11613,"Revenue Colony-Shivajinagar, Pune - IITM",18.5301,73.8496,Commercial / Educational Urban Core,215804407,residential,Unnamed,1,no,,,no,no,6,197.53,832.34,STATIC_ROAD_NETWORK
11613,"Revenue Colony-Shivajinagar, Pune - IITM",18.5301,73.8496,Commercial / Educational Urban Core,215804410,residential,Unnamed,1,no,,,no,no,3,62.16,639.02,STATIC_ROAD_NETWORK
11613,"Revenue Colony-Shivajinagar, Pune - IITM",18.5301,73.8496,Commercial / Educational Urban Core,215804411,residential,Unnamed,1,no,,,no,no,2,57.86,615.47,STATIC_ROAD_NETWORK
11613,"Revenue Colony-Shivajinagar, Pune - IITM",18.5301,73.8496,Commercial / Educational Urban Core,215804412,residential,Unnamed,1,no,,,no,no,2,106.99,383.35,STATIC_ROAD_NETWORK
11613,"Revenue Colony-Shivajinagar, Pune - IITM",18.5301,73.8496,Commercial / Educational Urban Core,215804414,residential,Unnamed,1,no,,,no,no,3,98.57,315.14,STATIC_ROAD_NETWORK
11613,"Revenue Colony-Shivajinagar, Pune - IITM",18.5301,73.8496,Commercial / Educational Urban Core,215804418,residential,Unnamed,1,no,,,no,no,2,74.04,1102.46,STATIC_ROAD_NETWORK
11613,"Revenue Colony-Shivajinagar, Pune - IITM",18.5301,73.8496,Commercial / Educational Urban Core,215804422,residential,Unnamed,1,no,,,no,no,2,55.6,756.33,STATIC_ROAD_NETWORK
11613,"Revenue Colony-Shivajinagar, Pune - IITM",18.5301,73.8496,Commercial / Educational Urban Core,215804423,residential,Unnamed,1,no,,,no,no,2,226.9,247.02,STATIC_ROAD_NETWORK
11613,"Revenue Colony-Shivajinagar, Pune - IITM",18.5301,73.8496,Commercial / Educational Urban Core,215804425,residential,Unnamed,1,no,,,no,no,2,119.65,530.06,STATIC_ROAD_NETWORK
11613,"Revenue Colony-Shivajinagar, Pune - IITM",18.5301,73.8496,Commercial / Educational Urban Core,215804433,residential,Unnamed,1,no,,,no,no,2,111.52,530.64,STATIC_ROAD_NETWORK
11613,"Revenue Colony-Shivajinagar, Pune - IITM",18.5301,73.8496,Commercial / Educational Urban Core,215804435,residential,Unnamed,1,no,,,no,no,4,124.97,417.1,STATIC_ROAD_NETWORK
11613,"Revenue Colony-Shivajinagar, Pune - IITM",18.5301,73.8496,Commercial / Educational Urban Core,215804438,residential,Unnamed,1,no,,,no,no,3,140.11,666.26,STATIC_ROAD_NETWORK
11613,"Revenue Colony-Shivajinagar, Pune - IITM",18.5301,73.8496,Commercial / Educational Urban Core,215804439,residential,Unnamed,1,no,,,no,no,3,148.86,311.76,STATIC_ROAD_NETWORK
11613,"Revenue Colony-Shivajinagar, Pune - IITM",18.5301,73.8496,Commercial / Educational Urban Core,215804440,residential,Unnamed,1,no,,,no,no,3,145.92,688.87,STATIC_ROAD_NETWORK
11613,"Revenue Colony-Shivajinagar, Pune - IITM",18.5301,73.8496,Commercial / Educational Urban Core,215804441,residential,Unnamed,1,no,,,no,no,5,56.54,898.01,STATIC_ROAD_NETWORK
11613,"Revenue Colony-Shivajinagar, Pune - IITM",18.5301,73.8496,Commercial / Educational Urban Core,215804443,residential,Kushabhau Jejurikar Road,1,no,,,no,no,4,140.88,448.08,STATIC_ROAD_NETWORK
11613,"Revenue Colony-Shivajinagar, Pune - IITM",18.5301,73.8496,Commercial / Educational Urban Core,215804444,residential,Unnamed,1,no,,,no,no,3,114.05,645.43,STATIC_ROAD_NETWORK
11613,"Revenue Colony-Shivajinagar, Pune - IITM",18.5301,73.8496,Commercial / Educational Urban Core,215804445,residential,Unnamed,1,no,,,no,no,3,150.69,714.51,STATIC_ROAD_NETWORK
11613,"Revenue Colony-Shivajinagar, Pune - IITM",18.5301,73.8496,Commercial / Educational Urban Core,215804449,residential,Sitaram Laxman Kanase Path,1,no,,,no,no,3,119.72,747.43,STATIC_ROAD_NETWORK
11613,"Revenue Colony-Shivajinagar, Pune - IITM",18.5301,73.8496,Commercial / Educational Urban Core,215804450,residential,Unnamed,1,no,,,no,no,5,201.27,388.1,STATIC_ROAD_NETWORK
11613,"Revenue Colony-Shivajinagar, Pune - IITM",18.5301,73.8496,Commercial / Educational Urban Core,215804453,residential,Unnamed,1,no,,,no,no,11,354.48,121.29,STATIC_ROAD_NETWORK
11613,"Revenue Colony-Shivajinagar, Pune - IITM",18.5301,73.8496,Commercial / Educational Urban Core,215804454,residential,Unnamed,1,no,,,no,no,4,174.61,300.87,STATIC_ROAD_NETWORK
11613,"Revenue Colony-Shivajinagar, Pune - IITM",18.5301,73.8496,Commercial / Educational Urban Core,215804455,residential,Unnamed,1,no,,,no,no,3,130.23,1100.08,STATIC_ROAD_NETWORK
11613,"Revenue Colony-Shivajinagar, Pune - IITM",18.5301,73.8496,Commercial / Educational Urban Core,215804457,residential,Kushabhau Jejurikar Road,1,no,,,no,no,5,178.61,281.52,STATIC_ROAD_NETWORK
11613,"Revenue Colony-Shivajinagar, Pune - IITM",18.5301,73.8496,Commercial / Educational Urban Core,215804461,residential,Unnamed,1,no,,,no,no,5,119.8,766.31,STATIC_ROAD_NETWORK
11613,"Revenue Colony-Shivajinagar, Pune - IITM",18.5301,73.8496,Commercial / Educational Urban Core,215804462,residential,Unnamed,1,no,,,no,no,5,208.05,1161.57,STATIC_ROAD_NETWORK
11613,"Revenue Colony-Shivajinagar, Pune - IITM",18.5301,73.8496,Commercial / Educational Urban Core,215804469,residential,Unnamed,1,no,,,no,no,7,218.46,643.7,STATIC_ROAD_NETWORK
11613,"Revenue Colony-Shivajinagar, Pune - IITM",18.5301,73.8496,Commercial / Educational Urban Core,215804470,residential,Unnamed,1,no,,,no,no,7,178.82,382.08,STATIC_ROAD_NETWORK
11613,"Revenue Colony-Shivajinagar, Pune - IITM",18.5301,73.8496,Commercial / Educational Urban Core,215804472,residential,Unnamed,1,no,,,no,no,7,121.54,258.69,STATIC_ROAD_NETWORK
11613,"Revenue Colony-Shivajinagar, Pune - IITM",18.5301,73.8496,Commercial / Educational Urban Core,215804475,residential,Unnamed,1,no,,,no,no,9,125.64,645.43,STATIC_ROAD_NETWORK
11613,"Revenue Colony-Shivajinagar, Pune - IITM",18.5301,73.8496,Commercial / Educational Urban Core,215804479,residential,Kushabhau Jejurikar Road,1,yes,,,no,no,8,146.24,177.82,STATIC_ROAD_NETWORK
11613,"Revenue Colony-Shivajinagar, Pune - IITM",18.5301,73.8496,Commercial / Educational Urban Core,215804480,residential,Unnamed,1,no,,,no,no,7,212.19,606.48,STATIC_ROAD_NETWORK
11613,"Revenue Colony-Shivajinagar, Pune - IITM",18.5301,73.8496,Commercial / Educational Urban Core,215804482,residential,Unnamed,1,no,,,no,no,7,325.33,349.63,STATIC_ROAD_NETWORK
11613,"Revenue Colony-Shivajinagar, Pune - IITM",18.5301,73.8496,Commercial / Educational Urban Core,216506269,primary,Congress Bhavan Path,1,yes,,,no,no,11,92.02,844.4,STATIC_ROAD_NETWORK
11613,"Revenue Colony-Shivajinagar, Pune - IITM",18.5301,73.8496,Commercial / Educational Urban Core,216506270,secondary,Dengle Bridge,1,yes,,,yes,no,2,158.12,957.48,STATIC_ROAD_NETWORK
11613,"Revenue Colony-Shivajinagar, Pune - IITM",18.5301,73.8496,Commercial / Educational Urban Core,216506271,secondary,Veer Santaji Ghorpade Marg,3,yes,,,no,no,13,379.04,1104.85,STATIC_ROAD_NETWORK
11613,"Revenue Colony-Shivajinagar, Pune - IITM",18.5301,73.8496,Commercial / Educational Urban Core,216506272,secondary,Veer Santaji Ghorpade Road,3,yes,,,no,no,21,323.4,1261.56,STATIC_ROAD_NETWORK
11613,"Revenue Colony-Shivajinagar, Pune - IITM",18.5301,73.8496,Commercial / Educational Urban Core,216506273,tertiary,Maharshi Vitthal Ramji Shinde Bridge,1,yes,,,yes,no,2,198.58,916.07,STATIC_ROAD_NETWORK
11613,"Revenue Colony-Shivajinagar, Pune - IITM",18.5301,73.8496,Commercial / Educational Urban Core,216506281,tertiary,Chimaji Appa Peshwe Chowk,1,yes,,,no,no,33,78.53,1140.01,STATIC_ROAD_NETWORK
11613,"Revenue Colony-Shivajinagar, Pune - IITM",18.5301,73.8496,Commercial / Educational Urban Core,216506285,tertiary,Maharshi Vitthal Ramji Shinde Bridge,1,yes,,,no,no,3,31.28,1111.22,STATIC_ROAD_NETWORK
11613,"Revenue Colony-Shivajinagar, Pune - IITM",18.5301,73.8496,Commercial / Educational Urban Core,216506286,primary,Unnamed,1,yes,,,no,no,2,11.66,1472.72,STATIC_ROAD_NETWORK
11613,"Revenue Colony-Shivajinagar, Pune - IITM",18.5301,73.8496,Commercial / Educational Urban Core,216506288,residential,Unnamed,1,no,,,no,no,3,77.85,867.64,STATIC_ROAD_NETWORK
11613,"Revenue Colony-Shivajinagar, Pune - IITM",18.5301,73.8496,Commercial / Educational Urban Core,216506290,tertiary,Maharshi Vitthal Ramji Shinde Bridge,1,yes,,,no,no,8,63.26,853.75,STATIC_ROAD_NETWORK
11613,"Revenue Colony-Shivajinagar, Pune - IITM",18.5301,73.8496,Commercial / Educational Urban Core,217271036,primary,Kamgar Putala,1,yes,,,no,no,23,57.71,862.87,STATIC_ROAD_NETWORK
11613,"Revenue Colony-Shivajinagar, Pune - IITM",18.5301,73.8496,Commercial / Educational Urban Core,217278794,residential,Unnamed,1,no,,,no,no,3,49.19,338.58,STATIC_ROAD_NETWORK
11613,"Revenue Colony-Shivajinagar, Pune - IITM",18.5301,73.8496,Commercial / Educational Urban Core,217278812,residential,Thube Park Road,1,no,,,no,no,2,86.67,235.13,STATIC_ROAD_NETWORK
11613,"Revenue Colony-Shivajinagar, Pune - IITM",18.5301,73.8496,Commercial / Educational Urban Core,217278828,residential,Unnamed,1,no,,,no,no,2,41.52,1093.06,STATIC_ROAD_NETWORK
11613,"Revenue Colony-Shivajinagar, Pune - IITM",18.5301,73.8496,Commercial / Educational Urban Core,217278837,residential,Unnamed,1,no,,,no,no,6,99.41,341.26,STATIC_ROAD_NETWORK
11613,"Revenue Colony-Shivajinagar, Pune - IITM",18.5301,73.8496,Commercial / Educational Urban Core,217278840,residential,Unnamed,1,no,,,no,no,14,254.02,651.19,STATIC_ROAD_NETWORK
11613,"Revenue Colony-Shivajinagar, Pune - IITM",18.5301,73.8496,Commercial / Educational Urban Core,217278860,residential,Unnamed,1,no,,,no,no,11,429.64,394.24,STATIC_ROAD_NETWORK
11613,"Revenue Colony-Shivajinagar, Pune - IITM",18.5301,73.8496,Commercial / Educational Urban Core,217278867,residential,Thube Park Road,1,no,,,no,no,3,141.62,190.33,STATIC_ROAD_NETWORK
11613,"Revenue Colony-Shivajinagar, Pune - IITM",18.5301,73.8496,Commercial / Educational Urban Core,217278869,residential,Unnamed,1,no,,,no,no,5,126.7,878.99,STATIC_ROAD_NETWORK
11613,"Revenue Colony-Shivajinagar, Pune - IITM",18.5301,73.8496,Commercial / Educational Urban Core,217278875,residential,Unnamed,1,no,,,no,no,8,163.62,337.38,STATIC_ROAD_NETWORK
11613,"Revenue Colony-Shivajinagar, Pune - IITM",18.5301,73.8496,Commercial / Educational Urban Core,217278881,residential,Unnamed,1,no,,,no,no,15,480.43,1403.42,STATIC_ROAD_NETWORK
11613,"Revenue Colony-Shivajinagar, Pune - IITM",18.5301,73.8496,Commercial / Educational Urban Core,217384614,residential,Unnamed,1,no,,,no,no,4,95.77,1133.56,STATIC_ROAD_NETWORK
11613,"Revenue Colony-Shivajinagar, Pune - IITM",18.5301,73.8496,Commercial / Educational Urban Core,217389453,residential,Unnamed,1,no,,,no,no,6,132.96,1497.88,STATIC_ROAD_NETWORK
11613,"Revenue Colony-Shivajinagar, Pune - IITM",18.5301,73.8496,Commercial / Educational Urban Core,217393363,residential,Hemant Pawar Road,1,no,,,yes,no,2,27.7,1408.13,STATIC_ROAD_NETWORK
11613,"Revenue Colony-Shivajinagar, Pune - IITM",18.5301,73.8496,Commercial / Educational Urban Core,217393364,residential,Hemant Pawar Road,1,no,,,no,no,5,196.22,1430.76,STATIC_ROAD_NETWORK
11613,"Revenue Colony-Shivajinagar, Pune - IITM",18.5301,73.8496,Commercial / Educational Urban Core,217431357,primary,Jangli Maharaj Path,4,yes,,asphalt,no,no,37,908.51,885.06,STATIC_ROAD_NETWORK
11613,"Revenue Colony-Shivajinagar, Pune - IITM",18.5301,73.8496,Commercial / Educational Urban Core,217431380,residential,Unnamed,1,no,,,no,no,5,170.06,1332.03,STATIC_ROAD_NETWORK
11613,"Revenue Colony-Shivajinagar, Pune - IITM",18.5301,73.8496,Commercial / Educational Urban Core,217431381,residential,Unnamed,1,no,,,no,no,5,38.58,1498.39,STATIC_ROAD_NETWORK
11613,"Revenue Colony-Shivajinagar, Pune - IITM",18.5301,73.8496,Commercial / Educational Urban Core,217431384,residential,Unnamed,1,no,,,no,no,9,83.82,1326.38,STATIC_ROAD_NETWORK
11613,"Revenue Colony-Shivajinagar, Pune - IITM",18.5301,73.8496,Commercial / Educational Urban Core,217773647,residential,Audumbar Ali,1,no,,,no,no,5,118.31,1422.64,STATIC_ROAD_NETWORK
11613,"Revenue Colony-Shivajinagar, Pune - IITM",18.5301,73.8496,Commercial / Educational Urban Core,217773652,residential,Raja Thakur Path,1,no,,,no,no,13,264.52,1323.25,STATIC_ROAD_NETWORK
11613,"Revenue Colony-Shivajinagar, Pune - IITM",18.5301,73.8496,Commercial / Educational Urban Core,218059565,residential,Namdeo Raut Path,1,no,,,no,no,7,87.91,1207.52,STATIC_ROAD_NETWORK
11613,"Revenue Colony-Shivajinagar, Pune - IITM",18.5301,73.8496,Commercial / Educational Urban Core,218059583,residential,Unnamed,1,no,,,no,no,2,38.31,1183.77,STATIC_ROAD_NETWORK
11613,"Revenue Colony-Shivajinagar, Pune - IITM",18.5301,73.8496,Commercial / Educational Urban Core,218059588,residential,Unnamed,1,no,,,no,no,2,54.35,1239.9,STATIC_ROAD_NETWORK
11613,"Revenue Colony-Shivajinagar, Pune - IITM",18.5301,73.8496,Commercial / Educational Urban Core,218059590,living_street,Unnamed,1,no,,,no,no,4,62.53,1196.32,STATIC_ROAD_NETWORK
11613,"Revenue Colony-Shivajinagar, Pune - IITM",18.5301,73.8496,Commercial / Educational Urban Core,218059605,residential,Unnamed,1,no,,,no,no,2,30.44,1286.59,STATIC_ROAD_NETWORK
11613,"Revenue Colony-Shivajinagar, Pune - IITM",18.5301,73.8496,Commercial / Educational Urban Core,218059607,residential,Unnamed,1,no,,,no,no,4,104.95,1364.56,STATIC_ROAD_NETWORK
11613,"Revenue Colony-Shivajinagar, Pune - IITM",18.5301,73.8496,Commercial / Educational Urban Core,218059608,residential,Unnamed,1,no,,,no,no,9,134.91,1437.67,STATIC_ROAD_NETWORK
11613,"Revenue Colony-Shivajinagar, Pune - IITM",18.5301,73.8496,Commercial / Educational Urban Core,218059612,residential,Unnamed,1,no,,,no,no,4,100.17,1344.64,STATIC_ROAD_NETWORK
11613,"Revenue Colony-Shivajinagar, Pune - IITM",18.5301,73.8496,Commercial / Educational Urban Core,218059613,residential,Unnamed,1,no,,,no,no,5,56.85,1330.06,STATIC_ROAD_NETWORK
11613,"Revenue Colony-Shivajinagar, Pune - IITM",18.5301,73.8496,Commercial / Educational Urban Core,218059617,residential,Unnamed,1,no,,,no,no,6,199.88,1392.71,STATIC_ROAD_NETWORK
11613,"Revenue Colony-Shivajinagar, Pune - IITM",18.5301,73.8496,Commercial / Educational Urban Core,218059622,living_street,Unnamed,1,no,,,no,no,5,75.66,1251.24,STATIC_ROAD_NETWORK
11613,"Revenue Colony-Shivajinagar, Pune - IITM",18.5301,73.8496,Commercial / Educational Urban Core,218059626,residential,Unnamed,1,no,,,no,no,15,314.85,1429.31,STATIC_ROAD_NETWORK
11613,"Revenue Colony-Shivajinagar, Pune - IITM",18.5301,73.8496,Commercial / Educational Urban Core,218405555,residential,Mamasaheb Pradhan Marg,1,no,,,no,no,2,97.73,685.61,STATIC_ROAD_NETWORK
11613,"Revenue Colony-Shivajinagar, Pune - IITM",18.5301,73.8496,Commercial / Educational Urban Core,218422388,residential,Unnamed,1,no,,,no,no,2,41.37,944.02,STATIC_ROAD_NETWORK
11613,"Revenue Colony-Shivajinagar, Pune - IITM",18.5301,73.8496,Commercial / Educational Urban Core,218422389,residential,Unnamed,1,no,,asphalt,no,no,9,358.55,941.92,STATIC_ROAD_NETWORK
11613,"Revenue Colony-Shivajinagar, Pune - IITM",18.5301,73.8496,Commercial / Educational Urban Core,218681352,secondary,Veer Santaji Ghorpade Marg,3,yes,,,no,no,15,266.05,1124.44,STATIC_ROAD_NETWORK
11613,"Revenue Colony-Shivajinagar, Pune - IITM",18.5301,73.8496,Commercial / Educational Urban Core,218681353,secondary,Veer Santaji Ghorpade Road,3,yes,,,no,no,18,372.58,1252.79,STATIC_ROAD_NETWORK
11613,"Revenue Colony-Shivajinagar, Pune - IITM",18.5301,73.8496,Commercial / Educational Urban Core,218681354,secondary,Veer Santaji Ghorpade Marg,3,yes,,,yes,no,2,66.78,1216.46,STATIC_ROAD_NETWORK
11613,"Revenue Colony-Shivajinagar, Pune - IITM",18.5301,73.8496,Commercial / Educational Urban Core,218681355,secondary,Veer Santaji Ghorpade Marg,3,yes,,,yes,no,2,67.16,1225.28,STATIC_ROAD_NETWORK
11613,"Revenue Colony-Shivajinagar, Pune - IITM",18.5301,73.8496,Commercial / Educational Urban Core,218881267,living_street,Unnamed,1,no,,,no,no,4,67.07,1500.93,STATIC_ROAD_NETWORK
11613,"Revenue Colony-Shivajinagar, Pune - IITM",18.5301,73.8496,Commercial / Educational Urban Core,219798475,tertiary,Appasaheb Bhagwat Path,1,no,,,no,no,15,426.45,1348.32,STATIC_ROAD_NETWORK
11613,"Revenue Colony-Shivajinagar, Pune - IITM",18.5301,73.8496,Commercial / Educational Urban Core,219798488,residential,Namdeo Raut Path,1,no,,,no,no,8,180.96,1266.06,STATIC_ROAD_NETWORK
11613,"Revenue Colony-Shivajinagar, Pune - IITM",18.5301,73.8496,Commercial / Educational Urban Core,219798492,tertiary,Shinde Paar Chowk,1,yes,,asphalt,no,no,33,57.19,1330.28,STATIC_ROAD_NETWORK
11613,"Revenue Colony-Shivajinagar, Pune - IITM",18.5301,73.8496,Commercial / Educational Urban Core,227095239,primary,Sangamwadi Bridge,2,yes,25,asphalt,yes,no,3,260.13,626.5,STATIC_ROAD_NETWORK
11613,"Revenue Colony-Shivajinagar, Pune - IITM",18.5301,73.8496,Commercial / Educational Urban Core,227095253,primary,Unnamed,1,yes,,asphalt,no,no,2,79.59,1007.31,STATIC_ROAD_NETWORK
11613,"Revenue Colony-Shivajinagar, Pune - IITM",18.5301,73.8496,Commercial / Educational Urban Core,229849144,primary,Gopal Krushna Gokhale Path,2,yes,,,no,no,12,376.2,548.25,STATIC_ROAD_NETWORK
11613,"Revenue Colony-Shivajinagar, Pune - IITM",18.5301,73.8496,Commercial / Educational Urban Core,229849145,primary,Gopal Krushna Gokhale Path,2,yes,,asphalt,no,no,8,269.04,593.07,STATIC_ROAD_NETWORK
11613,"Revenue Colony-Shivajinagar, Pune - IITM",18.5301,73.8496,Commercial / Educational Urban Core,229873837,tertiary,Gokhale Road,2,no,,asphalt,no,no,37,1157.81,869.58,STATIC_ROAD_NETWORK
11613,"Revenue Colony-Shivajinagar, Pune - IITM",18.5301,73.8496,Commercial / Educational Urban Core,229904828,trunk,Dr. Rajendra Prasad Path,3,yes,,,no,no,5,216.69,325.4,STATIC_ROAD_NETWORK
11613,"Revenue Colony-Shivajinagar, Pune - IITM",18.5301,73.8496,Commercial / Educational Urban Core,229904829,primary,Bankimchandra Chatopadhyay Path,4,yes,,asphalt,no,no,6,335.76,527.85,STATIC_ROAD_NETWORK
11613,"Revenue Colony-Shivajinagar, Pune - IITM",18.5301,73.8496,Commercial / Educational Urban Core,229970355,trunk,H. K. Firodia Bridge,2,yes,,,yes,no,2,39.09,411.77,STATIC_ROAD_NETWORK
11613,"Revenue Colony-Shivajinagar, Pune - IITM",18.5301,73.8496,Commercial / Educational Urban Core,229970356,trunk_link,Old Pune–Mumbai Highway,1,yes,,,no,no,5,28.8,546.71,STATIC_ROAD_NETWORK
11613,"Revenue Colony-Shivajinagar, Pune - IITM",18.5301,73.8496,Commercial / Educational Urban Core,229970357,trunk,Old Pune–Mumbai Highway,2,yes,,,no,no,7,105.92,436.91,STATIC_ROAD_NETWORK
11613,"Revenue Colony-Shivajinagar, Pune - IITM",18.5301,73.8496,Commercial / Educational Urban Core,229970360,trunk,Old Pune–Mumbai Highway,3,yes,,,no,no,3,18.89,370.77,STATIC_ROAD_NETWORK
11613,"Revenue Colony-Shivajinagar, Pune - IITM",18.5301,73.8496,Commercial / Educational Urban Core,232879080,residential,K. P. Kulkarni Path,1,no,,,no,no,5,214.39,1132.46,STATIC_ROAD_NETWORK
11613,"Revenue Colony-Shivajinagar, Pune - IITM",18.5301,73.8496,Commercial / Educational Urban Core,238567511,tertiary,Jayantarao Tilak Bridge,1,yes,,,yes,no,2,153.05,928.59,STATIC_ROAD_NETWORK
11613,"Revenue Colony-Shivajinagar, Pune - IITM",18.5301,73.8496,Commercial / Educational Urban Core,238567531,tertiary,Niranjav Madhav Marg,1,no,,,no,no,12,87.44,1163.6,STATIC_ROAD_NETWORK
11613,"Revenue Colony-Shivajinagar, Pune - IITM",18.5301,73.8496,Commercial / Educational Urban Core,238567539,tertiary,Unnamed,1,yes,,,no,no,2,6.0,1086.29,STATIC_ROAD_NETWORK
11613,"Revenue Colony-Shivajinagar, Pune - IITM",18.5301,73.8496,Commercial / Educational Urban Core,238567541,tertiary,Unnamed,1,yes,,,no,no,5,11.49,1078.39,STATIC_ROAD_NETWORK
11613,"Revenue Colony-Shivajinagar, Pune - IITM",18.5301,73.8496,Commercial / Educational Urban Core,238567547,tertiary,Unnamed,1,yes,,,no,no,4,26.82,902.03,STATIC_ROAD_NETWORK
11613,"Revenue Colony-Shivajinagar, Pune - IITM",18.5301,73.8496,Commercial / Educational Urban Core,238836092,trunk,Shivaji Road,2,yes,,asphalt,no,no,8,110.91,616.2,STATIC_ROAD_NETWORK
11613,"Revenue Colony-Shivajinagar, Pune - IITM",18.5301,73.8496,Commercial / Educational Urban Core,238836097,trunk,Sadguru Morya Gosavi Underpass,2,yes,,,no,no,3,27.34,483.37,STATIC_ROAD_NETWORK
11613,"Revenue Colony-Shivajinagar, Pune - IITM",18.5301,73.8496,Commercial / Educational Urban Core,238842688,tertiary,K. B. Joshi Path,1,no,,,no,no,4,90.8,585.69,STATIC_ROAD_NETWORK
11613,"Revenue Colony-Shivajinagar, Pune - IITM",18.5301,73.8496,Commercial / Educational Urban Core,238842700,residential,Unnamed,1,no,,,no,no,4,76.49,737.51,STATIC_ROAD_NETWORK
11613,"Revenue Colony-Shivajinagar, Pune - IITM",18.5301,73.8496,Commercial / Educational Urban Core,239575193,tertiary,Ramchandra Shankar Vaze Path,1,yes,,,no,no,7,149.54,889.93,STATIC_ROAD_NETWORK
11613,"Revenue Colony-Shivajinagar, Pune - IITM",18.5301,73.8496,Commercial / Educational Urban Core,239575196,residential,Wrangler Parajape Path,1,yes,,,no,no,14,283.19,1222.23,STATIC_ROAD_NETWORK
11613,"Revenue Colony-Shivajinagar, Pune - IITM",18.5301,73.8496,Commercial / Educational Urban Core,246580191,secondary,Congress Bhavan Path,2,yes,,,no,no,22,587.33,853.75,STATIC_ROAD_NETWORK
11613,"Revenue Colony-Shivajinagar, Pune - IITM",18.5301,73.8496,Commercial / Educational Urban Core,246580193,tertiary,Ghole Road,1,no,40,,no,no,3,96.86,804.3,STATIC_ROAD_NETWORK
11613,"Revenue Colony-Shivajinagar, Pune - IITM",18.5301,73.8496,Commercial / Educational Urban Core,248254619,residential,Shamsing Pardeshi Marg,1,no,,,no,no,8,119.46,1494.79,STATIC_ROAD_NETWORK
11613,"Revenue Colony-Shivajinagar, Pune - IITM",18.5301,73.8496,Commercial / Educational Urban Core,251445163,residential,Unnamed,1,no,,asphalt,no,no,2,60.04,1175.59,STATIC_ROAD_NETWORK
11613,"Revenue Colony-Shivajinagar, Pune - IITM",18.5301,73.8496,Commercial / Educational Urban Core,257900998,residential,Unnamed,1,no,,,no,no,8,144.98,1122.29,STATIC_ROAD_NETWORK
11613,"Revenue Colony-Shivajinagar, Pune - IITM",18.5301,73.8496,Commercial / Educational Urban Core,264444887,residential,Unnamed,1,no,,,no,no,2,87.87,1187.84,STATIC_ROAD_NETWORK
11613,"Revenue Colony-Shivajinagar, Pune - IITM",18.5301,73.8496,Commercial / Educational Urban Core,264444888,residential,Unnamed,1,no,,,no,no,2,38.77,1290.52,STATIC_ROAD_NETWORK
11613,"Revenue Colony-Shivajinagar, Pune - IITM",18.5301,73.8496,Commercial / Educational Urban Core,264444889,residential,Unnamed,1,no,,,no,no,3,64.94,1358.24,STATIC_ROAD_NETWORK
11613,"Revenue Colony-Shivajinagar, Pune - IITM",18.5301,73.8496,Commercial / Educational Urban Core,264444892,residential,Unnamed,1,no,,,no,no,2,36.58,1325.99,STATIC_ROAD_NETWORK
11613,"Revenue Colony-Shivajinagar, Pune - IITM",18.5301,73.8496,Commercial / Educational Urban Core,264444893,residential,Tambe Bol,1,no,,,no,no,10,101.07,1147.28,STATIC_ROAD_NETWORK
11613,"Revenue Colony-Shivajinagar, Pune - IITM",18.5301,73.8496,Commercial / Educational Urban Core,264444896,residential,Unnamed,1,no,,,no,no,2,58.16,1254.37,STATIC_ROAD_NETWORK
11613,"Revenue Colony-Shivajinagar, Pune - IITM",18.5301,73.8496,Commercial / Educational Urban Core,264444900,residential,Unnamed,1,no,,,no,no,3,99.87,1089.8,STATIC_ROAD_NETWORK
11613,"Revenue Colony-Shivajinagar, Pune - IITM",18.5301,73.8496,Commercial / Educational Urban Core,264444901,residential,Unnamed,1,no,,,no,no,4,72.46,1356.09,STATIC_ROAD_NETWORK
11613,"Revenue Colony-Shivajinagar, Pune - IITM",18.5301,73.8496,Commercial / Educational Urban Core,264444902,residential,Unnamed,1,no,,,no,no,4,54.86,1146.45,STATIC_ROAD_NETWORK
11613,"Revenue Colony-Shivajinagar, Pune - IITM",18.5301,73.8496,Commercial / Educational Urban Core,264444903,residential,Unnamed,1,no,,,no,no,3,74.33,1170.23,STATIC_ROAD_NETWORK
11613,"Revenue Colony-Shivajinagar, Pune - IITM",18.5301,73.8496,Commercial / Educational Urban Core,264444906,residential,Unnamed,1,no,,,no,no,6,88.28,1194.65,STATIC_ROAD_NETWORK
11613,"Revenue Colony-Shivajinagar, Pune - IITM",18.5301,73.8496,Commercial / Educational Urban Core,264444907,residential,Niranjav Madhav Marg,1,no,,,no,no,8,130.33,1058.35,STATIC_ROAD_NETWORK
11613,"Revenue Colony-Shivajinagar, Pune - IITM",18.5301,73.8496,Commercial / Educational Urban Core,275490294,residential,J. P. Trivedi Path,1,yes,,,no,no,3,197.52,781.96,STATIC_ROAD_NETWORK
11613,"Revenue Colony-Shivajinagar, Pune - IITM",18.5301,73.8496,Commercial / Educational Urban Core,279548177,residential,Unnamed,1,no,,,no,no,9,241.35,698.47,STATIC_ROAD_NETWORK
11613,"Revenue Colony-Shivajinagar, Pune - IITM",18.5301,73.8496,Commercial / Educational Urban Core,280784421,residential,Unnamed,1,no,,,no,no,10,117.07,1471.76,STATIC_ROAD_NETWORK
11613,"Revenue Colony-Shivajinagar, Pune - IITM",18.5301,73.8496,Commercial / Educational Urban Core,281308015,primary,Gopal Krushna Gokhale Path,2,yes,,asphalt,no,no,36,959.35,1066.44,STATIC_ROAD_NETWORK
11613,"Revenue Colony-Shivajinagar, Pune - IITM",18.5301,73.8496,Commercial / Educational Urban Core,281308021,residential,Unnamed,1,no,,,no,no,2,39.43,1383.7,STATIC_ROAD_NETWORK
11613,"Revenue Colony-Shivajinagar, Pune - IITM",18.5301,73.8496,Commercial / Educational Urban Core,281308023,residential,Unnamed,1,no,,,no,no,2,59.1,681.78,STATIC_ROAD_NETWORK
11613,"Revenue Colony-Shivajinagar, Pune - IITM",18.5301,73.8496,Commercial / Educational Urban Core,281308027,residential,Unnamed,1,no,,,no,no,2,76.33,1344.91,STATIC_ROAD_NETWORK
11613,"Revenue Colony-Shivajinagar, Pune - IITM",18.5301,73.8496,Commercial / Educational Urban Core,281308030,residential,Unnamed,1,no,,,no,no,2,64.07,1406.72,STATIC_ROAD_NETWORK
11613,"Revenue Colony-Shivajinagar, Pune - IITM",18.5301,73.8496,Commercial / Educational Urban Core,281308035,residential,Unnamed,1,no,,,no,no,3,52.55,1489.38,STATIC_ROAD_NETWORK
11613,"Revenue Colony-Shivajinagar, Pune - IITM",18.5301,73.8496,Commercial / Educational Urban Core,281844145,residential,Unnamed,1,no,,,no,no,10,96.51,1170.01,STATIC_ROAD_NETWORK
11613,"Revenue Colony-Shivajinagar, Pune - IITM",18.5301,73.8496,Commercial / Educational Urban Core,281844149,residential,Unnamed,1,no,,,no,no,6,135.48,731.2,STATIC_ROAD_NETWORK
11613,"Revenue Colony-Shivajinagar, Pune - IITM",18.5301,73.8496,Commercial / Educational Urban Core,282054955,tertiary,Unnamed,1,no,,,no,no,2,13.12,919.16,STATIC_ROAD_NETWORK
11613,"Revenue Colony-Shivajinagar, Pune - IITM",18.5301,73.8496,Commercial / Educational Urban Core,282054956,residential,Unnamed,1,no,,,no,no,9,275.61,635.8,STATIC_ROAD_NETWORK
11613,"Revenue Colony-Shivajinagar, Pune - IITM",18.5301,73.8496,Commercial / Educational Urban Core,282054958,tertiary,Unnamed,1,yes,,,no,no,6,31.41,699.46,STATIC_ROAD_NETWORK
11613,"Revenue Colony-Shivajinagar, Pune - IITM",18.5301,73.8496,Commercial / Educational Urban Core,282054960,trunk_link,Unnamed,1,yes,,,no,no,8,20.07,1159.87,STATIC_ROAD_NETWORK
11613,"Revenue Colony-Shivajinagar, Pune - IITM",18.5301,73.8496,Commercial / Educational Urban Core,282102091,residential,Unnamed,1,no,,,no,no,3,87.91,1436.73,STATIC_ROAD_NETWORK
11613,"Revenue Colony-Shivajinagar, Pune - IITM",18.5301,73.8496,Commercial / Educational Urban Core,282102094,residential,Keshav Ramchandra Kanitkar Path,1,no,,,no,no,4,70.59,1438.75,STATIC_ROAD_NETWORK
11613,"Revenue Colony-Shivajinagar, Pune - IITM",18.5301,73.8496,Commercial / Educational Urban Core,282484395,trunk,Bajirao Road,1,yes,,,no,no,11,136.04,1119.06,STATIC_ROAD_NETWORK
11613,"Revenue Colony-Shivajinagar, Pune - IITM",18.5301,73.8496,Commercial / Educational Urban Core,282484452,trunk,Shivaji Road,1,yes,,,no,no,5,24.67,1095.17,STATIC_ROAD_NETWORK
11613,"Revenue Colony-Shivajinagar, Pune - IITM",18.5301,73.8496,Commercial / Educational Urban Core,290390065,residential,Dhondiba Gunaji Bane Path,1,no,,,no,no,13,337.78,891.61,STATIC_ROAD_NETWORK
11613,"Revenue Colony-Shivajinagar, Pune - IITM",18.5301,73.8496,Commercial / Educational Urban Core,290390066,residential,Fg Off Sudhir Pawar Path,1,no,,,no,no,17,524.43,644.78,STATIC_ROAD_NETWORK
11613,"Revenue Colony-Shivajinagar, Pune - IITM",18.5301,73.8496,Commercial / Educational Urban Core,290390083,residential,Anna Saheb Apte Path,1,no,,,no,no,5,150.8,484.9,STATIC_ROAD_NETWORK
11613,"Revenue Colony-Shivajinagar, Pune - IITM",18.5301,73.8496,Commercial / Educational Urban Core,297855404,secondary_link,Maharshi Vitthal Ramji Shinde Bridge,1,yes,,,no,no,4,33.89,858.93,STATIC_ROAD_NETWORK
11613,"Revenue Colony-Shivajinagar, Pune - IITM",18.5301,73.8496,Commercial / Educational Urban Core,297855405,tertiary_link,Maharshi Vitthal Ramji Shinde Bridge,1,yes,,,no,no,4,34.63,1118.06,STATIC_ROAD_NETWORK
11613,"Revenue Colony-Shivajinagar, Pune - IITM",18.5301,73.8496,Commercial / Educational Urban Core,297855406,secondary_link,Maharshi Vitthal Ramji Shinde Bridge,1,yes,,,no,no,6,38.15,874.28,STATIC_ROAD_NETWORK
11613,"Revenue Colony-Shivajinagar, Pune - IITM",18.5301,73.8496,Commercial / Educational Urban Core,297855407,residential,Omkareshwar Path,1,yes,,,no,no,2,21.84,1140.64,STATIC_ROAD_NETWORK
11613,"Revenue Colony-Shivajinagar, Pune - IITM",18.5301,73.8496,Commercial / Educational Urban Core,297855408,residential,Omkareshwar Path,1,yes,,,no,no,2,20.68,1140.64,STATIC_ROAD_NETWORK
11613,"Revenue Colony-Shivajinagar, Pune - IITM",18.5301,73.8496,Commercial / Educational Urban Core,297855410,residential,Unnamed,1,yes,,,no,no,2,26.85,1148.25,STATIC_ROAD_NETWORK
11613,"Revenue Colony-Shivajinagar, Pune - IITM",18.5301,73.8496,Commercial / Educational Urban Core,297855411,residential,Unnamed,1,yes,,,no,no,2,23.64,1159.92,STATIC_ROAD_NETWORK
11613,"Revenue Colony-Shivajinagar, Pune - IITM",18.5301,73.8496,Commercial / Educational Urban Core,297855413,tertiary,T Saheb KK Marg,1,yes,,,no,no,2,29.48,1161.73,STATIC_ROAD_NETWORK
11613,"Revenue Colony-Shivajinagar, Pune - IITM",18.5301,73.8496,Commercial / Educational Urban Core,297855414,tertiary,T Saheb KK Marg,1,yes,,,no,no,2,28.67,1163.9,STATIC_ROAD_NETWORK
11613,"Revenue Colony-Shivajinagar, Pune - IITM",18.5301,73.8496,Commercial / Educational Urban Core,310941435,residential,Unnamed,1,no,,,no,no,9,151.51,1101.07,STATIC_ROAD_NETWORK
11613,"Revenue Colony-Shivajinagar, Pune - IITM",18.5301,73.8496,Commercial / Educational Urban Core,311631280,primary,Ganeshkhind Road,2,yes,,asphalt,no,no,11,290.86,242.02,STATIC_ROAD_NETWORK
11613,"Revenue Colony-Shivajinagar, Pune - IITM",18.5301,73.8496,Commercial / Educational Urban Core,311631281,primary,Ganeshkhind Road,1,yes,,asphalt,no,no,10,238.23,20.67,STATIC_ROAD_NETWORK
11613,"Revenue Colony-Shivajinagar, Pune - IITM",18.5301,73.8496,Commercial / Educational Urban Core,314806612,secondary_link,Unnamed,1,yes,,,no,no,5,75.31,1434.57,STATIC_ROAD_NETWORK
11613,"Revenue Colony-Shivajinagar, Pune - IITM",18.5301,73.8496,Commercial / Educational Urban Core,317550162,trunk,Sadguru Morya Gosavi Underpass,2,yes,,,no,no,8,119.01,180.15,STATIC_ROAD_NETWORK
11613,"Revenue Colony-Shivajinagar, Pune - IITM",18.5301,73.8496,Commercial / Educational Urban Core,317550166,trunk,Mokshagundam Vishweshvarayya Flyover,2,yes,30,asphalt,yes,no,3,180.86,472.23,STATIC_ROAD_NETWORK
11613,"Revenue Colony-Shivajinagar, Pune - IITM",18.5301,73.8496,Commercial / Educational Urban Core,317550167,trunk,Mokshagundam Vishweshvarayya Flyover,2,yes,30,,yes,no,7,186.13,452.72,STATIC_ROAD_NETWORK
11613,"Revenue Colony-Shivajinagar, Pune - IITM",18.5301,73.8496,Commercial / Educational Urban Core,317550168,trunk,Mokshagundam Vishweshvarayya Flyover,3,yes,30,,yes,no,13,266.0,494.15,STATIC_ROAD_NETWORK
11613,"Revenue Colony-Shivajinagar, Pune - IITM",18.5301,73.8496,Commercial / Educational Urban Core,317550169,trunk,Sadguru Morya Gosavi Underpass,2,yes,,,no,no,3,48.6,132.31,STATIC_ROAD_NETWORK
11613,"Revenue Colony-Shivajinagar, Pune - IITM",18.5301,73.8496,Commercial / Educational Urban Core,317550171,trunk,Sadguru Morya Gosavi Underpass,2,yes,,,no,yes,2,76.44,296.29,STATIC_ROAD_NETWORK
11613,"Revenue Colony-Shivajinagar, Pune - IITM",18.5301,73.8496,Commercial / Educational Urban Core,317550178,trunk,Mokshagundam Vishweshvarayya Flyover,2,yes,30,,yes,no,3,40.95,472.23,STATIC_ROAD_NETWORK
11613,"Revenue Colony-Shivajinagar, Pune - IITM",18.5301,73.8496,Commercial / Educational Urban Core,317550179,trunk,Mokshagundam Vishweshvarayya Flyover,2,yes,,,yes,no,4,60.5,452.72,STATIC_ROAD_NETWORK
11613,"Revenue Colony-Shivajinagar, Pune - IITM",18.5301,73.8496,Commercial / Educational Urban Core,317550180,trunk,Sadguru Morya Gosavi Underpass,2,yes,,,no,no,7,129.83,365.05,STATIC_ROAD_NETWORK
11613,"Revenue Colony-Shivajinagar, Pune - IITM",18.5301,73.8496,Commercial / Educational Urban Core,317550182,trunk_link,Mokshagundam Vishweshvarayya Flyover,2,yes,,,yes,no,13,154.44,494.15,STATIC_ROAD_NETWORK
11613,"Revenue Colony-Shivajinagar, Pune - IITM",18.5301,73.8496,Commercial / Educational Urban Core,327073022,primary,Gopal Krushna Gokhale Path,2,yes,,asphalt,no,no,2,13.57,1056.5,STATIC_ROAD_NETWORK
11613,"Revenue Colony-Shivajinagar, Pune - IITM",18.5301,73.8496,Commercial / Educational Urban Core,327073023,primary,Gopal Krushna Gokhale Path,2,yes,,asphalt,no,no,2,16.95,1044.16,STATIC_ROAD_NETWORK
11613,"Revenue Colony-Shivajinagar, Pune - IITM",18.5301,73.8496,Commercial / Educational Urban Core,327073025,residential,Kerunana Chhatre Path,1,no,,,no,no,6,258.61,1211.22,STATIC_ROAD_NETWORK
11613,"Revenue Colony-Shivajinagar, Pune - IITM",18.5301,73.8496,Commercial / Educational Urban Core,327073027,trunk,Mokshagundam Vishweshvarayya Flyover,2,yes,,asphalt,no,no,4,83.35,559.24,STATIC_ROAD_NETWORK
11613,"Revenue Colony-Shivajinagar, Pune - IITM",18.5301,73.8496,Commercial / Educational Urban Core,327073028,trunk,Mokshagundam Vishweshvarayya Flyover,2,yes,30,asphalt,no,no,2,30.3,470.17,STATIC_ROAD_NETWORK
11613,"Revenue Colony-Shivajinagar, Pune - IITM",18.5301,73.8496,Commercial / Educational Urban Core,342557170,trunk,Shivaji Road,1,yes,,,no,no,13,161.0,345.67,STATIC_ROAD_NETWORK
11613,"Revenue Colony-Shivajinagar, Pune - IITM",18.5301,73.8496,Commercial / Educational Urban Core,342557171,trunk,Shivaji Road,2,yes,,,no,no,6,120.76,495.64,STATIC_ROAD_NETWORK
11613,"Revenue Colony-Shivajinagar, Pune - IITM",18.5301,73.8496,Commercial / Educational Urban Core,342557172,trunk,Shivaji Road,1,yes,,,no,no,10,174.83,352.68,STATIC_ROAD_NETWORK
11613,"Revenue Colony-Shivajinagar, Pune - IITM",18.5301,73.8496,Commercial / Educational Urban Core,342557175,residential,Unnamed,1,no,,,no,no,3,82.94,1245.82,STATIC_ROAD_NETWORK
11613,"Revenue Colony-Shivajinagar, Pune - IITM",18.5301,73.8496,Commercial / Educational Urban Core,342557179,residential,Unnamed,1,no,,,no,no,10,243.54,1263.13,STATIC_ROAD_NETWORK
11613,"Revenue Colony-Shivajinagar, Pune - IITM",18.5301,73.8496,Commercial / Educational Urban Core,354761031,residential,Unnamed,1,no,,,no,no,14,160.02,1275.37,STATIC_ROAD_NETWORK
11613,"Revenue Colony-Shivajinagar, Pune - IITM",18.5301,73.8496,Commercial / Educational Urban Core,354761070,residential,Unnamed,1,no,,,no,no,3,76.01,1408.6,STATIC_ROAD_NETWORK
11613,"Revenue Colony-Shivajinagar, Pune - IITM",18.5301,73.8496,Commercial / Educational Urban Core,380347396,trunk,Mokshagundam Vishweshvarayya Flyover,2,yes,30,asphalt,yes,no,9,507.06,445.5,STATIC_ROAD_NETWORK
11613,"Revenue Colony-Shivajinagar, Pune - IITM",18.5301,73.8496,Commercial / Educational Urban Core,380347398,trunk,Mokshagundam Vishweshvarayya Flyover,3,yes,,,yes,no,4,42.74,425.56,STATIC_ROAD_NETWORK
11613,"Revenue Colony-Shivajinagar, Pune - IITM",18.5301,73.8496,Commercial / Educational Urban Core,380347405,trunk,Mokshagundam Vishweshvarayya Flyover,3,yes,,,no,no,3,50.39,385.12,STATIC_ROAD_NETWORK
11613,"Revenue Colony-Shivajinagar, Pune - IITM",18.5301,73.8496,Commercial / Educational Urban Core,380417671,residential,Unnamed,1,no,,,no,no,2,41.64,1217.89,STATIC_ROAD_NETWORK
11613,"Revenue Colony-Shivajinagar, Pune - IITM",18.5301,73.8496,Commercial / Educational Urban Core,388929590,trunk,Dr. Rajendra Prasad Path,2,yes,,,no,no,2,19.73,345.67,STATIC_ROAD_NETWORK
11613,"Revenue Colony-Shivajinagar, Pune - IITM",18.5301,73.8496,Commercial / Educational Urban Core,436207965,residential,Unnamed,1,no,,,no,no,9,135.59,1241.63,STATIC_ROAD_NETWORK
11613,"Revenue Colony-Shivajinagar, Pune - IITM",18.5301,73.8496,Commercial / Educational Urban Core,436376407,residential,Unnamed,1,no,,,no,no,11,211.32,1400.21,STATIC_ROAD_NETWORK
11613,"Revenue Colony-Shivajinagar, Pune - IITM",18.5301,73.8496,Commercial / Educational Urban Core,436376409,residential,Unnamed,1,no,,,no,no,9,104.55,1298.2,STATIC_ROAD_NETWORK
11613,"Revenue Colony-Shivajinagar, Pune - IITM",18.5301,73.8496,Commercial / Educational Urban Core,436376410,living_street,Unnamed,1,no,,,no,no,10,102.79,1441.6,STATIC_ROAD_NETWORK
11613,"Revenue Colony-Shivajinagar, Pune - IITM",18.5301,73.8496,Commercial / Educational Urban Core,436376411,residential,Unnamed,1,no,,,no,no,11,146.58,1464.83,STATIC_ROAD_NETWORK
11613,"Revenue Colony-Shivajinagar, Pune - IITM",18.5301,73.8496,Commercial / Educational Urban Core,436384051,residential,Unnamed,1,no,,,no,no,14,436.38,1360.66,STATIC_ROAD_NETWORK
11613,"Revenue Colony-Shivajinagar, Pune - IITM",18.5301,73.8496,Commercial / Educational Urban Core,436384053,residential,Unnamed,1,no,,,no,no,11,335.92,1287.56,STATIC_ROAD_NETWORK
11613,"Revenue Colony-Shivajinagar, Pune - IITM",18.5301,73.8496,Commercial / Educational Urban Core,436385622,residential,Unnamed,1,no,,,no,no,11,266.87,108.81,STATIC_ROAD_NETWORK
11613,"Revenue Colony-Shivajinagar, Pune - IITM",18.5301,73.8496,Commercial / Educational Urban Core,436501442,residential,Unnamed,1,no,,,no,no,4,132.53,1487.84,STATIC_ROAD_NETWORK
11613,"Revenue Colony-Shivajinagar, Pune - IITM",18.5301,73.8496,Commercial / Educational Urban Core,436521592,residential,Unnamed,1,no,,ground,no,no,11,873.24,1095.4,STATIC_ROAD_NETWORK
11613,"Revenue Colony-Shivajinagar, Pune - IITM",18.5301,73.8496,Commercial / Educational Urban Core,460753769,residential,Unnamed,1,no,,asphalt,no,no,3,88.26,1292.0,STATIC_ROAD_NETWORK
11613,"Revenue Colony-Shivajinagar, Pune - IITM",18.5301,73.8496,Commercial / Educational Urban Core,462046045,tertiary,Unnamed,1,yes,,,no,no,5,76.18,1069.18,STATIC_ROAD_NETWORK
11613,"Revenue Colony-Shivajinagar, Pune - IITM",18.5301,73.8496,Commercial / Educational Urban Core,476565439,living_street,Unnamed,1,no,,,no,no,4,131.88,476.59,STATIC_ROAD_NETWORK
11613,"Revenue Colony-Shivajinagar, Pune - IITM",18.5301,73.8496,Commercial / Educational Urban Core,476915616,residential,Unnamed,1,no,,,no,no,4,63.27,1321.67,STATIC_ROAD_NETWORK
11613,"Revenue Colony-Shivajinagar, Pune - IITM",18.5301,73.8496,Commercial / Educational Urban Core,476915617,residential,Unnamed,1,no,,,no,no,2,83.71,1464.07,STATIC_ROAD_NETWORK
11613,"Revenue Colony-Shivajinagar, Pune - IITM",18.5301,73.8496,Commercial / Educational Urban Core,476915619,residential,Unnamed,1,no,,,no,no,2,109.2,1453.33,STATIC_ROAD_NETWORK
11613,"Revenue Colony-Shivajinagar, Pune - IITM",18.5301,73.8496,Commercial / Educational Urban Core,477069928,residential,Unnamed,1,no,,,no,no,2,74.79,193.44,STATIC_ROAD_NETWORK
11613,"Revenue Colony-Shivajinagar, Pune - IITM",18.5301,73.8496,Commercial / Educational Urban Core,477069932,residential,Unnamed,1,no,,,no,no,2,29.98,733.72,STATIC_ROAD_NETWORK
11613,"Revenue Colony-Shivajinagar, Pune - IITM",18.5301,73.8496,Commercial / Educational Urban Core,477069937,residential,Unnamed,1,no,,,no,no,2,104.0,1253.44,STATIC_ROAD_NETWORK
11613,"Revenue Colony-Shivajinagar, Pune - IITM",18.5301,73.8496,Commercial / Educational Urban Core,477069939,residential,Unnamed,1,no,,,no,no,2,71.3,1466.9,STATIC_ROAD_NETWORK
11613,"Revenue Colony-Shivajinagar, Pune - IITM",18.5301,73.8496,Commercial / Educational Urban Core,477069940,living_street,Unnamed,1,no,,,no,no,2,46.41,1435.21,STATIC_ROAD_NETWORK
11613,"Revenue Colony-Shivajinagar, Pune - IITM",18.5301,73.8496,Commercial / Educational Urban Core,477069941,living_street,Unnamed,1,no,,,no,no,3,69.7,1399.65,STATIC_ROAD_NETWORK
11613,"Revenue Colony-Shivajinagar, Pune - IITM",18.5301,73.8496,Commercial / Educational Urban Core,477069942,living_street,Unnamed,1,no,,,no,no,3,92.52,1447.45,STATIC_ROAD_NETWORK
11613,"Revenue Colony-Shivajinagar, Pune - IITM",18.5301,73.8496,Commercial / Educational Urban Core,477069943,living_street,Unnamed,1,no,,,no,no,4,125.25,1446.55,STATIC_ROAD_NETWORK
11613,"Revenue Colony-Shivajinagar, Pune - IITM",18.5301,73.8496,Commercial / Educational Urban Core,480167558,tertiary,Jnanoba Bhakuji Jadhav Path,1,yes,,,no,no,6,71.76,698.7,STATIC_ROAD_NETWORK
11613,"Revenue Colony-Shivajinagar, Pune - IITM",18.5301,73.8496,Commercial / Educational Urban Core,480873273,trunk,Old Pune–Mumbai Highway,3,yes,40,,no,no,32,1072.82,466.12,STATIC_ROAD_NETWORK
11613,"Revenue Colony-Shivajinagar, Pune - IITM",18.5301,73.8496,Commercial / Educational Urban Core,567624077,residential,alfi road,2,no,30,asphalt,no,no,16,426.92,1389.64,STATIC_ROAD_NETWORK
11613,"Revenue Colony-Shivajinagar, Pune - IITM",18.5301,73.8496,Commercial / Educational Urban Core,580812888,trunk,Old Pune–Mumbai Highway,2,yes,,,no,no,8,218.31,436.93,STATIC_ROAD_NETWORK
11613,"Revenue Colony-Shivajinagar, Pune - IITM",18.5301,73.8496,Commercial / Educational Urban Core,580812889,trunk,Mokshagundam Vishweshvarayya Flyover,3,yes,30,asphalt,no,no,2,20.43,462.46,STATIC_ROAD_NETWORK
11613,"Revenue Colony-Shivajinagar, Pune - IITM",18.5301,73.8496,Commercial / Educational Urban Core,652398174,trunk,Shivaji Road,4,yes,,,no,no,3,75.21,59.01,STATIC_ROAD_NETWORK
11613,"Revenue Colony-Shivajinagar, Pune - IITM",18.5301,73.8496,Commercial / Educational Urban Core,652398178,tertiary,Chaturshringi Road,2,yes,40,asphalt,no,no,4,76.93,546.09,STATIC_ROAD_NETWORK
11613,"Revenue Colony-Shivajinagar, Pune - IITM",18.5301,73.8496,Commercial / Educational Urban Core,652398180,primary,Jangli Maharaj Path,4,yes,,asphalt,no,no,11,277.27,352.68,STATIC_ROAD_NETWORK
11613,"Revenue Colony-Shivajinagar, Pune - IITM",18.5301,73.8496,Commercial / Educational Urban Core,652398181,trunk,Raja Bahadur Mill Marg,2,yes,,,no,no,6,66.92,1447.07,STATIC_ROAD_NETWORK
11613,"Revenue Colony-Shivajinagar, Pune - IITM",18.5301,73.8496,Commercial / Educational Urban Core,652398182,trunk,Raja Bahadur Mill Marg,2,yes,,,no,no,11,159.68,1276.97,STATIC_ROAD_NETWORK
11613,"Revenue Colony-Shivajinagar, Pune - IITM",18.5301,73.8496,Commercial / Educational Urban Core,652398183,trunk,Raja Bahadur Mill Marg,2,yes,,,no,no,6,77.2,1434.72,STATIC_ROAD_NETWORK
11613,"Revenue Colony-Shivajinagar, Pune - IITM",18.5301,73.8496,Commercial / Educational Urban Core,652398184,trunk,Raja Bahadur Mill Marg,2,yes,,,no,no,7,88.48,1346.67,STATIC_ROAD_NETWORK
11613,"Revenue Colony-Shivajinagar, Pune - IITM",18.5301,73.8496,Commercial / Educational Urban Core,652398185,primary,Unnamed,1,yes,,asphalt,no,no,2,12.97,1434.72,STATIC_ROAD_NETWORK
11613,"Revenue Colony-Shivajinagar, Pune - IITM",18.5301,73.8496,Commercial / Educational Urban Core,657054220,trunk,Old Pune–Mumbai Highway,2,yes,,,no,no,2,32.18,563.54,STATIC_ROAD_NETWORK
11613,"Revenue Colony-Shivajinagar, Pune - IITM",18.5301,73.8496,Commercial / Educational Urban Core,657054221,trunk,Old Pune–Mumbai Highway,2,yes,,,no,no,2,60.47,482.48,STATIC_ROAD_NETWORK
11613,"Revenue Colony-Shivajinagar, Pune - IITM",18.5301,73.8496,Commercial / Educational Urban Core,657054222,trunk,Old Pune–Mumbai Highway,1,yes,,,no,no,2,8.31,538.4,STATIC_ROAD_NETWORK
11613,"Revenue Colony-Shivajinagar, Pune - IITM",18.5301,73.8496,Commercial / Educational Urban Core,657054224,trunk,Mokshagundam Vishweshvarayya Flyover,2,yes,30,asphalt,yes,no,5,194.36,453.81,STATIC_ROAD_NETWORK
11613,"Revenue Colony-Shivajinagar, Pune - IITM",18.5301,73.8496,Commercial / Educational Urban Core,657054226,residential,Nyaymurti Ranade Path,1,no,,asphalt,no,no,2,11.19,608.43,STATIC_ROAD_NETWORK
11613,"Revenue Colony-Shivajinagar, Pune - IITM",18.5301,73.8496,Commercial / Educational Urban Core,660944513,secondary,Chhatrapati Shahu Setu Bridge,1,yes,,,yes,no,2,157.91,950.64,STATIC_ROAD_NETWORK
11613,"Revenue Colony-Shivajinagar, Pune - IITM",18.5301,73.8496,Commercial / Educational Urban Core,660944514,secondary,Dengle Bridge,1,yes,,,no,no,3,8.54,1104.89,STATIC_ROAD_NETWORK
11613,"Revenue Colony-Shivajinagar, Pune - IITM",18.5301,73.8496,Commercial / Educational Urban Core,661187151,trunk,Dr. Rajendra Prasad Path,1,yes,,,no,no,3,28.33,330.41,STATIC_ROAD_NETWORK
11613,"Revenue Colony-Shivajinagar, Pune - IITM",18.5301,73.8496,Commercial / Educational Urban Core,661187152,trunk,Old Pune–Mumbai Highway,2,yes,,,no,no,3,87.37,513.05,STATIC_ROAD_NETWORK
11613,"Revenue Colony-Shivajinagar, Pune - IITM",18.5301,73.8496,Commercial / Educational Urban Core,661187159,primary,Sangamwadi Bridge,2,yes,,asphalt,yes,no,8,106.54,523.94,STATIC_ROAD_NETWORK
11613,"Revenue Colony-Shivajinagar, Pune - IITM",18.5301,73.8496,Commercial / Educational Urban Core,661187161,primary,Sangamwadi Bridge,2,yes,,asphalt,no,no,7,66.37,459.65,STATIC_ROAD_NETWORK
11613,"Revenue Colony-Shivajinagar, Pune - IITM",18.5301,73.8496,Commercial / Educational Urban Core,661187162,primary,Sangamwadi Bridge,2,yes,,asphalt,no,no,6,60.02,463.04,STATIC_ROAD_NETWORK
11613,"Revenue Colony-Shivajinagar, Pune - IITM",18.5301,73.8496,Commercial / Educational Urban Core,661187163,trunk,Unnamed,1,yes,,,no,no,3,43.73,538.49,STATIC_ROAD_NETWORK
11613,"Revenue Colony-Shivajinagar, Pune - IITM",18.5301,73.8496,Commercial / Educational Urban Core,661187164,trunk,Unnamed,1,yes,,,no,no,7,102.53,439.11,STATIC_ROAD_NETWORK
11613,"Revenue Colony-Shivajinagar, Pune - IITM",18.5301,73.8496,Commercial / Educational Urban Core,661187165,trunk,H. K. Firodia Bridge,1,yes,,,yes,no,2,37.14,417.66,STATIC_ROAD_NETWORK
11613,"Revenue Colony-Shivajinagar, Pune - IITM",18.5301,73.8496,Commercial / Educational Urban Core,661187168,trunk,Unnamed,1,yes,,,no,no,3,49.25,385.12,STATIC_ROAD_NETWORK
11613,"Revenue Colony-Shivajinagar, Pune - IITM",18.5301,73.8496,Commercial / Educational Urban Core,661187170,trunk,Unnamed,2,yes,,,no,no,17,437.97,615.47,STATIC_ROAD_NETWORK
11613,"Revenue Colony-Shivajinagar, Pune - IITM",18.5301,73.8496,Commercial / Educational Urban Core,661187172,trunk,Mokshagundam Vishweshvarayya Flyover,3,yes,30,,yes,no,4,243.24,637.96,STATIC_ROAD_NETWORK
11613,"Revenue Colony-Shivajinagar, Pune - IITM",18.5301,73.8496,Commercial / Educational Urban Core,661187174,trunk,Unnamed,1,yes,,,no,no,2,11.63,584.74,STATIC_ROAD_NETWORK
11613,"Revenue Colony-Shivajinagar, Pune - IITM",18.5301,73.8496,Commercial / Educational Urban Core,666604700,secondary_link,Unnamed,1,no,,,no,no,2,10.48,1209.14,STATIC_ROAD_NETWORK
11613,"Revenue Colony-Shivajinagar, Pune - IITM",18.5301,73.8496,Commercial / Educational Urban Core,666675660,residential,Ram Ganesh Gadkari Path,1,no,,,no,no,25,354.36,1326.19,STATIC_ROAD_NETWORK
11613,"Revenue Colony-Shivajinagar, Pune - IITM",18.5301,73.8496,Commercial / Educational Urban Core,667524678,residential,Off FC Road,1,no,,,no,no,4,117.32,1438.75,STATIC_ROAD_NETWORK
11613,"Revenue Colony-Shivajinagar, Pune - IITM",18.5301,73.8496,Commercial / Educational Urban Core,667524680,tertiary,Ghole Road,1,no,40,,no,no,5,85.45,813.64,STATIC_ROAD_NETWORK
11613,"Revenue Colony-Shivajinagar, Pune - IITM",18.5301,73.8496,Commercial / Educational Urban Core,667524681,primary,Jangli Maharaj Path,4,yes,,asphalt,no,no,13,313.93,545.37,STATIC_ROAD_NETWORK
11613,"Revenue Colony-Shivajinagar, Pune - IITM",18.5301,73.8496,Commercial / Educational Urban Core,668641519,residential,Unnamed,1,no,,,no,no,3,84.54,1070.36,STATIC_ROAD_NETWORK
11613,"Revenue Colony-Shivajinagar, Pune - IITM",18.5301,73.8496,Commercial / Educational Urban Core,669052233,residential,Unnamed,1,no,,,no,no,3,83.17,156.85,STATIC_ROAD_NETWORK
11613,"Revenue Colony-Shivajinagar, Pune - IITM",18.5301,73.8496,Commercial / Educational Urban Core,669739315,residential,RK Lane,1,no,,,no,no,2,85.65,1294.91,STATIC_ROAD_NETWORK
11613,"Revenue Colony-Shivajinagar, Pune - IITM",18.5301,73.8496,Commercial / Educational Urban Core,670161222,secondary,Unnamed,1,no,,,no,no,2,10.55,1277.36,STATIC_ROAD_NETWORK
11613,"Revenue Colony-Shivajinagar, Pune - IITM",18.5301,73.8496,Commercial / Educational Urban Core,673257407,secondary_link,Unnamed,1,no,,,no,no,2,10.51,1113.61,STATIC_ROAD_NETWORK
11613,"Revenue Colony-Shivajinagar, Pune - IITM",18.5301,73.8496,Commercial / Educational Urban Core,689828945,residential,Unnamed,1,no,,,no,no,8,151.6,922.22,STATIC_ROAD_NETWORK
11613,"Revenue Colony-Shivajinagar, Pune - IITM",18.5301,73.8496,Commercial / Educational Urban Core,689877945,living_street,Unnamed,1,no,,,no,no,6,63.03,792.03,STATIC_ROAD_NETWORK
11613,"Revenue Colony-Shivajinagar, Pune - IITM",18.5301,73.8496,Commercial / Educational Urban Core,750335054,residential,Nyaymurti Ranade Path,1,no,,,no,no,3,80.78,668.35,STATIC_ROAD_NETWORK
11613,"Revenue Colony-Shivajinagar, Pune - IITM",18.5301,73.8496,Commercial / Educational Urban Core,750336639,tertiary,Ghole Road,1,no,40,,no,no,4,59.39,804.3,STATIC_ROAD_NETWORK
11613,"Revenue Colony-Shivajinagar, Pune - IITM",18.5301,73.8496,Commercial / Educational Urban Core,750336640,tertiary,Ghole Road,1,yes,40,,no,no,11,218.97,809.69,STATIC_ROAD_NETWORK
11613,"Revenue Colony-Shivajinagar, Pune - IITM",18.5301,73.8496,Commercial / Educational Urban Core,750616736,secondary,Congress Bhavan Path,2,yes,,,no,no,21,542.76,828.64,STATIC_ROAD_NETWORK
11613,"Revenue Colony-Shivajinagar, Pune - IITM",18.5301,73.8496,Commercial / Educational Urban Core,750616737,secondary,Unnamed,1,yes,,,no,no,2,13.86,934.59,STATIC_ROAD_NETWORK
11613,"Revenue Colony-Shivajinagar, Pune - IITM",18.5301,73.8496,Commercial / Educational Urban Core,750618840,primary,Underpass,1,yes,,,no,yes,2,27.39,1452.22,STATIC_ROAD_NETWORK
11613,"Revenue Colony-Shivajinagar, Pune - IITM",18.5301,73.8496,Commercial / Educational Urban Core,750618841,primary,Unnamed,1,yes,,,no,no,4,16.91,1468.82,STATIC_ROAD_NETWORK
11613,"Revenue Colony-Shivajinagar, Pune - IITM",18.5301,73.8496,Commercial / Educational Urban Core,750618842,primary,Underpass,1,yes,,,no,no,2,57.67,1464.76,STATIC_ROAD_NETWORK
11613,"Revenue Colony-Shivajinagar, Pune - IITM",18.5301,73.8496,Commercial / Educational Urban Core,750618843,primary,Underpass,1,yes,,,no,yes,2,27.83,1460.06,STATIC_ROAD_NETWORK
11613,"Revenue Colony-Shivajinagar, Pune - IITM",18.5301,73.8496,Commercial / Educational Urban Core,750618844,secondary,Unnamed,1,yes,,,no,no,2,12.08,1477.26,STATIC_ROAD_NETWORK
11613,"Revenue Colony-Shivajinagar, Pune - IITM",18.5301,73.8496,Commercial / Educational Urban Core,750618845,secondary,Unnamed,1,yes,,,no,no,2,10.04,1472.72,STATIC_ROAD_NETWORK
11613,"Revenue Colony-Shivajinagar, Pune - IITM",18.5301,73.8496,Commercial / Educational Urban Core,750618846,primary,Underpass,1,yes,,,no,no,4,105.03,1447.07,STATIC_ROAD_NETWORK
11613,"Revenue Colony-Shivajinagar, Pune - IITM",18.5301,73.8496,Commercial / Educational Urban Core,763533963,residential,Unnamed,1,no,,,no,no,3,125.9,1337.19,STATIC_ROAD_NETWORK
11613,"Revenue Colony-Shivajinagar, Pune - IITM",18.5301,73.8496,Commercial / Educational Urban Core,765097086,residential,Unnamed,1,no,,,no,no,8,119.27,1255.84,STATIC_ROAD_NETWORK
11613,"Revenue Colony-Shivajinagar, Pune - IITM",18.5301,73.8496,Commercial / Educational Urban Core,765984433,residential,Unnamed,1,no,,,no,no,4,52.32,1267.95,STATIC_ROAD_NETWORK
11613,"Revenue Colony-Shivajinagar, Pune - IITM",18.5301,73.8496,Commercial / Educational Urban Core,765984438,residential,Unnamed,1,no,,,no,no,6,26.46,404.66,STATIC_ROAD_NETWORK
11613,"Revenue Colony-Shivajinagar, Pune - IITM",18.5301,73.8496,Commercial / Educational Urban Core,768143201,residential,Unnamed,1,no,,,no,no,8,68.64,1215.01,STATIC_ROAD_NETWORK
11613,"Revenue Colony-Shivajinagar, Pune - IITM",18.5301,73.8496,Commercial / Educational Urban Core,771260691,residential,Unnamed,1,no,,,no,no,3,158.04,851.65,STATIC_ROAD_NETWORK
11613,"Revenue Colony-Shivajinagar, Pune - IITM",18.5301,73.8496,Commercial / Educational Urban Core,771687628,residential,Unnamed,1,no,,,no,no,7,238.35,1394.36,STATIC_ROAD_NETWORK
11613,"Revenue Colony-Shivajinagar, Pune - IITM",18.5301,73.8496,Commercial / Educational Urban Core,783092514,secondary,Unnamed,1,yes,,,no,no,2,13.82,926.3,STATIC_ROAD_NETWORK
11613,"Revenue Colony-Shivajinagar, Pune - IITM",18.5301,73.8496,Commercial / Educational Urban Core,783092515,secondary,Chhatrapati Shahu Setu,1,yes,,,no,no,2,12.55,938.98,STATIC_ROAD_NETWORK
11613,"Revenue Colony-Shivajinagar, Pune - IITM",18.5301,73.8496,Commercial / Educational Urban Core,783092516,secondary,Dengle Bridge,1,yes,,,no,no,2,11.34,947.31,STATIC_ROAD_NETWORK
11613,"Revenue Colony-Shivajinagar, Pune - IITM",18.5301,73.8496,Commercial / Educational Urban Core,783092517,secondary,Chhatrapati Shahu Setu,1,yes,,,no,no,3,8.48,1097.94,STATIC_ROAD_NETWORK
11613,"Revenue Colony-Shivajinagar, Pune - IITM",18.5301,73.8496,Commercial / Educational Urban Core,783092518,secondary,Unnamed,1,yes,,,no,no,2,13.38,1106.27,STATIC_ROAD_NETWORK
11613,"Revenue Colony-Shivajinagar, Pune - IITM",18.5301,73.8496,Commercial / Educational Urban Core,783094971,primary,Gopal Krushna Gokhale Path,2,yes,,,no,no,7,162.1,740.49,STATIC_ROAD_NETWORK
11613,"Revenue Colony-Shivajinagar, Pune - IITM",18.5301,73.8496,Commercial / Educational Urban Core,783094972,tertiary,Sqn Ldr Sureshchandra Bhagwat Marg,1,yes,,,no,no,7,39.16,740.49,STATIC_ROAD_NETWORK
11613,"Revenue Colony-Shivajinagar, Pune - IITM",18.5301,73.8496,Commercial / Educational Urban Core,783094973,primary,Gopal Krushna Gokhale Path,2,yes,,,no,no,7,158.86,739.11,STATIC_ROAD_NETWORK
11613,"Revenue Colony-Shivajinagar, Pune - IITM",18.5301,73.8496,Commercial / Educational Urban Core,783094975,tertiary,Sqn Ldr Sureshchandra Bhagwat Marg,1,yes,,,no,no,8,41.66,752.58,STATIC_ROAD_NETWORK
11613,"Revenue Colony-Shivajinagar, Pune - IITM",18.5301,73.8496,Commercial / Educational Urban Core,815335434,primary,Sangamwadi Road,2,yes,,asphalt,no,no,13,339.47,1002.92,STATIC_ROAD_NETWORK
11613,"Revenue Colony-Shivajinagar, Pune - IITM",18.5301,73.8496,Commercial / Educational Urban Core,815335436,primary,Old Pune–Mumbai Highway,2,yes,,,no,no,2,5.69,457.8,STATIC_ROAD_NETWORK
11613,"Revenue Colony-Shivajinagar, Pune - IITM",18.5301,73.8496,Commercial / Educational Urban Core,815335437,trunk,Old Pune–Mumbai Highway,2,yes,,,no,no,5,71.27,454.64,STATIC_ROAD_NETWORK
11613,"Revenue Colony-Shivajinagar, Pune - IITM",18.5301,73.8496,Commercial / Educational Urban Core,815335438,trunk,Unnamed,1,yes,,,no,no,6,24.93,592.2,STATIC_ROAD_NETWORK
11613,"Revenue Colony-Shivajinagar, Pune - IITM",18.5301,73.8496,Commercial / Educational Urban Core,815335444,primary,Sangamwadi Road,2,yes,,asphalt,no,no,10,485.37,1314.08,STATIC_ROAD_NETWORK
11613,"Revenue Colony-Shivajinagar, Pune - IITM",18.5301,73.8496,Commercial / Educational Urban Core,815393919,residential,Unnamed,1,no,,ground,no,no,28,1158.13,863.73,STATIC_ROAD_NETWORK
11613,"Revenue Colony-Shivajinagar, Pune - IITM",18.5301,73.8496,Commercial / Educational Urban Core,815393921,residential,Unnamed,1,no,,ground,no,no,18,430.78,1340.51,STATIC_ROAD_NETWORK
11613,"Revenue Colony-Shivajinagar, Pune - IITM",18.5301,73.8496,Commercial / Educational Urban Core,815399609,residential,Unnamed,1,no,,ground,no,no,7,615.05,1237.95,STATIC_ROAD_NETWORK
11613,"Revenue Colony-Shivajinagar, Pune - IITM",18.5301,73.8496,Commercial / Educational Urban Core,817467528,tertiary,New Wakadewadi MSRTC Bus Stand Road,1,yes,,,no,no,5,149.63,1415.17,STATIC_ROAD_NETWORK
11613,"Revenue Colony-Shivajinagar, Pune - IITM",18.5301,73.8496,Commercial / Educational Urban Core,817794771,residential,Unnamed,1,no,,,no,no,4,136.73,750.94,STATIC_ROAD_NETWORK
11613,"Revenue Colony-Shivajinagar, Pune - IITM",18.5301,73.8496,Commercial / Educational Urban Core,817794772,residential,Abdul Aziz Memon Path,1,no,,,no,no,3,50.86,707.18,STATIC_ROAD_NETWORK
11613,"Revenue Colony-Shivajinagar, Pune - IITM",18.5301,73.8496,Commercial / Educational Urban Core,817794774,residential,Unnamed,1,no,,,no,no,6,100.52,1068.57,STATIC_ROAD_NETWORK
11613,"Revenue Colony-Shivajinagar, Pune - IITM",18.5301,73.8496,Commercial / Educational Urban Core,817900770,tertiary,Unnamed,1,yes,,,no,no,8,164.55,727.38,STATIC_ROAD_NETWORK
11613,"Revenue Colony-Shivajinagar, Pune - IITM",18.5301,73.8496,Commercial / Educational Urban Core,817900771,tertiary,Unnamed,1,yes,,,no,no,9,202.67,723.32,STATIC_ROAD_NETWORK
11613,"Revenue Colony-Shivajinagar, Pune - IITM",18.5301,73.8496,Commercial / Educational Urban Core,817900772,tertiary,Unnamed,1,yes,,,no,no,2,11.07,719.26,STATIC_ROAD_NETWORK
11613,"Revenue Colony-Shivajinagar, Pune - IITM",18.5301,73.8496,Commercial / Educational Urban Core,817900776,trunk,Shivaji Road,2,yes,,,no,no,8,30.91,707.11,STATIC_ROAD_NETWORK
11613,"Revenue Colony-Shivajinagar, Pune - IITM",18.5301,73.8496,Commercial / Educational Urban Core,817900777,tertiary,Unnamed,1,no,,,no,no,2,7.09,721.99,STATIC_ROAD_NETWORK
11613,"Revenue Colony-Shivajinagar, Pune - IITM",18.5301,73.8496,Commercial / Educational Urban Core,817900781,trunk,Shivaji Road,1,yes,,,no,no,2,3.91,723.32,STATIC_ROAD_NETWORK
11613,"Revenue Colony-Shivajinagar, Pune - IITM",18.5301,73.8496,Commercial / Educational Urban Core,817900782,trunk,Shivaji Road,1,yes,,,no,no,4,12.16,726.93,STATIC_ROAD_NETWORK
11613,"Revenue Colony-Shivajinagar, Pune - IITM",18.5301,73.8496,Commercial / Educational Urban Core,817900784,tertiary,Unnamed,1,yes,,,no,no,10,51.19,698.7,STATIC_ROAD_NETWORK
11613,"Revenue Colony-Shivajinagar, Pune - IITM",18.5301,73.8496,Commercial / Educational Urban Core,817900788,tertiary,Unnamed,1,yes,,,no,no,6,22.4,707.11,STATIC_ROAD_NETWORK
11613,"Revenue Colony-Shivajinagar, Pune - IITM",18.5301,73.8496,Commercial / Educational Urban Core,817900789,trunk,Shivaji Road,2,yes,,asphalt,no,no,10,199.43,510.66,STATIC_ROAD_NETWORK
11613,"Revenue Colony-Shivajinagar, Pune - IITM",18.5301,73.8496,Commercial / Educational Urban Core,817900790,tertiary,Jnanoba Bhakuji Jadhav Path,1,yes,,,no,no,3,9.94,713.16,STATIC_ROAD_NETWORK
11613,"Revenue Colony-Shivajinagar, Pune - IITM",18.5301,73.8496,Commercial / Educational Urban Core,818055598,tertiary,Chaturshringi Road,1,yes,,,no,no,7,70.8,806.67,STATIC_ROAD_NETWORK
11613,"Revenue Colony-Shivajinagar, Pune - IITM",18.5301,73.8496,Commercial / Educational Urban Core,818055599,tertiary,Chaturshringi Road,2,yes,40,asphalt,no,no,7,66.3,806.67,STATIC_ROAD_NETWORK
11613,"Revenue Colony-Shivajinagar, Pune - IITM",18.5301,73.8496,Commercial / Educational Urban Core,838145969,primary,Gopal Krushna Gokhale Path,2,yes,,,no,no,5,118.75,555.32,STATIC_ROAD_NETWORK
11613,"Revenue Colony-Shivajinagar, Pune - IITM",18.5301,73.8496,Commercial / Educational Urban Core,838145970,primary,Gopal Krushna Gokhale Path,2,yes,,,no,no,4,22.4,544.62,STATIC_ROAD_NETWORK
11613,"Revenue Colony-Shivajinagar, Pune - IITM",18.5301,73.8496,Commercial / Educational Urban Core,838145972,primary,Ganeshkhind Road,1,yes,,,no,no,3,19.88,545.22,STATIC_ROAD_NETWORK
11613,"Revenue Colony-Shivajinagar, Pune - IITM",18.5301,73.8496,Commercial / Educational Urban Core,838145973,primary,Ganeshkhind Road,2,yes,,asphalt,no,no,7,193.94,565.06,STATIC_ROAD_NETWORK
11613,"Revenue Colony-Shivajinagar, Pune - IITM",18.5301,73.8496,Commercial / Educational Urban Core,838145975,primary,Gopal Krushna Gokhale Path,2,yes,,,no,no,2,13.24,545.22,STATIC_ROAD_NETWORK
11613,"Revenue Colony-Shivajinagar, Pune - IITM",18.5301,73.8496,Commercial / Educational Urban Core,838145977,primary,Ganeshkhind Road,1,yes,,asphalt,no,no,5,146.57,34.8,STATIC_ROAD_NETWORK
11613,"Revenue Colony-Shivajinagar, Pune - IITM",18.5301,73.8496,Commercial / Educational Urban Core,838145983,residential,Shivajinagar Railway Station Road,1,no,,,no,no,6,86.28,159.2,STATIC_ROAD_NETWORK
11613,"Revenue Colony-Shivajinagar, Pune - IITM",18.5301,73.8496,Commercial / Educational Urban Core,838145984,residential,Unnamed,1,yes,,,no,no,13,86.91,229.45,STATIC_ROAD_NETWORK
11613,"Revenue Colony-Shivajinagar, Pune - IITM",18.5301,73.8496,Commercial / Educational Urban Core,838145986,trunk,Bankimchandra Chatopadhyay Path,2,yes,,,no,no,9,174.42,193.09,STATIC_ROAD_NETWORK
11613,"Revenue Colony-Shivajinagar, Pune - IITM",18.5301,73.8496,Commercial / Educational Urban Core,838145987,trunk,Unnamed,1,yes,,,no,no,2,12.75,181.59,STATIC_ROAD_NETWORK
11613,"Revenue Colony-Shivajinagar, Pune - IITM",18.5301,73.8496,Commercial / Educational Urban Core,838145988,trunk,Unnamed,1,yes,,,no,no,2,14.13,181.59,STATIC_ROAD_NETWORK
11613,"Revenue Colony-Shivajinagar, Pune - IITM",18.5301,73.8496,Commercial / Educational Urban Core,838145989,primary,Bankimchandra Chatopadhyay Path Underpass,1,yes,,,no,no,2,31.25,181.59,STATIC_ROAD_NETWORK
11613,"Revenue Colony-Shivajinagar, Pune - IITM",18.5301,73.8496,Commercial / Educational Urban Core,838145990,trunk_link,Unnamed,2,yes,,,no,no,5,51.67,34.25,STATIC_ROAD_NETWORK
11613,"Revenue Colony-Shivajinagar, Pune - IITM",18.5301,73.8496,Commercial / Educational Urban Core,838145991,trunk,Ganeshkhind Road,2,yes,,,no,no,5,82.34,26.2,STATIC_ROAD_NETWORK
11613,"Revenue Colony-Shivajinagar, Pune - IITM",18.5301,73.8496,Commercial / Educational Urban Core,838145992,trunk,Unnamed,1,yes,,,no,no,5,83.57,99.22,STATIC_ROAD_NETWORK
11613,"Revenue Colony-Shivajinagar, Pune - IITM",18.5301,73.8496,Commercial / Educational Urban Core,838145993,residential,Bankimchandra Chatopadhyay Path,1,yes,,,no,no,9,191.65,341.73,STATIC_ROAD_NETWORK
11613,"Revenue Colony-Shivajinagar, Pune - IITM",18.5301,73.8496,Commercial / Educational Urban Core,838145996,primary,Ganeshkhind Road,2,yes,,asphalt,no,no,2,16.64,531.85,STATIC_ROAD_NETWORK
11613,"Revenue Colony-Shivajinagar, Pune - IITM",18.5301,73.8496,Commercial / Educational Urban Core,844553908,trunk,Shivaji Road,2,yes,,,no,no,2,24.88,35.16,STATIC_ROAD_NETWORK
11613,"Revenue Colony-Shivajinagar, Pune - IITM",18.5301,73.8496,Commercial / Educational Urban Core,855240392,residential,Unnamed,1,no,,,no,no,2,85.7,1364.51,STATIC_ROAD_NETWORK
11613,"Revenue Colony-Shivajinagar, Pune - IITM",18.5301,73.8496,Commercial / Educational Urban Core,855240393,residential,Unnamed,1,no,,,no,no,2,60.12,1451.25,STATIC_ROAD_NETWORK
11613,"Revenue Colony-Shivajinagar, Pune - IITM",18.5301,73.8496,Commercial / Educational Urban Core,855240394,residential,Unnamed,1,no,,,no,no,3,48.26,1215.02,STATIC_ROAD_NETWORK
11613,"Revenue Colony-Shivajinagar, Pune - IITM",18.5301,73.8496,Commercial / Educational Urban Core,855240396,residential,Unnamed,1,no,,,no,no,8,121.31,1287.69,STATIC_ROAD_NETWORK
11613,"Revenue Colony-Shivajinagar, Pune - IITM",18.5301,73.8496,Commercial / Educational Urban Core,855244787,residential,Unnamed,1,no,,,no,no,2,113.13,1114.16,STATIC_ROAD_NETWORK
11613,"Revenue Colony-Shivajinagar, Pune - IITM",18.5301,73.8496,Commercial / Educational Urban Core,855244789,residential,Unnamed,1,no,,,no,no,3,98.22,1459.47,STATIC_ROAD_NETWORK
11613,"Revenue Colony-Shivajinagar, Pune - IITM",18.5301,73.8496,Commercial / Educational Urban Core,855328746,secondary,Congress Bhavan Path,2,no,,asphalt,no,no,2,3.46,827.72,STATIC_ROAD_NETWORK
11613,"Revenue Colony-Shivajinagar, Pune - IITM",18.5301,73.8496,Commercial / Educational Urban Core,858882004,residential,Unnamed,1,no,,,no,no,4,145.55,1445.06,STATIC_ROAD_NETWORK
11613,"Revenue Colony-Shivajinagar, Pune - IITM",18.5301,73.8496,Commercial / Educational Urban Core,858888364,residential,Unnamed,1,no,,,no,no,6,82.52,934.55,STATIC_ROAD_NETWORK
11613,"Revenue Colony-Shivajinagar, Pune - IITM",18.5301,73.8496,Commercial / Educational Urban Core,858888366,residential,Unnamed,1,no,,,no,no,2,125.55,932.67,STATIC_ROAD_NETWORK
11613,"Revenue Colony-Shivajinagar, Pune - IITM",18.5301,73.8496,Commercial / Educational Urban Core,858888367,residential,Unnamed,1,no,,,no,no,4,59.14,902.98,STATIC_ROAD_NETWORK
11613,"Revenue Colony-Shivajinagar, Pune - IITM",18.5301,73.8496,Commercial / Educational Urban Core,858888368,residential,Unnamed,1,no,,,no,no,2,50.82,923.45,STATIC_ROAD_NETWORK
11613,"Revenue Colony-Shivajinagar, Pune - IITM",18.5301,73.8496,Commercial / Educational Urban Core,858888369,residential,Unnamed,1,no,,,no,no,2,53.32,899.13,STATIC_ROAD_NETWORK
11613,"Revenue Colony-Shivajinagar, Pune - IITM",18.5301,73.8496,Commercial / Educational Urban Core,859121119,residential,Unnamed,1,no,,,no,no,7,175.94,1419.09,STATIC_ROAD_NETWORK
11613,"Revenue Colony-Shivajinagar, Pune - IITM",18.5301,73.8496,Commercial / Educational Urban Core,859121121,residential,Unnamed,1,no,,,no,no,8,138.22,1309.43,STATIC_ROAD_NETWORK
11613,"Revenue Colony-Shivajinagar, Pune - IITM",18.5301,73.8496,Commercial / Educational Urban Core,859126078,residential,Unnamed,1,no,,,no,no,13,224.23,633.32,STATIC_ROAD_NETWORK
11613,"Revenue Colony-Shivajinagar, Pune - IITM",18.5301,73.8496,Commercial / Educational Urban Core,859130890,residential,Unnamed,1,no,,,no,no,7,73.12,394.4,STATIC_ROAD_NETWORK
11613,"Revenue Colony-Shivajinagar, Pune - IITM",18.5301,73.8496,Commercial / Educational Urban Core,859130891,residential,Unnamed,1,no,,,no,no,4,139.12,730.22,STATIC_ROAD_NETWORK
11613,"Revenue Colony-Shivajinagar, Pune - IITM",18.5301,73.8496,Commercial / Educational Urban Core,859130893,residential,Unnamed,1,no,,,no,no,2,114.33,1291.33,STATIC_ROAD_NETWORK
11613,"Revenue Colony-Shivajinagar, Pune - IITM",18.5301,73.8496,Commercial / Educational Urban Core,859142176,residential,Unnamed,1,no,,,no,no,3,130.09,671.2,STATIC_ROAD_NETWORK
11613,"Revenue Colony-Shivajinagar, Pune - IITM",18.5301,73.8496,Commercial / Educational Urban Core,859142177,residential,Unnamed,1,no,,,no,no,2,66.86,677.65,STATIC_ROAD_NETWORK
11613,"Revenue Colony-Shivajinagar, Pune - IITM",18.5301,73.8496,Commercial / Educational Urban Core,859221712,residential,Unnamed,1,no,,,no,no,7,134.82,954.5,STATIC_ROAD_NETWORK
11613,"Revenue Colony-Shivajinagar, Pune - IITM",18.5301,73.8496,Commercial / Educational Urban Core,862965711,primary,Bharatratna Atal Bihari Vajpayee Flyover,2,yes,30,asphalt,no,no,2,39.26,258.91,STATIC_ROAD_NETWORK
11613,"Revenue Colony-Shivajinagar, Pune - IITM",18.5301,73.8496,Commercial / Educational Urban Core,864945318,trunk,Old Pune–Mumbai Highway,1,yes,,,no,no,2,21.86,584.74,STATIC_ROAD_NETWORK
11613,"Revenue Colony-Shivajinagar, Pune - IITM",18.5301,73.8496,Commercial / Educational Urban Core,864987889,tertiary,Chaturshringi Road,2,yes,40,asphalt,no,no,2,5.55,856.02,STATIC_ROAD_NETWORK
11613,"Revenue Colony-Shivajinagar, Pune - IITM",18.5301,73.8496,Commercial / Educational Urban Core,864987891,tertiary,Chaturshringi Road,2,yes,,asphalt,no,no,3,16.02,859.88,STATIC_ROAD_NETWORK
11613,"Revenue Colony-Shivajinagar, Pune - IITM",18.5301,73.8496,Commercial / Educational Urban Core,864987892,tertiary,Chaturshringi Road,1,yes,,asphalt,no,no,3,18.23,852.79,STATIC_ROAD_NETWORK
11613,"Revenue Colony-Shivajinagar, Pune - IITM",18.5301,73.8496,Commercial / Educational Urban Core,867937607,residential,Dagadi Pool Road,1,yes,,,no,no,4,24.83,1119.63,STATIC_ROAD_NETWORK
11613,"Revenue Colony-Shivajinagar, Pune - IITM",18.5301,73.8496,Commercial / Educational Urban Core,867937608,residential,Dagadi Pool Road,1,yes,,,no,no,3,23.41,1124.44,STATIC_ROAD_NETWORK
11613,"Revenue Colony-Shivajinagar, Pune - IITM",18.5301,73.8496,Commercial / Educational Urban Core,999982720,primary,Shivajinagar Railway Station Road,1,yes,,,no,no,6,100.52,26.2,STATIC_ROAD_NETWORK
11613,"Revenue Colony-Shivajinagar, Pune - IITM",18.5301,73.8496,Commercial / Educational Urban Core,1001048486,primary,Unnamed,1,no,,,no,no,2,28.66,531.85,STATIC_ROAD_NETWORK
11613,"Revenue Colony-Shivajinagar, Pune - IITM",18.5301,73.8496,Commercial / Educational Urban Core,1010245033,residential,Unnamed,1,no,,,no,no,5,119.87,625.76,STATIC_ROAD_NETWORK
11613,"Revenue Colony-Shivajinagar, Pune - IITM",18.5301,73.8496,Commercial / Educational Urban Core,1057190313,tertiary,Sqn Ldr Sureshchandra Bhagwat Marg,1,yes,,,no,no,3,23.94,730.76,STATIC_ROAD_NETWORK
11613,"Revenue Colony-Shivajinagar, Pune - IITM",18.5301,73.8496,Commercial / Educational Urban Core,1063481201,residential,J. P. Trivedi Path,1,yes,,,no,no,2,48.76,911.23,STATIC_ROAD_NETWORK
11613,"Revenue Colony-Shivajinagar, Pune - IITM",18.5301,73.8496,Commercial / Educational Urban Core,1063481202,residential,J. P. Trivedi Path,1,yes,,,no,no,2,17.91,911.23,STATIC_ROAD_NETWORK
11613,"Revenue Colony-Shivajinagar, Pune - IITM",18.5301,73.8496,Commercial / Educational Urban Core,1063567082,residential,Unnamed,1,no,,,no,no,5,262.44,873.44,STATIC_ROAD_NETWORK
11613,"Revenue Colony-Shivajinagar, Pune - IITM",18.5301,73.8496,Commercial / Educational Urban Core,1065431838,tertiary,Unnamed,1,no,,,no,no,2,6.65,725.84,STATIC_ROAD_NETWORK
11613,"Revenue Colony-Shivajinagar, Pune - IITM",18.5301,73.8496,Commercial / Educational Urban Core,1086686389,primary,Ganeshkhind Road,2,yes,,asphalt,no,no,10,464.57,754.58,STATIC_ROAD_NETWORK
11613,"Revenue Colony-Shivajinagar, Pune - IITM",18.5301,73.8496,Commercial / Educational Urban Core,1088755905,trunk,Bajirao Road,1,yes,,,no,no,6,25.28,1095.17,STATIC_ROAD_NETWORK
11613,"Revenue Colony-Shivajinagar, Pune - IITM",18.5301,73.8496,Commercial / Educational Urban Core,1088755906,trunk,Shivaji Road,1,yes,,,no,no,4,41.06,1143.02,STATIC_ROAD_NETWORK
11613,"Revenue Colony-Shivajinagar, Pune - IITM",18.5301,73.8496,Commercial / Educational Urban Core,1088755907,secondary,Veer Santaji Ghorpade Marg,3,yes,,,no,no,4,21.13,1130.43,STATIC_ROAD_NETWORK
11613,"Revenue Colony-Shivajinagar, Pune - IITM",18.5301,73.8496,Commercial / Educational Urban Core,1088755908,secondary,Veer Santaji Ghorpade Marg,3,yes,,,no,no,14,412.37,1094.37,STATIC_ROAD_NETWORK
11613,"Revenue Colony-Shivajinagar, Pune - IITM",18.5301,73.8496,Commercial / Educational Urban Core,1088755909,trunk,Shivaji Road,1,yes,,,no,no,3,23.63,1119.41,STATIC_ROAD_NETWORK
11613,"Revenue Colony-Shivajinagar, Pune - IITM",18.5301,73.8496,Commercial / Educational Urban Core,1091241924,residential,Unnamed,1,no,,,no,no,6,114.59,769.38,STATIC_ROAD_NETWORK
11613,"Revenue Colony-Shivajinagar, Pune - IITM",18.5301,73.8496,Commercial / Educational Urban Core,1097888849,residential,Unnamed,1,no,,,no,no,4,65.94,1169.88,STATIC_ROAD_NETWORK
11613,"Revenue Colony-Shivajinagar, Pune - IITM",18.5301,73.8496,Commercial / Educational Urban Core,1097888850,residential,Unnamed,1,no,,,no,no,2,80.07,1255.95,STATIC_ROAD_NETWORK
11613,"Revenue Colony-Shivajinagar, Pune - IITM",18.5301,73.8496,Commercial / Educational Urban Core,1098584798,residential,Unnamed,1,no,,,no,no,3,87.24,1353.58,STATIC_ROAD_NETWORK
11613,"Revenue Colony-Shivajinagar, Pune - IITM",18.5301,73.8496,Commercial / Educational Urban Core,1103832347,residential,Unnamed,1,no,,,no,no,3,69.67,1041.05,STATIC_ROAD_NETWORK
11613,"Revenue Colony-Shivajinagar, Pune - IITM",18.5301,73.8496,Commercial / Educational Urban Core,1107093507,residential,Unnamed,1,no,,,no,no,2,114.93,1330.53,STATIC_ROAD_NETWORK
11613,"Revenue Colony-Shivajinagar, Pune - IITM",18.5301,73.8496,Commercial / Educational Urban Core,1111958632,trunk,Ganeshkhind Road,2,yes,,asphalt,no,no,4,39.81,8.39,STATIC_ROAD_NETWORK
11613,"Revenue Colony-Shivajinagar, Pune - IITM",18.5301,73.8496,Commercial / Educational Urban Core,1111958633,primary,Ganeshkhind Road,2,yes,,asphalt,no,no,3,35.49,8.39,STATIC_ROAD_NETWORK
11613,"Revenue Colony-Shivajinagar, Pune - IITM",18.5301,73.8496,Commercial / Educational Urban Core,1111987184,residential,Unnamed,1,no,,,no,no,3,163.27,626.8,STATIC_ROAD_NETWORK
11613,"Revenue Colony-Shivajinagar, Pune - IITM",18.5301,73.8496,Commercial / Educational Urban Core,1116174341,primary,Ganeshkhind Road,2,yes,,asphalt,no,no,2,18.52,20.67,STATIC_ROAD_NETWORK
11613,"Revenue Colony-Shivajinagar, Pune - IITM",18.5301,73.8496,Commercial / Educational Urban Core,1116174343,trunk,Unnamed,1,yes,,,no,no,4,32.16,20.15,STATIC_ROAD_NETWORK
11613,"Revenue Colony-Shivajinagar, Pune - IITM",18.5301,73.8496,Commercial / Educational Urban Core,1116947811,trunk,Unnamed,1,yes,,,no,no,2,12.97,20.15,STATIC_ROAD_NETWORK
11613,"Revenue Colony-Shivajinagar, Pune - IITM",18.5301,73.8496,Commercial / Educational Urban Core,1116947812,trunk,Unnamed,1,yes,,,no,no,2,16.6,8.39,STATIC_ROAD_NETWORK
11613,"Revenue Colony-Shivajinagar, Pune - IITM",18.5301,73.8496,Commercial / Educational Urban Core,1117959138,residential,Unnamed,1,no,,,no,no,4,198.29,298.74,STATIC_ROAD_NETWORK
11613,"Revenue Colony-Shivajinagar, Pune - IITM",18.5301,73.8496,Commercial / Educational Urban Core,1117959139,residential,Unnamed,1,no,,,no,no,2,102.31,348.25,STATIC_ROAD_NETWORK
11613,"Revenue Colony-Shivajinagar, Pune - IITM",18.5301,73.8496,Commercial / Educational Urban Core,1117959142,living_street,Unnamed,1,no,,,no,no,3,86.23,305.96,STATIC_ROAD_NETWORK
11613,"Revenue Colony-Shivajinagar, Pune - IITM",18.5301,73.8496,Commercial / Educational Urban Core,1117959143,living_street,Unnamed,1,no,,,no,no,3,35.23,226.12,STATIC_ROAD_NETWORK
11613,"Revenue Colony-Shivajinagar, Pune - IITM",18.5301,73.8496,Commercial / Educational Urban Core,1117959144,living_street,Unnamed,1,no,,,no,no,5,24.74,220.63,STATIC_ROAD_NETWORK
11613,"Revenue Colony-Shivajinagar, Pune - IITM",18.5301,73.8496,Commercial / Educational Urban Core,1117959145,living_street,Unnamed,1,no,,,no,no,3,46.66,226.12,STATIC_ROAD_NETWORK
11613,"Revenue Colony-Shivajinagar, Pune - IITM",18.5301,73.8496,Commercial / Educational Urban Core,1117959146,living_street,Unnamed,1,no,,,no,no,7,77.94,264.03,STATIC_ROAD_NETWORK
11613,"Revenue Colony-Shivajinagar, Pune - IITM",18.5301,73.8496,Commercial / Educational Urban Core,1117974650,residential,Unnamed,1,no,,,no,no,2,60.03,397.53,STATIC_ROAD_NETWORK
11613,"Revenue Colony-Shivajinagar, Pune - IITM",18.5301,73.8496,Commercial / Educational Urban Core,1117974660,residential,Unnamed,1,no,,,no,no,3,56.29,1021.72,STATIC_ROAD_NETWORK
11613,"Revenue Colony-Shivajinagar, Pune - IITM",18.5301,73.8496,Commercial / Educational Urban Core,1117977232,residential,Unnamed,1,no,,,no,no,2,55.15,803.83,STATIC_ROAD_NETWORK
11613,"Revenue Colony-Shivajinagar, Pune - IITM",18.5301,73.8496,Commercial / Educational Urban Core,1117977234,residential,Unnamed,1,no,,,no,no,2,23.68,1030.42,STATIC_ROAD_NETWORK
11613,"Revenue Colony-Shivajinagar, Pune - IITM",18.5301,73.8496,Commercial / Educational Urban Core,1117977437,residential,Unnamed,1,no,,,no,no,7,89.74,1291.91,STATIC_ROAD_NETWORK
11613,"Revenue Colony-Shivajinagar, Pune - IITM",18.5301,73.8496,Commercial / Educational Urban Core,1117977438,primary_link,Unnamed,1,yes,,,no,no,7,30.22,1441.33,STATIC_ROAD_NETWORK
11613,"Revenue Colony-Shivajinagar, Pune - IITM",18.5301,73.8496,Commercial / Educational Urban Core,1117977439,secondary_link,Unnamed,1,no,,,no,no,4,41.5,1423.14,STATIC_ROAD_NETWORK
11613,"Revenue Colony-Shivajinagar, Pune - IITM",18.5301,73.8496,Commercial / Educational Urban Core,1117977440,residential,Unnamed,1,no,,,no,no,4,35.96,1428.22,STATIC_ROAD_NETWORK
11613,"Revenue Colony-Shivajinagar, Pune - IITM",18.5301,73.8496,Commercial / Educational Urban Core,1117977441,residential,Unnamed,1,no,,,no,no,2,44.02,1485.21,STATIC_ROAD_NETWORK
11613,"Revenue Colony-Shivajinagar, Pune - IITM",18.5301,73.8496,Commercial / Educational Urban Core,1117977442,living_street,Unnamed,1,no,,,no,no,15,175.08,1374.48,STATIC_ROAD_NETWORK
11613,"Revenue Colony-Shivajinagar, Pune - IITM",18.5301,73.8496,Commercial / Educational Urban Core,1117977443,living_street,Unnamed,1,no,,,no,no,10,114.61,1365.9,STATIC_ROAD_NETWORK
11613,"Revenue Colony-Shivajinagar, Pune - IITM",18.5301,73.8496,Commercial / Educational Urban Core,1117977445,residential,Unnamed,1,no,,,no,no,2,59.03,1397.33,STATIC_ROAD_NETWORK
11613,"Revenue Colony-Shivajinagar, Pune - IITM",18.5301,73.8496,Commercial / Educational Urban Core,1117981172,living_street,Unnamed,1,no,,,no,no,5,86.1,1405.53,STATIC_ROAD_NETWORK
11613,"Revenue Colony-Shivajinagar, Pune - IITM",18.5301,73.8496,Commercial / Educational Urban Core,1117981173,residential,Unnamed,1,no,,,no,no,6,80.87,1491.33,STATIC_ROAD_NETWORK
11613,"Revenue Colony-Shivajinagar, Pune - IITM",18.5301,73.8496,Commercial / Educational Urban Core,1117981186,living_street,Unnamed,1,no,,,no,no,4,43.68,1217.34,STATIC_ROAD_NETWORK
11613,"Revenue Colony-Shivajinagar, Pune - IITM",18.5301,73.8496,Commercial / Educational Urban Core,1117981187,residential,Unnamed,1,no,,,no,no,2,39.73,1170.51,STATIC_ROAD_NETWORK
11613,"Revenue Colony-Shivajinagar, Pune - IITM",18.5301,73.8496,Commercial / Educational Urban Core,1117982789,residential,Unnamed,1,no,,,no,no,2,31.03,1350.09,STATIC_ROAD_NETWORK
11613,"Revenue Colony-Shivajinagar, Pune - IITM",18.5301,73.8496,Commercial / Educational Urban Core,1117982790,residential,Unnamed,1,no,,,no,no,8,92.48,1374.96,STATIC_ROAD_NETWORK
11613,"Revenue Colony-Shivajinagar, Pune - IITM",18.5301,73.8496,Commercial / Educational Urban Core,1117982791,living_street,Unnamed,1,no,,,no,no,2,38.84,1479.25,STATIC_ROAD_NETWORK
11613,"Revenue Colony-Shivajinagar, Pune - IITM",18.5301,73.8496,Commercial / Educational Urban Core,1117985106,residential,Unnamed,1,no,,,no,no,4,98.69,1169.99,STATIC_ROAD_NETWORK
11613,"Revenue Colony-Shivajinagar, Pune - IITM",18.5301,73.8496,Commercial / Educational Urban Core,1117985107,residential,Unnamed,1,no,,,no,no,2,13.65,1213.93,STATIC_ROAD_NETWORK
11613,"Revenue Colony-Shivajinagar, Pune - IITM",18.5301,73.8496,Commercial / Educational Urban Core,1117985108,living_street,Unnamed,1,no,,,no,no,5,127.64,1148.24,STATIC_ROAD_NETWORK
11613,"Revenue Colony-Shivajinagar, Pune - IITM",18.5301,73.8496,Commercial / Educational Urban Core,1117985109,residential,Unnamed,1,no,,,no,no,2,60.07,1160.45,STATIC_ROAD_NETWORK
11613,"Revenue Colony-Shivajinagar, Pune - IITM",18.5301,73.8496,Commercial / Educational Urban Core,1117985110,residential,Unnamed,1,no,,,no,no,6,32.06,1090.46,STATIC_ROAD_NETWORK
11613,"Revenue Colony-Shivajinagar, Pune - IITM",18.5301,73.8496,Commercial / Educational Urban Core,1117985111,residential,Unnamed,1,no,,,no,no,2,26.94,1107.65,STATIC_ROAD_NETWORK
11613,"Revenue Colony-Shivajinagar, Pune - IITM",18.5301,73.8496,Commercial / Educational Urban Core,1117985112,residential,Unnamed,1,no,,,no,no,3,44.21,1132.97,STATIC_ROAD_NETWORK
11613,"Revenue Colony-Shivajinagar, Pune - IITM",18.5301,73.8496,Commercial / Educational Urban Core,1117985113,residential,Unnamed,1,no,,,no,no,6,46.12,1072.87,STATIC_ROAD_NETWORK
11613,"Revenue Colony-Shivajinagar, Pune - IITM",18.5301,73.8496,Commercial / Educational Urban Core,1117985114,residential,Unnamed,1,no,,,no,no,4,95.91,1131.59,STATIC_ROAD_NETWORK
11613,"Revenue Colony-Shivajinagar, Pune - IITM",18.5301,73.8496,Commercial / Educational Urban Core,1117985115,residential,Unnamed,1,no,,,no,no,2,38.09,1133.74,STATIC_ROAD_NETWORK
11613,"Revenue Colony-Shivajinagar, Pune - IITM",18.5301,73.8496,Commercial / Educational Urban Core,1117996523,residential,Unnamed,1,no,,,no,no,3,43.19,1308.49,STATIC_ROAD_NETWORK
11613,"Revenue Colony-Shivajinagar, Pune - IITM",18.5301,73.8496,Commercial / Educational Urban Core,1117996524,residential,Unnamed,1,no,,,no,no,4,33.58,1376.38,STATIC_ROAD_NETWORK
11613,"Revenue Colony-Shivajinagar, Pune - IITM",18.5301,73.8496,Commercial / Educational Urban Core,1117996525,residential,Unnamed,1,no,,,no,no,8,60.01,1351.53,STATIC_ROAD_NETWORK
11613,"Revenue Colony-Shivajinagar, Pune - IITM",18.5301,73.8496,Commercial / Educational Urban Core,1117996526,residential,Unnamed,1,no,,,no,no,2,25.52,1462.69,STATIC_ROAD_NETWORK
11613,"Revenue Colony-Shivajinagar, Pune - IITM",18.5301,73.8496,Commercial / Educational Urban Core,1117996527,living_street,Unnamed,1,no,,,no,no,4,60.68,1484.47,STATIC_ROAD_NETWORK
11613,"Revenue Colony-Shivajinagar, Pune - IITM",18.5301,73.8496,Commercial / Educational Urban Core,1118001552,residential,Unnamed,1,no,,,no,no,4,123.78,1297.48,STATIC_ROAD_NETWORK
11613,"Revenue Colony-Shivajinagar, Pune - IITM",18.5301,73.8496,Commercial / Educational Urban Core,1118001553,residential,Unnamed,1,no,,,no,no,2,37.86,1337.32,STATIC_ROAD_NETWORK
11613,"Revenue Colony-Shivajinagar, Pune - IITM",18.5301,73.8496,Commercial / Educational Urban Core,1118002082,residential,Unnamed,1,no,,,no,no,2,49.95,1431.5,STATIC_ROAD_NETWORK
11613,"Revenue Colony-Shivajinagar, Pune - IITM",18.5301,73.8496,Commercial / Educational Urban Core,1118002083,residential,Unnamed,1,no,,,no,no,5,147.63,1326.8,STATIC_ROAD_NETWORK
11613,"Revenue Colony-Shivajinagar, Pune - IITM",18.5301,73.8496,Commercial / Educational Urban Core,1118003096,residential,Unnamed,1,no,,,no,no,3,25.76,925.57,STATIC_ROAD_NETWORK
11613,"Revenue Colony-Shivajinagar, Pune - IITM",18.5301,73.8496,Commercial / Educational Urban Core,1118007542,living_street,Unnamed,1,no,,,no,no,2,26.33,655.66,STATIC_ROAD_NETWORK
11613,"Revenue Colony-Shivajinagar, Pune - IITM",18.5301,73.8496,Commercial / Educational Urban Core,1118007543,living_street,Unnamed,1,no,,,no,no,6,96.08,664.17,STATIC_ROAD_NETWORK
11613,"Revenue Colony-Shivajinagar, Pune - IITM",18.5301,73.8496,Commercial / Educational Urban Core,1118007544,living_street,Unnamed,1,no,,,no,no,2,25.63,678.7,STATIC_ROAD_NETWORK
11613,"Revenue Colony-Shivajinagar, Pune - IITM",18.5301,73.8496,Commercial / Educational Urban Core,1118007545,residential,Unnamed,1,no,,,no,no,3,49.0,693.28,STATIC_ROAD_NETWORK
11613,"Revenue Colony-Shivajinagar, Pune - IITM",18.5301,73.8496,Commercial / Educational Urban Core,1118007546,residential,Unnamed,1,no,,,no,no,2,28.97,675.5,STATIC_ROAD_NETWORK
11613,"Revenue Colony-Shivajinagar, Pune - IITM",18.5301,73.8496,Commercial / Educational Urban Core,1118007548,residential,Unnamed,1,no,,,no,no,2,70.26,212.9,STATIC_ROAD_NETWORK
11613,"Revenue Colony-Shivajinagar, Pune - IITM",18.5301,73.8496,Commercial / Educational Urban Core,1118007549,residential,Unnamed,1,no,,,no,no,2,75.97,233.19,STATIC_ROAD_NETWORK
11613,"Revenue Colony-Shivajinagar, Pune - IITM",18.5301,73.8496,Commercial / Educational Urban Core,1118009180,residential,Unnamed,1,no,,,no,no,3,36.98,586.91,STATIC_ROAD_NETWORK
11613,"Revenue Colony-Shivajinagar, Pune - IITM",18.5301,73.8496,Commercial / Educational Urban Core,1118009188,residential,Unnamed,1,no,,,no,no,2,39.19,1171.18,STATIC_ROAD_NETWORK
11613,"Revenue Colony-Shivajinagar, Pune - IITM",18.5301,73.8496,Commercial / Educational Urban Core,1118009189,residential,Unnamed,1,no,,,no,no,2,48.96,1228.82,STATIC_ROAD_NETWORK
11613,"Revenue Colony-Shivajinagar, Pune - IITM",18.5301,73.8496,Commercial / Educational Urban Core,1118009192,residential,Unnamed,1,no,,,no,no,2,59.81,1390.85,STATIC_ROAD_NETWORK
11613,"Revenue Colony-Shivajinagar, Pune - IITM",18.5301,73.8496,Commercial / Educational Urban Core,1118009970,living_street,Unnamed,1,no,,,no,no,4,47.26,1410.76,STATIC_ROAD_NETWORK
11613,"Revenue Colony-Shivajinagar, Pune - IITM",18.5301,73.8496,Commercial / Educational Urban Core,1118009972,living_street,Unnamed,1,no,,,no,no,5,121.33,1357.09,STATIC_ROAD_NETWORK
11613,"Revenue Colony-Shivajinagar, Pune - IITM",18.5301,73.8496,Commercial / Educational Urban Core,1118009973,living_street,Unnamed,1,no,,,no,no,2,10.55,1371.79,STATIC_ROAD_NETWORK
11613,"Revenue Colony-Shivajinagar, Pune - IITM",18.5301,73.8496,Commercial / Educational Urban Core,1118012581,residential,Unnamed,1,no,,,no,no,4,65.3,1482.67,STATIC_ROAD_NETWORK
11613,"Revenue Colony-Shivajinagar, Pune - IITM",18.5301,73.8496,Commercial / Educational Urban Core,1118020197,residential,Unnamed,1,no,,,no,no,3,87.91,1498.01,STATIC_ROAD_NETWORK
11613,"Revenue Colony-Shivajinagar, Pune - IITM",18.5301,73.8496,Commercial / Educational Urban Core,1118635392,trunk_link,Unnamed,1,yes,,,no,no,2,11.9,757.63,STATIC_ROAD_NETWORK
11613,"Revenue Colony-Shivajinagar, Pune - IITM",18.5301,73.8496,Commercial / Educational Urban Core,1118813088,primary,Jangli Maharaj Path,4,yes,,asphalt,no,no,3,66.59,827.72,STATIC_ROAD_NETWORK
11613,"Revenue Colony-Shivajinagar, Pune - IITM",18.5301,73.8496,Commercial / Educational Urban Core,1118819947,residential,Unnamed,1,no,,,no,no,2,36.01,898.01,STATIC_ROAD_NETWORK
11613,"Revenue Colony-Shivajinagar, Pune - IITM",18.5301,73.8496,Commercial / Educational Urban Core,1118894173,trunk,Old Pune–Mumbai Highway,3,yes,,,no,no,16,725.51,1405.82,STATIC_ROAD_NETWORK
11613,"Revenue Colony-Shivajinagar, Pune - IITM",18.5301,73.8496,Commercial / Educational Urban Core,1118894174,trunk,Old Pune–Mumbai Highway,3,yes,40,,no,no,3,17.16,1388.6,STATIC_ROAD_NETWORK
11613,"Revenue Colony-Shivajinagar, Pune - IITM",18.5301,73.8496,Commercial / Educational Urban Core,1118894175,trunk,Old Pune–Mumbai Highway,3,yes,40,,no,no,40,1049.32,480.8,STATIC_ROAD_NETWORK
11613,"Revenue Colony-Shivajinagar, Pune - IITM",18.5301,73.8496,Commercial / Educational Urban Core,1118894176,tertiary,New Wakadewadi MSRTC Bus Stand Road,1,yes,,,no,no,17,554.61,862.25,STATIC_ROAD_NETWORK
11613,"Revenue Colony-Shivajinagar, Pune - IITM",18.5301,73.8496,Commercial / Educational Urban Core,1119774877,residential,Unnamed,1,no,,,no,no,4,195.11,1286.92,STATIC_ROAD_NETWORK
11613,"Revenue Colony-Shivajinagar, Pune - IITM",18.5301,73.8496,Commercial / Educational Urban Core,1119774878,residential,Unnamed,1,no,,,no,no,4,64.43,1261.79,STATIC_ROAD_NETWORK
11613,"Revenue Colony-Shivajinagar, Pune - IITM",18.5301,73.8496,Commercial / Educational Urban Core,1119774880,residential,Unnamed,1,no,,,no,no,2,15.31,1099.75,STATIC_ROAD_NETWORK
11613,"Revenue Colony-Shivajinagar, Pune - IITM",18.5301,73.8496,Commercial / Educational Urban Core,1119774882,residential,Unnamed,1,no,,,no,no,5,84.65,1074.48,STATIC_ROAD_NETWORK
11613,"Revenue Colony-Shivajinagar, Pune - IITM",18.5301,73.8496,Commercial / Educational Urban Core,1119774887,residential,Unnamed,1,no,,,no,no,3,50.0,1023.22,STATIC_ROAD_NETWORK
11613,"Revenue Colony-Shivajinagar, Pune - IITM",18.5301,73.8496,Commercial / Educational Urban Core,1119774888,residential,Unnamed,1,no,,,no,no,4,60.72,1000.19,STATIC_ROAD_NETWORK
11613,"Revenue Colony-Shivajinagar, Pune - IITM",18.5301,73.8496,Commercial / Educational Urban Core,1119774897,residential,Unnamed,1,no,,,no,no,9,169.24,696.16,STATIC_ROAD_NETWORK
11613,"Revenue Colony-Shivajinagar, Pune - IITM",18.5301,73.8496,Commercial / Educational Urban Core,1119774899,residential,Unnamed,1,no,,,no,no,3,43.94,664.19,STATIC_ROAD_NETWORK
11613,"Revenue Colony-Shivajinagar, Pune - IITM",18.5301,73.8496,Commercial / Educational Urban Core,1119775909,residential,Unnamed,1,no,,,no,no,3,88.42,316.65,STATIC_ROAD_NETWORK
11613,"Revenue Colony-Shivajinagar, Pune - IITM",18.5301,73.8496,Commercial / Educational Urban Core,1119775910,residential,Unnamed,1,no,,,no,no,3,89.45,349.63,STATIC_ROAD_NETWORK
11613,"Revenue Colony-Shivajinagar, Pune - IITM",18.5301,73.8496,Commercial / Educational Urban Core,1119775912,residential,Unnamed,1,no,,,no,no,6,156.42,358.7,STATIC_ROAD_NETWORK
11613,"Revenue Colony-Shivajinagar, Pune - IITM",18.5301,73.8496,Commercial / Educational Urban Core,1119775917,residential,Unnamed,1,no,,,no,no,5,75.37,570.85,STATIC_ROAD_NETWORK
11613,"Revenue Colony-Shivajinagar, Pune - IITM",18.5301,73.8496,Commercial / Educational Urban Core,1119787937,residential,Unnamed,1,no,,,no,no,5,100.52,1333.47,STATIC_ROAD_NETWORK
11613,"Revenue Colony-Shivajinagar, Pune - IITM",18.5301,73.8496,Commercial / Educational Urban Core,1119787944,residential,Unnamed,1,no,,,no,no,3,145.89,1156.18,STATIC_ROAD_NETWORK
11613,"Revenue Colony-Shivajinagar, Pune - IITM",18.5301,73.8496,Commercial / Educational Urban Core,1119787945,residential,Unnamed,1,no,,,no,no,3,35.58,1212.04,STATIC_ROAD_NETWORK
11613,"Revenue Colony-Shivajinagar, Pune - IITM",18.5301,73.8496,Commercial / Educational Urban Core,1119787946,residential,Unnamed,1,no,,,no,no,2,56.73,1269.78,STATIC_ROAD_NETWORK
11613,"Revenue Colony-Shivajinagar, Pune - IITM",18.5301,73.8496,Commercial / Educational Urban Core,1119787947,living_street,Unnamed,1,no,,,no,no,15,174.77,1324.26,STATIC_ROAD_NETWORK
11613,"Revenue Colony-Shivajinagar, Pune - IITM",18.5301,73.8496,Commercial / Educational Urban Core,1119824679,residential,Unnamed,1,no,,,no,no,4,203.91,1174.85,STATIC_ROAD_NETWORK
11613,"Revenue Colony-Shivajinagar, Pune - IITM",18.5301,73.8496,Commercial / Educational Urban Core,1119824680,residential,Unnamed,1,no,,,no,no,3,102.49,1075.36,STATIC_ROAD_NETWORK
11613,"Revenue Colony-Shivajinagar, Pune - IITM",18.5301,73.8496,Commercial / Educational Urban Core,1119826446,residential,Unnamed,1,no,,,no,no,3,50.47,988.65,STATIC_ROAD_NETWORK
11613,"Revenue Colony-Shivajinagar, Pune - IITM",18.5301,73.8496,Commercial / Educational Urban Core,1122235388,residential,Unnamed,1,no,,,no,no,2,28.16,1492.82,STATIC_ROAD_NETWORK
11613,"Revenue Colony-Shivajinagar, Pune - IITM",18.5301,73.8496,Commercial / Educational Urban Core,1125400152,residential,Unnamed,1,no,,,no,no,6,62.04,1121.78,STATIC_ROAD_NETWORK
11613,"Revenue Colony-Shivajinagar, Pune - IITM",18.5301,73.8496,Commercial / Educational Urban Core,1125443419,residential,Unnamed,1,no,,,no,no,2,17.34,1494.89,STATIC_ROAD_NETWORK
11613,"Revenue Colony-Shivajinagar, Pune - IITM",18.5301,73.8496,Commercial / Educational Urban Core,1126679747,tertiary,Madhavrao Shirole Path,2,no,,asphalt,no,no,21,645.66,1020.36,STATIC_ROAD_NETWORK
11613,"Revenue Colony-Shivajinagar, Pune - IITM",18.5301,73.8496,Commercial / Educational Urban Core,1146882481,tertiary,Unnamed,1,no,,,no,no,2,7.19,1088.7,STATIC_ROAD_NETWORK
11613,"Revenue Colony-Shivajinagar, Pune - IITM",18.5301,73.8496,Commercial / Educational Urban Core,1146882482,tertiary,Unnamed,1,no,,,no,no,3,19.28,1095.73,STATIC_ROAD_NETWORK
11613,"Revenue Colony-Shivajinagar, Pune - IITM",18.5301,73.8496,Commercial / Educational Urban Core,1146882483,tertiary,Unnamed,1,yes,,,no,no,6,43.06,1074.65,STATIC_ROAD_NETWORK
11613,"Revenue Colony-Shivajinagar, Pune - IITM",18.5301,73.8496,Commercial / Educational Urban Core,1146886464,primary,Underpass,1,yes,,,no,no,2,54.36,1457.52,STATIC_ROAD_NETWORK
11613,"Revenue Colony-Shivajinagar, Pune - IITM",18.5301,73.8496,Commercial / Educational Urban Core,1146886465,secondary,Veer Santaji Ghorpade Marg,3,yes,,,no,no,2,7.89,1465.71,STATIC_ROAD_NETWORK
11613,"Revenue Colony-Shivajinagar, Pune - IITM",18.5301,73.8496,Commercial / Educational Urban Core,1147855038,tertiary,Chandrashekhar Agashe Road,1,no,,,no,no,5,48.27,1072.87,STATIC_ROAD_NETWORK
11613,"Revenue Colony-Shivajinagar, Pune - IITM",18.5301,73.8496,Commercial / Educational Urban Core,1147867422,secondary,Veer Santaji Ghorpade Marg,3,yes,,,no,no,3,19.1,1119.63,STATIC_ROAD_NETWORK
11613,"Revenue Colony-Shivajinagar, Pune - IITM",18.5301,73.8496,Commercial / Educational Urban Core,1151682422,primary,Bharatratna Atal Bihari Vajpayee Flyover,2,yes,,asphalt,no,no,5,169.37,586.52,STATIC_ROAD_NETWORK
11613,"Revenue Colony-Shivajinagar, Pune - IITM",18.5301,73.8496,Commercial / Educational Urban Core,1151682423,primary,Bharatratna Atal Bihari Vajpayee Flyover,2,yes,,asphalt,yes,no,2,58.97,527.59,STATIC_ROAD_NETWORK
11613,"Revenue Colony-Shivajinagar, Pune - IITM",18.5301,73.8496,Commercial / Educational Urban Core,1151682424,primary,Bharatratna Atal Bihari Vajpayee Flyover,2,yes,,asphalt,no,no,5,169.2,586.3,STATIC_ROAD_NETWORK
11613,"Revenue Colony-Shivajinagar, Pune - IITM",18.5301,73.8496,Commercial / Educational Urban Core,1151682425,primary,Bharatratna Atal Bihari Vajpayee Flyover,2,yes,,asphalt,yes,no,2,60.77,525.55,STATIC_ROAD_NETWORK
11613,"Revenue Colony-Shivajinagar, Pune - IITM",18.5301,73.8496,Commercial / Educational Urban Core,1151682762,primary,Sangamwadi Bridge,2,yes,85,asphalt,no,no,4,129.29,882.84,STATIC_ROAD_NETWORK
11613,"Revenue Colony-Shivajinagar, Pune - IITM",18.5301,73.8496,Commercial / Educational Urban Core,1151682763,primary,Sangamwadi Bridge,2,yes,,asphalt,no,no,4,136.2,880.81,STATIC_ROAD_NETWORK
11613,"Revenue Colony-Shivajinagar, Pune - IITM",18.5301,73.8496,Commercial / Educational Urban Core,1155983064,tertiary,Chaturshringi Road,2,yes,40,asphalt,no,no,3,38.19,538.6,STATIC_ROAD_NETWORK
11613,"Revenue Colony-Shivajinagar, Pune - IITM",18.5301,73.8496,Commercial / Educational Urban Core,1160332074,residential,Anna Saheb Apte Path,1,no,,,no,no,4,62.77,567.24,STATIC_ROAD_NETWORK
11613,"Revenue Colony-Shivajinagar, Pune - IITM",18.5301,73.8496,Commercial / Educational Urban Core,1160549445,primary,Unnamed,1,yes,,,no,no,13,430.73,131.29,STATIC_ROAD_NETWORK
11613,"Revenue Colony-Shivajinagar, Pune - IITM",18.5301,73.8496,Commercial / Educational Urban Core,1160549446,primary,Unnamed,1,yes,,,no,no,21,47.02,118.31,STATIC_ROAD_NETWORK
11613,"Revenue Colony-Shivajinagar, Pune - IITM",18.5301,73.8496,Commercial / Educational Urban Core,1161246302,tertiary,Unnamed,1,no,,,no,no,3,54.01,1494.43,STATIC_ROAD_NETWORK
11613,"Revenue Colony-Shivajinagar, Pune - IITM",18.5301,73.8496,Commercial / Educational Urban Core,1161246303,residential,Unnamed,1,no,,,no,no,2,18.72,1500.65,STATIC_ROAD_NETWORK
11613,"Revenue Colony-Shivajinagar, Pune - IITM",18.5301,73.8496,Commercial / Educational Urban Core,1161974572,residential,Unnamed,1,no,,,no,no,3,26.95,316.65,STATIC_ROAD_NETWORK
11613,"Revenue Colony-Shivajinagar, Pune - IITM",18.5301,73.8496,Commercial / Educational Urban Core,1161974573,residential,Unnamed,1,no,,,no,no,5,158.13,204.54,STATIC_ROAD_NETWORK
11613,"Revenue Colony-Shivajinagar, Pune - IITM",18.5301,73.8496,Commercial / Educational Urban Core,1161974574,residential,Unnamed,1,no,,,no,no,2,9.92,339.97,STATIC_ROAD_NETWORK
11613,"Revenue Colony-Shivajinagar, Pune - IITM",18.5301,73.8496,Commercial / Educational Urban Core,1161989187,residential,Harihareshwar Mandir Marg,1,no,,,no,no,6,36.25,1379.78,STATIC_ROAD_NETWORK
11613,"Revenue Colony-Shivajinagar, Pune - IITM",18.5301,73.8496,Commercial / Educational Urban Core,1162442950,residential,Niranjav Madhav Marg,1,no,,,no,no,8,116.73,1170.23,STATIC_ROAD_NETWORK
11613,"Revenue Colony-Shivajinagar, Pune - IITM",18.5301,73.8496,Commercial / Educational Urban Core,1162442951,residential,Niranjav Madhav Marg,1,no,,,no,no,9,97.03,1161.81,STATIC_ROAD_NETWORK
11613,"Revenue Colony-Shivajinagar, Pune - IITM",18.5301,73.8496,Commercial / Educational Urban Core,1181348131,residential,Unnamed,1,no,,,no,no,11,100.92,1466.16,STATIC_ROAD_NETWORK
11613,"Revenue Colony-Shivajinagar, Pune - IITM",18.5301,73.8496,Commercial / Educational Urban Core,1181351266,living_street,Unnamed,1,no,,,no,no,9,33.17,1124.43,STATIC_ROAD_NETWORK
11613,"Revenue Colony-Shivajinagar, Pune - IITM",18.5301,73.8496,Commercial / Educational Urban Core,1181351267,living_street,Unnamed,1,no,,,no,no,2,57.78,1145.57,STATIC_ROAD_NETWORK
11613,"Revenue Colony-Shivajinagar, Pune - IITM",18.5301,73.8496,Commercial / Educational Urban Core,1181922764,residential,Unnamed,1,no,,,no,no,2,57.3,162.62,STATIC_ROAD_NETWORK
11613,"Revenue Colony-Shivajinagar, Pune - IITM",18.5301,73.8496,Commercial / Educational Urban Core,1181924697,residential,Unnamed,1,no,,,no,no,2,33.65,1464.48,STATIC_ROAD_NETWORK
11613,"Revenue Colony-Shivajinagar, Pune - IITM",18.5301,73.8496,Commercial / Educational Urban Core,1182208547,tertiary,Harikrushna Mandir Path,1,no,,,no,no,7,127.31,1204.49,STATIC_ROAD_NETWORK
11613,"Revenue Colony-Shivajinagar, Pune - IITM",18.5301,73.8496,Commercial / Educational Urban Core,1182208548,residential,Unnamed,1,no,,,no,no,2,31.01,1237.05,STATIC_ROAD_NETWORK
11613,"Revenue Colony-Shivajinagar, Pune - IITM",18.5301,73.8496,Commercial / Educational Urban Core,1182446250,residential,Unnamed,1,no,,,no,no,3,61.31,1266.8,STATIC_ROAD_NETWORK
11613,"Revenue Colony-Shivajinagar, Pune - IITM",18.5301,73.8496,Commercial / Educational Urban Core,1183364636,residential,Unnamed,1,no,,,no,no,3,22.34,681.78,STATIC_ROAD_NETWORK
11613,"Revenue Colony-Shivajinagar, Pune - IITM",18.5301,73.8496,Commercial / Educational Urban Core,1198620836,residential,internal road,1,no,,,no,no,2,42.46,489.65,STATIC_ROAD_NETWORK
11613,"Revenue Colony-Shivajinagar, Pune - IITM",18.5301,73.8496,Commercial / Educational Urban Core,1198626119,residential,Unnamed,1,no,,,no,no,2,38.91,739.92,STATIC_ROAD_NETWORK
11613,"Revenue Colony-Shivajinagar, Pune - IITM",18.5301,73.8496,Commercial / Educational Urban Core,1201010979,residential,Unnamed,1,no,,,no,no,3,29.47,768.55,STATIC_ROAD_NETWORK
11613,"Revenue Colony-Shivajinagar, Pune - IITM",18.5301,73.8496,Commercial / Educational Urban Core,1201588245,residential,Unnamed,1,no,,,no,no,2,37.64,1108.56,STATIC_ROAD_NETWORK
11613,"Revenue Colony-Shivajinagar, Pune - IITM",18.5301,73.8496,Commercial / Educational Urban Core,1205404299,primary,Sangamwadi Road,4,yes,85,concrete,no,no,6,90.28,1082.54,STATIC_ROAD_NETWORK
11613,"Revenue Colony-Shivajinagar, Pune - IITM",18.5301,73.8496,Commercial / Educational Urban Core,1205404301,primary,Sangamwadi Road,4,yes,85,concrete,no,no,3,78.58,1169.86,STATIC_ROAD_NETWORK
11613,"Revenue Colony-Shivajinagar, Pune - IITM",18.5301,73.8496,Commercial / Educational Urban Core,1207081219,residential,Unnamed,1,no,,,no,no,5,52.92,666.05,STATIC_ROAD_NETWORK
11613,"Revenue Colony-Shivajinagar, Pune - IITM",18.5301,73.8496,Commercial / Educational Urban Core,1207082944,residential,Unnamed,1,no,,,no,no,6,123.9,1113.44,STATIC_ROAD_NETWORK
11613,"Revenue Colony-Shivajinagar, Pune - IITM",18.5301,73.8496,Commercial / Educational Urban Core,1207654005,primary,Ganeshkhind Road,1,yes,,asphalt,no,no,6,78.45,180.57,STATIC_ROAD_NETWORK
11613,"Revenue Colony-Shivajinagar, Pune - IITM",18.5301,73.8496,Commercial / Educational Urban Core,1207654652,primary,K. B. Joshi Path,1,no,,,no,no,4,125.12,486.84,STATIC_ROAD_NETWORK
11613,"Revenue Colony-Shivajinagar, Pune - IITM",18.5301,73.8496,Commercial / Educational Urban Core,1207654653,primary,K. B. Joshi Path,1,no,,,no,no,3,64.57,472.82,STATIC_ROAD_NETWORK
11613,"Revenue Colony-Shivajinagar, Pune - IITM",18.5301,73.8496,Commercial / Educational Urban Core,1207654654,primary,K. B. Joshi Path,1,no,,,no,no,2,29.89,480.58,STATIC_ROAD_NETWORK
11613,"Revenue Colony-Shivajinagar, Pune - IITM",18.5301,73.8496,Commercial / Educational Urban Core,1218688989,living_street,Unnamed,1,no,,,no,no,8,104.69,1139.04,STATIC_ROAD_NETWORK
11613,"Revenue Colony-Shivajinagar, Pune - IITM",18.5301,73.8496,Commercial / Educational Urban Core,1218688990,residential,Unnamed,1,no,,,no,no,2,19.68,1240.81,STATIC_ROAD_NETWORK
11613,"Revenue Colony-Shivajinagar, Pune - IITM",18.5301,73.8496,Commercial / Educational Urban Core,1222169522,residential,Unnamed,1,no,,,no,no,3,74.11,186.81,STATIC_ROAD_NETWORK
11613,"Revenue Colony-Shivajinagar, Pune - IITM",18.5301,73.8496,Commercial / Educational Urban Core,1225394839,residential,Unnamed,1,no,,,no,no,3,58.41,1274.42,STATIC_ROAD_NETWORK
11613,"Revenue Colony-Shivajinagar, Pune - IITM",18.5301,73.8496,Commercial / Educational Urban Core,1227504880,residential,Unnamed,1,no,,,no,no,2,10.37,1108.24,STATIC_ROAD_NETWORK
11613,"Revenue Colony-Shivajinagar, Pune - IITM",18.5301,73.8496,Commercial / Educational Urban Core,1229233779,residential,Hemant Pawar Road,1,no,,,no,no,12,196.49,1226.27,STATIC_ROAD_NETWORK
11613,"Revenue Colony-Shivajinagar, Pune - IITM",18.5301,73.8496,Commercial / Educational Urban Core,1229233780,living_street,Unnamed,1,no,,,no,no,4,63.33,1162.84,STATIC_ROAD_NETWORK
11613,"Revenue Colony-Shivajinagar, Pune - IITM",18.5301,73.8496,Commercial / Educational Urban Core,1229233781,living_street,Unnamed,1,no,,,no,no,7,78.7,1138.56,STATIC_ROAD_NETWORK
11613,"Revenue Colony-Shivajinagar, Pune - IITM",18.5301,73.8496,Commercial / Educational Urban Core,1229233782,living_street,Unnamed,1,no,,,no,no,8,97.69,1127.06,STATIC_ROAD_NETWORK
11613,"Revenue Colony-Shivajinagar, Pune - IITM",18.5301,73.8496,Commercial / Educational Urban Core,1229233826,living_street,Unnamed,1,no,,,no,no,3,50.4,1233.55,STATIC_ROAD_NETWORK
11613,"Revenue Colony-Shivajinagar, Pune - IITM",18.5301,73.8496,Commercial / Educational Urban Core,1229233858,living_street,Unnamed,1,no,,,no,no,2,33.66,1224.88,STATIC_ROAD_NETWORK
11613,"Revenue Colony-Shivajinagar, Pune - IITM",18.5301,73.8496,Commercial / Educational Urban Core,1229233859,living_street,Unnamed,1,no,,,no,no,5,45.11,1207.79,STATIC_ROAD_NETWORK
11613,"Revenue Colony-Shivajinagar, Pune - IITM",18.5301,73.8496,Commercial / Educational Urban Core,1271693194,trunk_link,Unnamed,1,yes,,,no,no,4,35.17,1409.63,STATIC_ROAD_NETWORK
11613,"Revenue Colony-Shivajinagar, Pune - IITM",18.5301,73.8496,Commercial / Educational Urban Core,1271717660,tertiary,Unnamed,1,yes,,,no,no,19,737.65,857.92,STATIC_ROAD_NETWORK
11613,"Revenue Colony-Shivajinagar, Pune - IITM",18.5301,73.8496,Commercial / Educational Urban Core,1285518655,tertiary,Agarwal Marg,1,yes,,,no,no,4,57.24,1492.82,STATIC_ROAD_NETWORK
11613,"Revenue Colony-Shivajinagar, Pune - IITM",18.5301,73.8496,Commercial / Educational Urban Core,1291637753,trunk_link,Unnamed,1,no,,,no,no,2,10.17,1298.88,STATIC_ROAD_NETWORK
11613,"Revenue Colony-Shivajinagar, Pune - IITM",18.5301,73.8496,Commercial / Educational Urban Core,1291869073,secondary,Unnamed,2,yes,,asphalt,no,no,40,1292.07,585.69,STATIC_ROAD_NETWORK
11613,"Revenue Colony-Shivajinagar, Pune - IITM",18.5301,73.8496,Commercial / Educational Urban Core,1292086492,trunk_link,Unnamed,1,yes,,,no,no,4,31.23,491.75,STATIC_ROAD_NETWORK
11613,"Revenue Colony-Shivajinagar, Pune - IITM",18.5301,73.8496,Commercial / Educational Urban Core,1296019993,trunk_link,Unnamed,1,yes,,,no,no,7,47.73,325.38,STATIC_ROAD_NETWORK
11613,"Revenue Colony-Shivajinagar, Pune - IITM",18.5301,73.8496,Commercial / Educational Urban Core,1296559442,residential,Unnamed,1,yes,,,no,no,4,25.76,591.53,STATIC_ROAD_NETWORK
11613,"Revenue Colony-Shivajinagar, Pune - IITM",18.5301,73.8496,Commercial / Educational Urban Core,1296559443,residential,Unnamed,1,yes,,,no,no,4,25.78,585.99,STATIC_ROAD_NETWORK
11613,"Revenue Colony-Shivajinagar, Pune - IITM",18.5301,73.8496,Commercial / Educational Urban Core,1296560941,residential,Unnamed,1,no,,,no,no,2,59.6,810.68,STATIC_ROAD_NETWORK
11613,"Revenue Colony-Shivajinagar, Pune - IITM",18.5301,73.8496,Commercial / Educational Urban Core,1298622049,trunk,Bankimchandra Chatopadhyay Path,2,yes,,,no,no,2,24.86,325.38,STATIC_ROAD_NETWORK
11613,"Revenue Colony-Shivajinagar, Pune - IITM",18.5301,73.8496,Commercial / Educational Urban Core,1298622051,trunk,Unnamed,1,yes,,,no,no,2,25.07,40.88,STATIC_ROAD_NETWORK
11613,"Revenue Colony-Shivajinagar, Pune - IITM",18.5301,73.8496,Commercial / Educational Urban Core,1300905414,residential,Unnamed,1,no,,,no,no,2,28.34,1205.62,STATIC_ROAD_NETWORK
11613,"Revenue Colony-Shivajinagar, Pune - IITM",18.5301,73.8496,Commercial / Educational Urban Core,1303466523,tertiary,Jnanoba Bhakuji Jadhav Path,1,yes,,,no,no,6,25.7,696.0,STATIC_ROAD_NETWORK
11613,"Revenue Colony-Shivajinagar, Pune - IITM",18.5301,73.8496,Commercial / Educational Urban Core,1303466524,residential,Unnamed,1,no,,,no,no,2,5.1,699.46,STATIC_ROAD_NETWORK
11613,"Revenue Colony-Shivajinagar, Pune - IITM",18.5301,73.8496,Commercial / Educational Urban Core,1304304798,residential,Unnamed,1,no,,,yes,no,2,6.13,1262.91,STATIC_ROAD_NETWORK
11613,"Revenue Colony-Shivajinagar, Pune - IITM",18.5301,73.8496,Commercial / Educational Urban Core,1307653551,secondary,Sqn Ldr Sureshchandra Bhagwat Marg,1,yes,,,no,no,10,189.62,1294.48,STATIC_ROAD_NETWORK
11613,"Revenue Colony-Shivajinagar, Pune - IITM",18.5301,73.8496,Commercial / Educational Urban Core,1307653552,secondary,Sqn Ldr Sureshchandra Bhagwat Marg,1,no,,,no,no,2,12.53,1483.16,STATIC_ROAD_NETWORK
11613,"Revenue Colony-Shivajinagar, Pune - IITM",18.5301,73.8496,Commercial / Educational Urban Core,1318598483,trunk,Old Pune–Mumbai Highway,1,no,,,no,no,2,4.42,580.51,STATIC_ROAD_NETWORK
11613,"Revenue Colony-Shivajinagar, Pune - IITM",18.5301,73.8496,Commercial / Educational Urban Core,1322511517,trunk,Raja Bahadur Mill Marg,2,yes,,,no,no,2,11.97,1436.02,STATIC_ROAD_NETWORK
11613,"Revenue Colony-Shivajinagar, Pune - IITM",18.5301,73.8496,Commercial / Educational Urban Core,1322511518,primary,Unnamed,1,yes,,,no,no,2,12.68,1445.99,STATIC_ROAD_NETWORK
11613,"Revenue Colony-Shivajinagar, Pune - IITM",18.5301,73.8496,Commercial / Educational Urban Core,1322511519,primary,Unnamed,1,yes,,,no,no,2,22.7,1436.02,STATIC_ROAD_NETWORK
11613,"Revenue Colony-Shivajinagar, Pune - IITM",18.5301,73.8496,Commercial / Educational Urban Core,1322511520,primary,Unnamed,1,yes,,,no,no,3,12.9,1478.98,STATIC_ROAD_NETWORK
11613,"Revenue Colony-Shivajinagar, Pune - IITM",18.5301,73.8496,Commercial / Educational Urban Core,1322864283,tertiary_link,Unnamed,1,no,,,no,no,2,5.99,1187.79,STATIC_ROAD_NETWORK
11613,"Revenue Colony-Shivajinagar, Pune - IITM",18.5301,73.8496,Commercial / Educational Urban Core,1342444763,primary,Gopal Krushna Gokhale Path,2,yes,,asphalt,no,no,15,244.07,859.88,STATIC_ROAD_NETWORK
11613,"Revenue Colony-Shivajinagar, Pune - IITM",18.5301,73.8496,Commercial / Educational Urban Core,1345392440,residential,Unnamed,1,yes,,,no,no,3,47.79,124.02,STATIC_ROAD_NETWORK
11613,"Revenue Colony-Shivajinagar, Pune - IITM",18.5301,73.8496,Commercial / Educational Urban Core,1345392441,residential,Shivajinagar Railway Station Road,1,yes,,,no,no,3,48.33,133.19,STATIC_ROAD_NETWORK
11613,"Revenue Colony-Shivajinagar, Pune - IITM",18.5301,73.8496,Commercial / Educational Urban Core,1353631914,trunk,Ganeshkhind Road,2,yes,,,no,no,2,15.93,20.15,STATIC_ROAD_NETWORK
11613,"Revenue Colony-Shivajinagar, Pune - IITM",18.5301,73.8496,Commercial / Educational Urban Core,1355142505,trunk_link,Unnamed,1,yes,,,no,no,6,67.39,468.71,STATIC_ROAD_NETWORK
11613,"Revenue Colony-Shivajinagar, Pune - IITM",18.5301,73.8496,Commercial / Educational Urban Core,1356341001,residential,Unnamed,1,no,,,no,no,4,51.14,1150.71,STATIC_ROAD_NETWORK
11613,"Revenue Colony-Shivajinagar, Pune - IITM",18.5301,73.8496,Commercial / Educational Urban Core,1356644940,tertiary,K. B. Joshi Path,1,no,,,no,no,2,11.57,645.43,STATIC_ROAD_NETWORK
11613,"Revenue Colony-Shivajinagar, Pune - IITM",18.5301,73.8496,Commercial / Educational Urban Core,1358505443,primary,Unnamed,1,no,,,no,no,2,31.64,554.22,STATIC_ROAD_NETWORK
11613,"Revenue Colony-Shivajinagar, Pune - IITM",18.5301,73.8496,Commercial / Educational Urban Core,1358505444,primary,Unnamed,1,no,,,no,no,2,27.8,554.22,STATIC_ROAD_NETWORK
11613,"Revenue Colony-Shivajinagar, Pune - IITM",18.5301,73.8496,Commercial / Educational Urban Core,1359564185,residential,Nyaymurti Ranade Path,1,yes,,,no,no,4,94.25,616.2,STATIC_ROAD_NETWORK
11613,"Revenue Colony-Shivajinagar, Pune - IITM",18.5301,73.8496,Commercial / Educational Urban Core,1373579430,tertiary,Ghole Road,1,no,40,,no,no,3,51.99,889.93,STATIC_ROAD_NETWORK
11613,"Revenue Colony-Shivajinagar, Pune - IITM",18.5301,73.8496,Commercial / Educational Urban Core,1385293491,trunk,Unnamed,1,yes,,,no,no,2,20.22,572.07,STATIC_ROAD_NETWORK
11613,"Revenue Colony-Shivajinagar, Pune - IITM",18.5301,73.8496,Commercial / Educational Urban Core,1385293493,tertiary,Chandrashekhar Agashe Road,1,yes,,,no,no,3,9.26,1077.13,STATIC_ROAD_NETWORK
11613,"Revenue Colony-Shivajinagar, Pune - IITM",18.5301,73.8496,Commercial / Educational Urban Core,1392930967,residential,Unnamed,1,no,,,no,no,10,95.86,1270.88,STATIC_ROAD_NETWORK
11613,"Revenue Colony-Shivajinagar, Pune - IITM",18.5301,73.8496,Commercial / Educational Urban Core,1392930968,residential,Unnamed,1,no,,,no,no,2,46.32,1270.88,STATIC_ROAD_NETWORK
11613,"Revenue Colony-Shivajinagar, Pune - IITM",18.5301,73.8496,Commercial / Educational Urban Core,1433310072,residential,Unnamed,1,no,,,no,no,3,90.68,448.08,STATIC_ROAD_NETWORK
11613,"Revenue Colony-Shivajinagar, Pune - IITM",18.5301,73.8496,Commercial / Educational Urban Core,1483724520,secondary,Congress Bhavan Path,2,yes,,,no,no,9,357.31,910.32,STATIC_ROAD_NETWORK
11613,"Revenue Colony-Shivajinagar, Pune - IITM",18.5301,73.8496,Commercial / Educational Urban Core,1483831580,primary,Babasaheb Ambedkar Marg,1,yes,,,no,no,4,39.26,1477.26,STATIC_ROAD_NETWORK
11613,"Revenue Colony-Shivajinagar, Pune - IITM",18.5301,73.8496,Commercial / Educational Urban Core,1483831581,secondary,Veer Santaji Ghorpade Road,3,yes,,,no,no,4,52.96,1434.57,STATIC_ROAD_NETWORK
11613,"Revenue Colony-Shivajinagar, Pune - IITM",18.5301,73.8496,Commercial / Educational Urban Core,1483831582,secondary,Congress Bhavan Path,2,yes,,,no,no,2,20.45,938.98,STATIC_ROAD_NETWORK
11613,"Revenue Colony-Shivajinagar, Pune - IITM",18.5301,73.8496,Commercial / Educational Urban Core,1483831583,secondary,Congress Bhavan Path,2,yes,,,no,no,12,512.4,914.97,STATIC_ROAD_NETWORK
11613,"Revenue Colony-Shivajinagar, Pune - IITM",18.5301,73.8496,Commercial / Educational Urban Core,1483831584,tertiary,Unnamed,1,yes,,,no,no,3,10.95,915.81,STATIC_ROAD_NETWORK
11613,"Revenue Colony-Shivajinagar, Pune - IITM",18.5301,73.8496,Commercial / Educational Urban Core,1506638136,residential,Unnamed,1,no,,,no,no,2,8.86,1099.53,STATIC_ROAD_NETWORK
11613,"Revenue Colony-Shivajinagar, Pune - IITM",18.5301,73.8496,Commercial / Educational Urban Core,1510229669,primary_link,Unnamed,1,yes,,,no,no,7,25.85,581.18,STATIC_ROAD_NETWORK
11613,"Revenue Colony-Shivajinagar, Pune - IITM",18.5301,73.8496,Commercial / Educational Urban Core,1517891367,residential,Unnamed,1,no,,,no,no,3,23.69,1371.09,STATIC_ROAD_NETWORK
11613,"Revenue Colony-Shivajinagar, Pune - IITM",18.5301,73.8496,Commercial / Educational Urban Core,1517891368,residential,Unnamed,1,no,,,no,no,2,39.5,1357.18,STATIC_ROAD_NETWORK
11613,"Revenue Colony-Shivajinagar, Pune - IITM",18.5301,73.8496,Commercial / Educational Urban Core,1521255189,tertiary,Unnamed,1,yes,,,no,no,3,12.78,890.22,STATIC_ROAD_NETWORK
11613,"Revenue Colony-Shivajinagar, Pune - IITM",18.5301,73.8496,Commercial / Educational Urban Core,1524249972,residential,Unnamed,1,yes,,,no,no,2,69.67,668.35,STATIC_ROAD_NETWORK
11613,"Revenue Colony-Shivajinagar, Pune - IITM",18.5301,73.8496,Commercial / Educational Urban Core,1524249973,residential,Unnamed,1,no,,,no,no,3,101.91,715.13,STATIC_ROAD_NETWORK
11613,"Revenue Colony-Shivajinagar, Pune - IITM",18.5301,73.8496,Commercial / Educational Urban Core,1524249974,residential,Unnamed,1,no,,,no,no,3,4.76,712.42,STATIC_ROAD_NETWORK
11613,"Revenue Colony-Shivajinagar, Pune - IITM",18.5301,73.8496,Commercial / Educational Urban Core,1524249975,residential,Unnamed,1,no,,,no,no,4,97.37,715.13,STATIC_ROAD_NETWORK
11613,"Revenue Colony-Shivajinagar, Pune - IITM",18.5301,73.8496,Commercial / Educational Urban Core,1524250062,residential,Nyaymurti Ranade Path,1,yes,,,no,no,3,75.12,640.17,STATIC_ROAD_NETWORK
11613,"Revenue Colony-Shivajinagar, Pune - IITM",18.5301,73.8496,Commercial / Educational Urban Core,1527531303,primary_link,Unnamed,1,no,,,no,no,2,12.99,1370.94,STATIC_ROAD_NETWORK
11613,"Revenue Colony-Shivajinagar, Pune - IITM",18.5301,73.8496,Commercial / Educational Urban Core,1530628423,residential,Unnamed,1,no,,,no,no,2,8.31,1073.24,STATIC_ROAD_NETWORK
11613,"Revenue Colony-Shivajinagar, Pune - IITM",18.5301,73.8496,Commercial / Educational Urban Core,1531362752,primary,Ganeshkhind Road,2,yes,,asphalt,no,no,9,171.7,1204.49,STATIC_ROAD_NETWORK
11613,"Revenue Colony-Shivajinagar, Pune - IITM",18.5301,73.8496,Commercial / Educational Urban Core,1531362754,primary,Ganeshkhind Road,2,yes,,asphalt,no,no,3,11.39,1373.08,STATIC_ROAD_NETWORK
11613,"Revenue Colony-Shivajinagar, Pune - IITM",18.5301,73.8496,Commercial / Educational Urban Core,1531362755,primary,Ganeshkhind Road,2,yes,,asphalt,no,no,14,633.66,754.15,STATIC_ROAD_NETWORK
11613,"Revenue Colony-Shivajinagar, Pune - IITM",18.5301,73.8496,Commercial / Educational Urban Core,1533865359,residential,Unnamed,1,no,,,no,no,7,73.79,1318.59,STATIC_ROAD_NETWORK
11613,"Revenue Colony-Shivajinagar, Pune - IITM",18.5301,73.8496,Commercial / Educational Urban Core,1533869165,tertiary,Ghole Road,1,no,40,,no,no,2,13.57,808.23,STATIC_ROAD_NETWORK
11613,"Revenue Colony-Shivajinagar, Pune - IITM",18.5301,73.8496,Commercial / Educational Urban Core,1533869166,residential,Vasantrao Deshmukh Path,1,no,,,no,no,2,15.71,792.52,STATIC_ROAD_NETWORK
11613,"Revenue Colony-Shivajinagar, Pune - IITM",18.5301,73.8496,Commercial / Educational Urban Core,1533869167,tertiary,Ghole Road,1,no,40,,no,no,2,9.49,807.34,STATIC_ROAD_NETWORK
11613,"Revenue Colony-Shivajinagar, Pune - IITM",18.5301,73.8496,Commercial / Educational Urban Core,1546207684,residential,Unnamed,1,no,,,no,no,2,37.46,1474.86,STATIC_ROAD_NETWORK
11613,"Revenue Colony-Shivajinagar, Pune - IITM",18.5301,73.8496,Commercial / Educational Urban Core,1557310212,residential,Unnamed,1,no,,,no,no,7,55.02,1183.44,STATIC_ROAD_NETWORK
11609,"Mhada Colony, Pune - IITM",18.573,73.9277,North-Eastern Residential / Airport Corridor,22841645,tertiary,Viman Nagar Road,1,yes,,,no,no,13,459.17,1322.42,STATIC_ROAD_NETWORK
11609,"Mhada Colony, Pune - IITM",18.573,73.9277,North-Eastern Residential / Airport Corridor,50106109,residential,Unnamed,1,no,,,no,no,9,154.93,915.45,STATIC_ROAD_NETWORK
11609,"Mhada Colony, Pune - IITM",18.573,73.9277,North-Eastern Residential / Airport Corridor,50106110,residential,Unnamed,1,no,,,no,no,4,198.28,807.55,STATIC_ROAD_NETWORK
11609,"Mhada Colony, Pune - IITM",18.573,73.9277,North-Eastern Residential / Airport Corridor,50106112,tertiary,Anand Vidya Niketan High School Road,1,yes,,,no,no,15,448.23,1141.43,STATIC_ROAD_NETWORK
11609,"Mhada Colony, Pune - IITM",18.573,73.9277,North-Eastern Residential / Airport Corridor,50106114,residential,Unnamed,1,no,,,no,no,15,418.62,1017.86,STATIC_ROAD_NETWORK
11609,"Mhada Colony, Pune - IITM",18.573,73.9277,North-Eastern Residential / Airport Corridor,50106146,tertiary,Viman Nagar Road,1,yes,,,no,no,23,424.22,1329.8,STATIC_ROAD_NETWORK
11609,"Mhada Colony, Pune - IITM",18.573,73.9277,North-Eastern Residential / Airport Corridor,106498636,tertiary,Unnamed,2,no,,asphalt,no,no,18,407.43,1164.86,STATIC_ROAD_NETWORK
11609,"Mhada Colony, Pune - IITM",18.573,73.9277,North-Eastern Residential / Airport Corridor,117218162,tertiary,Old Mundhwa Road,1,yes,,,no,no,15,346.03,1156.85,STATIC_ROAD_NETWORK
11609,"Mhada Colony, Pune - IITM",18.573,73.9277,North-Eastern Residential / Airport Corridor,122024104,tertiary,Viman Nagar Road,1,yes,,,no,no,11,266.09,1141.43,STATIC_ROAD_NETWORK
11609,"Mhada Colony, Pune - IITM",18.573,73.9277,North-Eastern Residential / Airport Corridor,152330642,residential,Small road,1,no,,,no,no,7,290.69,1395.99,STATIC_ROAD_NETWORK
11609,"Mhada Colony, Pune - IITM",18.573,73.9277,North-Eastern Residential / Airport Corridor,152330652,residential,Small Road,1,no,,,no,no,10,275.88,1259.08,STATIC_ROAD_NETWORK
11609,"Mhada Colony, Pune - IITM",18.573,73.9277,North-Eastern Residential / Airport Corridor,181601199,residential,Balghare Vasti Road,1,no,,,no,no,2,126.19,1309.04,STATIC_ROAD_NETWORK
11609,"Mhada Colony, Pune - IITM",18.573,73.9277,North-Eastern Residential / Airport Corridor,181601212,residential,Balghare Road,1,no,,,no,no,8,237.21,1489.85,STATIC_ROAD_NETWORK
11609,"Mhada Colony, Pune - IITM",18.573,73.9277,North-Eastern Residential / Airport Corridor,181601234,residential,Unnamed,1,no,,,no,no,8,200.45,1453.4,STATIC_ROAD_NETWORK
11609,"Mhada Colony, Pune - IITM",18.573,73.9277,North-Eastern Residential / Airport Corridor,192610563,residential,Unnamed,1,no,,,no,no,3,30.23,1277.78,STATIC_ROAD_NETWORK
11609,"Mhada Colony, Pune - IITM",18.573,73.9277,North-Eastern Residential / Airport Corridor,192610564,residential,Unnamed,2,no,,asphalt,no,no,4,43.15,1288.81,STATIC_ROAD_NETWORK
11609,"Mhada Colony, Pune - IITM",18.573,73.9277,North-Eastern Residential / Airport Corridor,192610565,residential,Unnamed,1,no,,,no,no,11,213.52,1309.12,STATIC_ROAD_NETWORK
11609,"Mhada Colony, Pune - IITM",18.573,73.9277,North-Eastern Residential / Airport Corridor,192610566,residential,Dhanoba Laxman Pathare Road,1,no,,,no,no,8,166.42,1386.54,STATIC_ROAD_NETWORK
11609,"Mhada Colony, Pune - IITM",18.573,73.9277,North-Eastern Residential / Airport Corridor,192610567,residential,Unnamed,1,no,,,no,no,13,254.75,1418.46,STATIC_ROAD_NETWORK
11609,"Mhada Colony, Pune - IITM",18.573,73.9277,North-Eastern Residential / Airport Corridor,208059746,residential,Lane Number 11,1,no,,,no,no,5,118.48,1393.31,STATIC_ROAD_NETWORK
11609,"Mhada Colony, Pune - IITM",18.573,73.9277,North-Eastern Residential / Airport Corridor,208059747,residential,Lane Number 4,1,no,,,no,no,16,309.68,1140.82,STATIC_ROAD_NETWORK
11609,"Mhada Colony, Pune - IITM",18.573,73.9277,North-Eastern Residential / Airport Corridor,210337588,residential,Unnamed,1,no,,,no,no,9,167.52,1004.64,STATIC_ROAD_NETWORK
11609,"Mhada Colony, Pune - IITM",18.573,73.9277,North-Eastern Residential / Airport Corridor,218691379,residential,Unnamed,1,no,,,no,no,2,134.81,1029.82,STATIC_ROAD_NETWORK
11609,"Mhada Colony, Pune - IITM",18.573,73.9277,North-Eastern Residential / Airport Corridor,218691404,residential,Unnamed,1,no,,,no,no,3,426.21,1450.93,STATIC_ROAD_NETWORK
11609,"Mhada Colony, Pune - IITM",18.573,73.9277,North-Eastern Residential / Airport Corridor,279435306,trunk,Nagar Road,3,yes,,concrete,no,no,15,407.66,1187.24,STATIC_ROAD_NETWORK
11609,"Mhada Colony, Pune - IITM",18.573,73.9277,North-Eastern Residential / Airport Corridor,279435311,trunk,Nagar Road,3,yes,,concrete,no,no,32,1263.76,1174.47,STATIC_ROAD_NETWORK
11609,"Mhada Colony, Pune - IITM",18.573,73.9277,North-Eastern Residential / Airport Corridor,279435315,trunk,Nagar Road,3,yes,,concrete,no,no,27,1274.17,1198.05,STATIC_ROAD_NETWORK
11609,"Mhada Colony, Pune - IITM",18.573,73.9277,North-Eastern Residential / Airport Corridor,279435337,trunk,Nagar Road,3,yes,,,no,no,4,126.49,1118.56,STATIC_ROAD_NETWORK
11609,"Mhada Colony, Pune - IITM",18.573,73.9277,North-Eastern Residential / Airport Corridor,279435338,trunk,Nagar Road,3,yes,,,no,no,3,259.56,1140.82,STATIC_ROAD_NETWORK
11609,"Mhada Colony, Pune - IITM",18.573,73.9277,North-Eastern Residential / Airport Corridor,293996157,residential,Unnamed,1,no,,,no,no,3,51.2,1227.42,STATIC_ROAD_NETWORK
11609,"Mhada Colony, Pune - IITM",18.573,73.9277,North-Eastern Residential / Airport Corridor,293996170,residential,Unnamed,1,no,,,no,no,2,183.87,1252.75,STATIC_ROAD_NETWORK
11609,"Mhada Colony, Pune - IITM",18.573,73.9277,North-Eastern Residential / Airport Corridor,293996183,residential,Unnamed,1,no,,,no,no,3,147.51,1317.77,STATIC_ROAD_NETWORK
11609,"Mhada Colony, Pune - IITM",18.573,73.9277,North-Eastern Residential / Airport Corridor,293996189,residential,Unnamed,1,no,,,no,no,6,218.29,1035.29,STATIC_ROAD_NETWORK
11609,"Mhada Colony, Pune - IITM",18.573,73.9277,North-Eastern Residential / Airport Corridor,293996194,residential,Unnamed,1,no,,,no,no,8,134.33,1033.53,STATIC_ROAD_NETWORK
11609,"Mhada Colony, Pune - IITM",18.573,73.9277,North-Eastern Residential / Airport Corridor,293996202,residential,Unnamed,1,no,,,no,no,6,311.9,1120.31,STATIC_ROAD_NETWORK
11609,"Mhada Colony, Pune - IITM",18.573,73.9277,North-Eastern Residential / Airport Corridor,293996207,residential,Unnamed,1,no,,,no,no,16,231.04,1114.43,STATIC_ROAD_NETWORK
11609,"Mhada Colony, Pune - IITM",18.573,73.9277,North-Eastern Residential / Airport Corridor,294671345,residential,Unnamed,1,no,,,no,no,4,37.07,1258.97,STATIC_ROAD_NETWORK
11609,"Mhada Colony, Pune - IITM",18.573,73.9277,North-Eastern Residential / Airport Corridor,294671348,residential,Unnamed,1,no,,,no,no,3,70.64,1246.39,STATIC_ROAD_NETWORK
11609,"Mhada Colony, Pune - IITM",18.573,73.9277,North-Eastern Residential / Airport Corridor,294671356,residential,Unnamed,1,no,,,no,no,2,7.45,1174.47,STATIC_ROAD_NETWORK
11609,"Mhada Colony, Pune - IITM",18.573,73.9277,North-Eastern Residential / Airport Corridor,294671357,residential,Unnamed,1,no,,,no,no,6,68.09,1284.12,STATIC_ROAD_NETWORK
11609,"Mhada Colony, Pune - IITM",18.573,73.9277,North-Eastern Residential / Airport Corridor,294671360,residential,Unnamed,1,no,,,no,no,8,211.73,1252.36,STATIC_ROAD_NETWORK
11609,"Mhada Colony, Pune - IITM",18.573,73.9277,North-Eastern Residential / Airport Corridor,294715379,residential,Unnamed,1,no,,,no,no,2,162.05,1310.68,STATIC_ROAD_NETWORK
11609,"Mhada Colony, Pune - IITM",18.573,73.9277,North-Eastern Residential / Airport Corridor,294715383,residential,Unnamed,1,no,,,no,no,3,74.19,1349.56,STATIC_ROAD_NETWORK
11609,"Mhada Colony, Pune - IITM",18.573,73.9277,North-Eastern Residential / Airport Corridor,294715397,residential,Unnamed,1,no,,,no,no,2,29.81,1494.28,STATIC_ROAD_NETWORK
11609,"Mhada Colony, Pune - IITM",18.573,73.9277,North-Eastern Residential / Airport Corridor,294715400,residential,Unnamed,1,no,,,no,no,2,32.76,1246.45,STATIC_ROAD_NETWORK
11609,"Mhada Colony, Pune - IITM",18.573,73.9277,North-Eastern Residential / Airport Corridor,294715402,residential,Lane Number 2,1,no,,,no,no,2,159.77,1345.75,STATIC_ROAD_NETWORK
11609,"Mhada Colony, Pune - IITM",18.573,73.9277,North-Eastern Residential / Airport Corridor,294715403,residential,Unnamed,1,no,,,no,no,2,125.85,1421.11,STATIC_ROAD_NETWORK
11609,"Mhada Colony, Pune - IITM",18.573,73.9277,North-Eastern Residential / Airport Corridor,294715405,residential,Unnamed,1,no,,,no,no,2,149.34,1321.45,STATIC_ROAD_NETWORK
11609,"Mhada Colony, Pune - IITM",18.573,73.9277,North-Eastern Residential / Airport Corridor,294715410,residential,Unnamed,1,no,,,no,no,3,43.37,1418.98,STATIC_ROAD_NETWORK
11609,"Mhada Colony, Pune - IITM",18.573,73.9277,North-Eastern Residential / Airport Corridor,294715418,residential,Unnamed,1,no,,,no,no,2,21.93,1238.57,STATIC_ROAD_NETWORK
11609,"Mhada Colony, Pune - IITM",18.573,73.9277,North-Eastern Residential / Airport Corridor,294715420,residential,Unnamed,1,no,,,no,no,3,67.08,1501.03,STATIC_ROAD_NETWORK
11609,"Mhada Colony, Pune - IITM",18.573,73.9277,North-Eastern Residential / Airport Corridor,294715422,residential,Unnamed,1,no,,,no,no,3,136.08,1352.28,STATIC_ROAD_NETWORK
11609,"Mhada Colony, Pune - IITM",18.573,73.9277,North-Eastern Residential / Airport Corridor,294715424,residential,Unnamed,1,no,,,no,no,3,99.88,1458.07,STATIC_ROAD_NETWORK
11609,"Mhada Colony, Pune - IITM",18.573,73.9277,North-Eastern Residential / Airport Corridor,294715425,residential,Unnamed,1,no,,,no,no,3,163.84,1381.78,STATIC_ROAD_NETWORK
11609,"Mhada Colony, Pune - IITM",18.573,73.9277,North-Eastern Residential / Airport Corridor,294715426,residential,Unnamed,1,no,,,no,no,3,101.95,1464.76,STATIC_ROAD_NETWORK
11609,"Mhada Colony, Pune - IITM",18.573,73.9277,North-Eastern Residential / Airport Corridor,294715427,residential,Unnamed,1,no,,,no,no,3,23.44,1490.15,STATIC_ROAD_NETWORK
11609,"Mhada Colony, Pune - IITM",18.573,73.9277,North-Eastern Residential / Airport Corridor,294715433,residential,Unnamed,1,no,,,no,no,5,133.7,1253.54,STATIC_ROAD_NETWORK
11609,"Mhada Colony, Pune - IITM",18.573,73.9277,North-Eastern Residential / Airport Corridor,294715438,residential,Unnamed,1,no,,,no,no,3,59.82,1477.05,STATIC_ROAD_NETWORK
11609,"Mhada Colony, Pune - IITM",18.573,73.9277,North-Eastern Residential / Airport Corridor,294715441,residential,Unnamed,1,no,,,no,no,4,101.45,1461.08,STATIC_ROAD_NETWORK
11609,"Mhada Colony, Pune - IITM",18.573,73.9277,North-Eastern Residential / Airport Corridor,294715442,residential,Dhanalaxmi soc. lane no. 1 road,1,no,,concrete,no,no,5,200.35,1494.94,STATIC_ROAD_NETWORK
11609,"Mhada Colony, Pune - IITM",18.573,73.9277,North-Eastern Residential / Airport Corridor,294715448,residential,Unnamed,1,no,,,no,no,4,77.78,1481.45,STATIC_ROAD_NETWORK
11609,"Mhada Colony, Pune - IITM",18.573,73.9277,North-Eastern Residential / Airport Corridor,294715452,residential,Unnamed,1,no,,,no,no,5,94.87,1468.89,STATIC_ROAD_NETWORK
11609,"Mhada Colony, Pune - IITM",18.573,73.9277,North-Eastern Residential / Airport Corridor,294715454,residential,Unnamed,1,no,,,no,no,5,111.85,1500.97,STATIC_ROAD_NETWORK
11609,"Mhada Colony, Pune - IITM",18.573,73.9277,North-Eastern Residential / Airport Corridor,294715458,residential,Unnamed,1,no,,,no,no,5,195.76,1386.56,STATIC_ROAD_NETWORK
11609,"Mhada Colony, Pune - IITM",18.573,73.9277,North-Eastern Residential / Airport Corridor,294715459,residential,Astavinayak soc. road,1,no,,concrete,no,no,6,207.82,1490.15,STATIC_ROAD_NETWORK
11609,"Mhada Colony, Pune - IITM",18.573,73.9277,North-Eastern Residential / Airport Corridor,294715468,residential,Unnamed,1,no,,,no,no,8,220.03,1481.82,STATIC_ROAD_NETWORK
11609,"Mhada Colony, Pune - IITM",18.573,73.9277,North-Eastern Residential / Airport Corridor,294715469,residential,Unnamed,1,yes,,,no,no,9,115.57,1240.11,STATIC_ROAD_NETWORK
11609,"Mhada Colony, Pune - IITM",18.573,73.9277,North-Eastern Residential / Airport Corridor,294715470,residential,Unnamed,1,yes,,,no,no,9,116.18,1226.33,STATIC_ROAD_NETWORK
11609,"Mhada Colony, Pune - IITM",18.573,73.9277,North-Eastern Residential / Airport Corridor,294715471,residential,Unnamed,1,no,,,no,no,14,336.5,1456.23,STATIC_ROAD_NETWORK
11609,"Mhada Colony, Pune - IITM",18.573,73.9277,North-Eastern Residential / Airport Corridor,294839059,residential,Unnamed,1,no,,,no,no,20,344.36,1348.72,STATIC_ROAD_NETWORK
11609,"Mhada Colony, Pune - IITM",18.573,73.9277,North-Eastern Residential / Airport Corridor,294839061,residential,Unnamed,1,no,,,no,no,2,46.53,1269.88,STATIC_ROAD_NETWORK
11609,"Mhada Colony, Pune - IITM",18.573,73.9277,North-Eastern Residential / Airport Corridor,294839063,residential,Kalpataru Society Lane 2,1,no,,,no,no,3,84.61,1423.27,STATIC_ROAD_NETWORK
11609,"Mhada Colony, Pune - IITM",18.573,73.9277,North-Eastern Residential / Airport Corridor,294839064,residential,Lane Number 7,1,no,,,no,no,2,112.44,1323.54,STATIC_ROAD_NETWORK
11609,"Mhada Colony, Pune - IITM",18.573,73.9277,North-Eastern Residential / Airport Corridor,294839066,residential,Unnamed,1,no,,,no,no,2,110.44,1219.27,STATIC_ROAD_NETWORK
11609,"Mhada Colony, Pune - IITM",18.573,73.9277,North-Eastern Residential / Airport Corridor,294839067,residential,Lane Number 9,1,no,,,no,no,2,114.87,1358.26,STATIC_ROAD_NETWORK
11609,"Mhada Colony, Pune - IITM",18.573,73.9277,North-Eastern Residential / Airport Corridor,294839070,residential,Lane Number 8,1,no,,,no,no,2,111.19,1358.26,STATIC_ROAD_NETWORK
11609,"Mhada Colony, Pune - IITM",18.573,73.9277,North-Eastern Residential / Airport Corridor,294839071,residential,Lane Number 12,1,no,,,no,no,2,99.48,1429.18,STATIC_ROAD_NETWORK
11609,"Mhada Colony, Pune - IITM",18.573,73.9277,North-Eastern Residential / Airport Corridor,294839074,residential,Unnamed,1,no,,,no,no,2,73.71,1315.27,STATIC_ROAD_NETWORK
11609,"Mhada Colony, Pune - IITM",18.573,73.9277,North-Eastern Residential / Airport Corridor,294839076,residential,Unnamed,1,no,,,no,no,3,65.35,1447.19,STATIC_ROAD_NETWORK
11609,"Mhada Colony, Pune - IITM",18.573,73.9277,North-Eastern Residential / Airport Corridor,294839077,residential,Unnamed,1,no,,,no,no,3,95.43,1211.89,STATIC_ROAD_NETWORK
11609,"Mhada Colony, Pune - IITM",18.573,73.9277,North-Eastern Residential / Airport Corridor,294839079,residential,Lane Number 5,1,no,,,no,no,2,106.0,1289.8,STATIC_ROAD_NETWORK
11609,"Mhada Colony, Pune - IITM",18.573,73.9277,North-Eastern Residential / Airport Corridor,294839080,residential,Unnamed,1,no,,,no,no,2,67.14,1286.14,STATIC_ROAD_NETWORK
11609,"Mhada Colony, Pune - IITM",18.573,73.9277,North-Eastern Residential / Airport Corridor,294839083,residential,Unnamed,1,no,,,no,no,2,59.11,1416.7,STATIC_ROAD_NETWORK
11609,"Mhada Colony, Pune - IITM",18.573,73.9277,North-Eastern Residential / Airport Corridor,294839087,residential,Unnamed,1,no,,,no,no,2,55.35,1361.22,STATIC_ROAD_NETWORK
11609,"Mhada Colony, Pune - IITM",18.573,73.9277,North-Eastern Residential / Airport Corridor,294839088,residential,Unnamed,1,no,,,no,no,4,35.09,1450.52,STATIC_ROAD_NETWORK
11609,"Mhada Colony, Pune - IITM",18.573,73.9277,North-Eastern Residential / Airport Corridor,294839089,residential,Unnamed,1,no,,,no,no,2,79.22,1231.51,STATIC_ROAD_NETWORK
11609,"Mhada Colony, Pune - IITM",18.573,73.9277,North-Eastern Residential / Airport Corridor,294839090,residential,Unnamed,1,no,,,no,no,2,36.0,1358.92,STATIC_ROAD_NETWORK
11609,"Mhada Colony, Pune - IITM",18.573,73.9277,North-Eastern Residential / Airport Corridor,294839091,residential,Unnamed,1,no,,,no,no,2,41.95,1439.56,STATIC_ROAD_NETWORK
11609,"Mhada Colony, Pune - IITM",18.573,73.9277,North-Eastern Residential / Airport Corridor,294839093,residential,Unnamed,1,no,,,no,no,3,62.01,1392.19,STATIC_ROAD_NETWORK
11609,"Mhada Colony, Pune - IITM",18.573,73.9277,North-Eastern Residential / Airport Corridor,294839094,residential,Lane Number 13,1,no,,,no,no,2,121.72,1429.18,STATIC_ROAD_NETWORK
11609,"Mhada Colony, Pune - IITM",18.573,73.9277,North-Eastern Residential / Airport Corridor,294839099,residential,Lane Number 15,1,no,,,no,no,3,50.09,1447.44,STATIC_ROAD_NETWORK
11609,"Mhada Colony, Pune - IITM",18.573,73.9277,North-Eastern Residential / Airport Corridor,294839101,residential,Lane Number 10,1,no,,,no,no,2,103.84,1394.4,STATIC_ROAD_NETWORK
11609,"Mhada Colony, Pune - IITM",18.573,73.9277,North-Eastern Residential / Airport Corridor,294839103,residential,Unnamed,1,no,,,no,no,4,77.13,1417.68,STATIC_ROAD_NETWORK
11609,"Mhada Colony, Pune - IITM",18.573,73.9277,North-Eastern Residential / Airport Corridor,294839105,residential,Lane Number 6,1,no,,,no,no,3,115.56,1323.54,STATIC_ROAD_NETWORK
11609,"Mhada Colony, Pune - IITM",18.573,73.9277,North-Eastern Residential / Airport Corridor,294839106,residential,Unnamed,1,no,,,no,no,4,52.1,1484.08,STATIC_ROAD_NETWORK
11609,"Mhada Colony, Pune - IITM",18.573,73.9277,North-Eastern Residential / Airport Corridor,294839114,residential,Dhanoba Laxman Pathare Road,1,no,,,no,no,5,108.19,1434.82,STATIC_ROAD_NETWORK
11609,"Mhada Colony, Pune - IITM",18.573,73.9277,North-Eastern Residential / Airport Corridor,294839118,residential,Unnamed,1,no,,,no,no,4,198.36,1283.4,STATIC_ROAD_NETWORK
11609,"Mhada Colony, Pune - IITM",18.573,73.9277,North-Eastern Residential / Airport Corridor,294839119,residential,Unnamed,1,no,,,no,no,5,171.34,1330.36,STATIC_ROAD_NETWORK
11609,"Mhada Colony, Pune - IITM",18.573,73.9277,North-Eastern Residential / Airport Corridor,294839120,residential,Lane Number 14,1,no,,,no,no,3,97.02,1450.29,STATIC_ROAD_NETWORK
11609,"Mhada Colony, Pune - IITM",18.573,73.9277,North-Eastern Residential / Airport Corridor,294839127,residential,Unnamed,1,no,,,no,no,10,173.6,1366.12,STATIC_ROAD_NETWORK
11609,"Mhada Colony, Pune - IITM",18.573,73.9277,North-Eastern Residential / Airport Corridor,294839129,residential,Unnamed,1,no,,,no,no,6,147.04,1351.68,STATIC_ROAD_NETWORK
11609,"Mhada Colony, Pune - IITM",18.573,73.9277,North-Eastern Residential / Airport Corridor,294839130,residential,Lane No 5.,1,no,,,no,no,5,117.45,1349.97,STATIC_ROAD_NETWORK
11609,"Mhada Colony, Pune - IITM",18.573,73.9277,North-Eastern Residential / Airport Corridor,294839133,residential,Unnamed,1,no,,,no,no,7,280.77,1265.17,STATIC_ROAD_NETWORK
11609,"Mhada Colony, Pune - IITM",18.573,73.9277,North-Eastern Residential / Airport Corridor,294839138,residential,Unnamed,1,no,,,no,no,2,8.0,1156.22,STATIC_ROAD_NETWORK
11609,"Mhada Colony, Pune - IITM",18.573,73.9277,North-Eastern Residential / Airport Corridor,473017295,trunk_link,Unnamed,2,yes,50,concrete,no,no,5,246.42,1328.98,STATIC_ROAD_NETWORK
11609,"Mhada Colony, Pune - IITM",18.573,73.9277,North-Eastern Residential / Airport Corridor,473368447,residential,Unnamed,1,no,,,no,no,43,1818.33,421.84,STATIC_ROAD_NETWORK
11609,"Mhada Colony, Pune - IITM",18.573,73.9277,North-Eastern Residential / Airport Corridor,476489748,residential,Unnamed,1,no,,,no,no,5,517.13,1043.08,STATIC_ROAD_NETWORK
11609,"Mhada Colony, Pune - IITM",18.573,73.9277,North-Eastern Residential / Airport Corridor,476489757,residential,Unnamed,1,no,,,no,no,12,363.77,1416.62,STATIC_ROAD_NETWORK
11609,"Mhada Colony, Pune - IITM",18.573,73.9277,North-Eastern Residential / Airport Corridor,476489767,residential,Unnamed,1,no,,,no,no,11,238.96,1452.22,STATIC_ROAD_NETWORK
11609,"Mhada Colony, Pune - IITM",18.573,73.9277,North-Eastern Residential / Airport Corridor,476489781,residential,Lane Number 6,1,no,,,no,no,5,170.91,1497.69,STATIC_ROAD_NETWORK
11609,"Mhada Colony, Pune - IITM",18.573,73.9277,North-Eastern Residential / Airport Corridor,476489785,residential,Lane Number 3,1,no,,,no,no,4,110.05,1425.74,STATIC_ROAD_NETWORK
11609,"Mhada Colony, Pune - IITM",18.573,73.9277,North-Eastern Residential / Airport Corridor,476489787,residential,Lane Number 1,1,no,,,no,no,3,72.47,1379.46,STATIC_ROAD_NETWORK
11609,"Mhada Colony, Pune - IITM",18.573,73.9277,North-Eastern Residential / Airport Corridor,476489789,residential,Unnamed,1,no,,,no,no,3,77.18,1404.29,STATIC_ROAD_NETWORK
11609,"Mhada Colony, Pune - IITM",18.573,73.9277,North-Eastern Residential / Airport Corridor,476489791,residential,Unnamed,1,no,,,no,no,4,116.58,1477.93,STATIC_ROAD_NETWORK
11609,"Mhada Colony, Pune - IITM",18.573,73.9277,North-Eastern Residential / Airport Corridor,476489813,residential,Unnamed,1,no,,,no,no,13,348.12,445.3,STATIC_ROAD_NETWORK
11609,"Mhada Colony, Pune - IITM",18.573,73.9277,North-Eastern Residential / Airport Corridor,476489814,residential,Unnamed,1,no,,,no,no,21,347.97,435.86,STATIC_ROAD_NETWORK
11609,"Mhada Colony, Pune - IITM",18.573,73.9277,North-Eastern Residential / Airport Corridor,476489815,residential,Unnamed,1,no,,,no,no,3,95.24,492.03,STATIC_ROAD_NETWORK
11609,"Mhada Colony, Pune - IITM",18.573,73.9277,North-Eastern Residential / Airport Corridor,476489816,residential,Unnamed,1,no,,,no,no,2,27.37,438.15,STATIC_ROAD_NETWORK
11609,"Mhada Colony, Pune - IITM",18.573,73.9277,North-Eastern Residential / Airport Corridor,476489817,residential,Unnamed,1,no,,,no,no,4,97.19,531.26,STATIC_ROAD_NETWORK
11609,"Mhada Colony, Pune - IITM",18.573,73.9277,North-Eastern Residential / Airport Corridor,476489818,residential,Unnamed,1,no,,,no,no,11,275.79,433.72,STATIC_ROAD_NETWORK
11609,"Mhada Colony, Pune - IITM",18.573,73.9277,North-Eastern Residential / Airport Corridor,476489819,residential,Unnamed,1,no,,,no,no,22,286.23,382.08,STATIC_ROAD_NETWORK
11609,"Mhada Colony, Pune - IITM",18.573,73.9277,North-Eastern Residential / Airport Corridor,476489820,residential,Unnamed,1,no,,,no,no,4,37.71,383.35,STATIC_ROAD_NETWORK
11609,"Mhada Colony, Pune - IITM",18.573,73.9277,North-Eastern Residential / Airport Corridor,476489821,residential,Unnamed,1,no,,,no,no,6,147.04,276.76,STATIC_ROAD_NETWORK
11609,"Mhada Colony, Pune - IITM",18.573,73.9277,North-Eastern Residential / Airport Corridor,476489822,residential,Unnamed,1,no,,,no,no,5,147.12,279.6,STATIC_ROAD_NETWORK
11609,"Mhada Colony, Pune - IITM",18.573,73.9277,North-Eastern Residential / Airport Corridor,476489823,residential,Unnamed,1,no,,,no,no,2,38.17,394.32,STATIC_ROAD_NETWORK
11609,"Mhada Colony, Pune - IITM",18.573,73.9277,North-Eastern Residential / Airport Corridor,476489824,residential,Unnamed,1,no,,,no,no,2,37.28,404.71,STATIC_ROAD_NETWORK
11609,"Mhada Colony, Pune - IITM",18.573,73.9277,North-Eastern Residential / Airport Corridor,476489825,residential,Unnamed,1,no,,,no,no,2,36.0,389.01,STATIC_ROAD_NETWORK
11609,"Mhada Colony, Pune - IITM",18.573,73.9277,North-Eastern Residential / Airport Corridor,476489826,residential,Unnamed,1,no,,,no,no,2,38.44,484.7,STATIC_ROAD_NETWORK
11609,"Mhada Colony, Pune - IITM",18.573,73.9277,North-Eastern Residential / Airport Corridor,476493236,living_street,Unnamed,1,no,,,no,no,8,195.62,866.07,STATIC_ROAD_NETWORK
11609,"Mhada Colony, Pune - IITM",18.573,73.9277,North-Eastern Residential / Airport Corridor,476493237,living_street,Unnamed,1,no,,,no,no,2,43.35,965.64,STATIC_ROAD_NETWORK
11609,"Mhada Colony, Pune - IITM",18.573,73.9277,North-Eastern Residential / Airport Corridor,476493238,living_street,Unnamed,1,no,,,no,no,2,40.06,938.78,STATIC_ROAD_NETWORK
11609,"Mhada Colony, Pune - IITM",18.573,73.9277,North-Eastern Residential / Airport Corridor,476493239,living_street,Unnamed,1,no,,,no,no,3,82.52,910.95,STATIC_ROAD_NETWORK
11609,"Mhada Colony, Pune - IITM",18.573,73.9277,North-Eastern Residential / Airport Corridor,476493240,living_street,Unnamed,1,no,,,no,no,2,42.33,883.89,STATIC_ROAD_NETWORK
11609,"Mhada Colony, Pune - IITM",18.573,73.9277,North-Eastern Residential / Airport Corridor,476493242,residential,Unnamed,1,no,,,no,no,15,673.16,1176.0,STATIC_ROAD_NETWORK
11609,"Mhada Colony, Pune - IITM",18.573,73.9277,North-Eastern Residential / Airport Corridor,476590637,residential,Unnamed,1,no,,,no,no,4,105.05,1262.28,STATIC_ROAD_NETWORK
11609,"Mhada Colony, Pune - IITM",18.573,73.9277,North-Eastern Residential / Airport Corridor,476590640,residential,Unnamed,1,no,,,no,no,3,99.12,1187.24,STATIC_ROAD_NETWORK
11609,"Mhada Colony, Pune - IITM",18.573,73.9277,North-Eastern Residential / Airport Corridor,476590643,residential,Unnamed,1,no,,,no,no,3,95.88,1167.36,STATIC_ROAD_NETWORK
11609,"Mhada Colony, Pune - IITM",18.573,73.9277,North-Eastern Residential / Airport Corridor,476590645,residential,Unnamed,1,no,,,no,no,2,16.31,1418.12,STATIC_ROAD_NETWORK
11609,"Mhada Colony, Pune - IITM",18.573,73.9277,North-Eastern Residential / Airport Corridor,476590646,residential,Unnamed,1,no,,,no,no,8,99.62,1420.62,STATIC_ROAD_NETWORK
11609,"Mhada Colony, Pune - IITM",18.573,73.9277,North-Eastern Residential / Airport Corridor,536637413,residential,Unnamed,1,no,,,no,no,2,84.97,1340.93,STATIC_ROAD_NETWORK
11609,"Mhada Colony, Pune - IITM",18.573,73.9277,North-Eastern Residential / Airport Corridor,567624016,trunk,Nagar Road,3,yes,,concrete,no,no,2,19.58,1441.03,STATIC_ROAD_NETWORK
11609,"Mhada Colony, Pune - IITM",18.573,73.9277,North-Eastern Residential / Airport Corridor,567624020,tertiary,Somnath Nagar Road,1,no,,,no,no,66,1300.21,1441.03,STATIC_ROAD_NETWORK
11609,"Mhada Colony, Pune - IITM",18.573,73.9277,North-Eastern Residential / Airport Corridor,567680956,trunk,Nagar Road,3,yes,,concrete,no,no,16,591.3,1130.12,STATIC_ROAD_NETWORK
11609,"Mhada Colony, Pune - IITM",18.573,73.9277,North-Eastern Residential / Airport Corridor,567680963,tertiary,Viman Nagar Road,1,yes,,,no,no,9,271.4,1472.05,STATIC_ROAD_NETWORK
11609,"Mhada Colony, Pune - IITM",18.573,73.9277,North-Eastern Residential / Airport Corridor,567684931,trunk,Nagar Road,3,yes,,,no,no,2,7.1,1118.39,STATIC_ROAD_NETWORK
11609,"Mhada Colony, Pune - IITM",18.573,73.9277,North-Eastern Residential / Airport Corridor,567684941,trunk,Nagar Road,3,yes,,,no,no,6,127.56,1143.59,STATIC_ROAD_NETWORK
11609,"Mhada Colony, Pune - IITM",18.573,73.9277,North-Eastern Residential / Airport Corridor,567684946,tertiary,Old Mundhwa Road,1,yes,,,no,no,2,13.28,1143.59,STATIC_ROAD_NETWORK
11609,"Mhada Colony, Pune - IITM",18.573,73.9277,North-Eastern Residential / Airport Corridor,567684949,residential,Unnamed,1,no,,,no,no,6,453.91,1154.1,STATIC_ROAD_NETWORK
11609,"Mhada Colony, Pune - IITM",18.573,73.9277,North-Eastern Residential / Airport Corridor,567684952,tertiary,Old Mundhwa Road,1,yes,,,no,no,14,346.88,1156.22,STATIC_ROAD_NETWORK
11609,"Mhada Colony, Pune - IITM",18.573,73.9277,North-Eastern Residential / Airport Corridor,567684957,trunk,Nagar Road,3,yes,,,no,no,2,7.78,1143.02,STATIC_ROAD_NETWORK
11609,"Mhada Colony, Pune - IITM",18.573,73.9277,North-Eastern Residential / Airport Corridor,567684960,tertiary,Old Mundhwa Road,1,yes,,,no,no,2,13.23,1143.02,STATIC_ROAD_NETWORK
11609,"Mhada Colony, Pune - IITM",18.573,73.9277,North-Eastern Residential / Airport Corridor,567684961,trunk,Nagar Road,3,yes,,,no,no,2,259.55,1118.39,STATIC_ROAD_NETWORK
11609,"Mhada Colony, Pune - IITM",18.573,73.9277,North-Eastern Residential / Airport Corridor,567684962,residential,Unnamed,1,no,,,no,no,2,8.29,1190.16,STATIC_ROAD_NETWORK
11609,"Mhada Colony, Pune - IITM",18.573,73.9277,North-Eastern Residential / Airport Corridor,567684964,residential,Unnamed,1,no,,,no,no,6,116.24,1213.35,STATIC_ROAD_NETWORK
11609,"Mhada Colony, Pune - IITM",18.573,73.9277,North-Eastern Residential / Airport Corridor,567684965,residential,Unnamed,1,no,,,no,no,2,16.4,1198.05,STATIC_ROAD_NETWORK
11609,"Mhada Colony, Pune - IITM",18.573,73.9277,North-Eastern Residential / Airport Corridor,567684966,residential,Unnamed,1,no,,,no,no,2,9.06,1181.55,STATIC_ROAD_NETWORK
11609,"Mhada Colony, Pune - IITM",18.573,73.9277,North-Eastern Residential / Airport Corridor,670166758,residential,Unnamed,1,no,,,no,no,2,47.5,1166.9,STATIC_ROAD_NETWORK
11609,"Mhada Colony, Pune - IITM",18.573,73.9277,North-Eastern Residential / Airport Corridor,670166759,residential,Unnamed,1,no,,,no,no,2,29.06,1220.92,STATIC_ROAD_NETWORK
11609,"Mhada Colony, Pune - IITM",18.573,73.9277,North-Eastern Residential / Airport Corridor,670166760,residential,Unnamed,1,no,,,no,no,7,84.67,1168.52,STATIC_ROAD_NETWORK
11609,"Mhada Colony, Pune - IITM",18.573,73.9277,North-Eastern Residential / Airport Corridor,670166761,residential,Unnamed,1,no,,,no,no,2,44.99,1181.1,STATIC_ROAD_NETWORK
11609,"Mhada Colony, Pune - IITM",18.573,73.9277,North-Eastern Residential / Airport Corridor,690383410,residential,Unnamed,1,no,,,no,no,9,183.02,1235.49,STATIC_ROAD_NETWORK
11609,"Mhada Colony, Pune - IITM",18.573,73.9277,North-Eastern Residential / Airport Corridor,690439881,residential,Unnamed,1,no,,,no,no,3,28.35,1241.91,STATIC_ROAD_NETWORK
11609,"Mhada Colony, Pune - IITM",18.573,73.9277,North-Eastern Residential / Airport Corridor,690441364,residential,Unnamed,1,no,,,no,no,4,96.03,1145.2,STATIC_ROAD_NETWORK
11609,"Mhada Colony, Pune - IITM",18.573,73.9277,North-Eastern Residential / Airport Corridor,690441365,residential,Unnamed,1,no,,,no,no,4,75.94,1118.34,STATIC_ROAD_NETWORK
11609,"Mhada Colony, Pune - IITM",18.573,73.9277,North-Eastern Residential / Airport Corridor,690441366,tertiary,Viman Nagar Road,1,yes,,,no,no,12,164.43,1132.54,STATIC_ROAD_NETWORK
11609,"Mhada Colony, Pune - IITM",18.573,73.9277,North-Eastern Residential / Airport Corridor,690441367,residential,Viman Nagar Road,1,no,,,no,no,4,91.64,1075.36,STATIC_ROAD_NETWORK
11609,"Mhada Colony, Pune - IITM",18.573,73.9277,North-Eastern Residential / Airport Corridor,707334216,residential,Unnamed,1,no,,,no,no,2,45.4,1225.65,STATIC_ROAD_NETWORK
11609,"Mhada Colony, Pune - IITM",18.573,73.9277,North-Eastern Residential / Airport Corridor,765660285,tertiary,Unnamed,1,no,,,no,no,143,4137.12,1448.26,STATIC_ROAD_NETWORK
11609,"Mhada Colony, Pune - IITM",18.573,73.9277,North-Eastern Residential / Airport Corridor,766003992,residential,Unnamed,1,no,,,no,no,3,75.42,1457.1,STATIC_ROAD_NETWORK
11609,"Mhada Colony, Pune - IITM",18.573,73.9277,North-Eastern Residential / Airport Corridor,766040474,residential,Unnamed,1,no,,,no,no,3,106.23,1453.4,STATIC_ROAD_NETWORK
11609,"Mhada Colony, Pune - IITM",18.573,73.9277,North-Eastern Residential / Airport Corridor,772414565,residential,Unnamed,1,no,,,no,no,5,83.69,1413.11,STATIC_ROAD_NETWORK
11609,"Mhada Colony, Pune - IITM",18.573,73.9277,North-Eastern Residential / Airport Corridor,772414567,residential,Unnamed,1,no,,,no,no,2,64.02,1322.62,STATIC_ROAD_NETWORK
11609,"Mhada Colony, Pune - IITM",18.573,73.9277,North-Eastern Residential / Airport Corridor,772414568,residential,Unnamed,1,no,,,no,no,2,67.89,1276.46,STATIC_ROAD_NETWORK
11609,"Mhada Colony, Pune - IITM",18.573,73.9277,North-Eastern Residential / Airport Corridor,772414569,residential,Unnamed,1,no,,,no,no,2,45.62,1370.92,STATIC_ROAD_NETWORK
11609,"Mhada Colony, Pune - IITM",18.573,73.9277,North-Eastern Residential / Airport Corridor,855884152,residential,Unnamed,1,no,,,no,no,4,408.52,1249.8,STATIC_ROAD_NETWORK
11609,"Mhada Colony, Pune - IITM",18.573,73.9277,North-Eastern Residential / Airport Corridor,855884154,residential,Unnamed,1,no,,,no,no,2,68.96,1452.88,STATIC_ROAD_NETWORK
11609,"Mhada Colony, Pune - IITM",18.573,73.9277,North-Eastern Residential / Airport Corridor,856213006,residential,Unnamed,1,no,,,no,no,3,64.09,1295.07,STATIC_ROAD_NETWORK
11609,"Mhada Colony, Pune - IITM",18.573,73.9277,North-Eastern Residential / Airport Corridor,856213007,residential,Unnamed,1,no,,,no,no,2,55.08,1247.36,STATIC_ROAD_NETWORK
11609,"Mhada Colony, Pune - IITM",18.573,73.9277,North-Eastern Residential / Airport Corridor,856213008,living_street,Unnamed,1,no,,,no,no,8,183.38,932.99,STATIC_ROAD_NETWORK
11609,"Mhada Colony, Pune - IITM",18.573,73.9277,North-Eastern Residential / Airport Corridor,856213012,residential,Unnamed,1,no,,,no,no,2,65.47,930.4,STATIC_ROAD_NETWORK
11609,"Mhada Colony, Pune - IITM",18.573,73.9277,North-Eastern Residential / Airport Corridor,856213023,residential,Unnamed,1,no,,,no,no,3,58.59,422.56,STATIC_ROAD_NETWORK
11609,"Mhada Colony, Pune - IITM",18.573,73.9277,North-Eastern Residential / Airport Corridor,856347144,residential,Unnamed,1,no,,,no,no,24,714.2,1325.84,STATIC_ROAD_NETWORK
11609,"Mhada Colony, Pune - IITM",18.573,73.9277,North-Eastern Residential / Airport Corridor,857983034,residential,Unnamed,1,no,,,no,no,2,44.55,1360.83,STATIC_ROAD_NETWORK
11609,"Mhada Colony, Pune - IITM",18.573,73.9277,North-Eastern Residential / Airport Corridor,857983036,residential,Unnamed,1,no,,,no,no,8,78.27,1487.54,STATIC_ROAD_NETWORK
11609,"Mhada Colony, Pune - IITM",18.573,73.9277,North-Eastern Residential / Airport Corridor,857983038,residential,Unnamed,1,no,,,no,no,3,53.37,1136.23,STATIC_ROAD_NETWORK
11609,"Mhada Colony, Pune - IITM",18.573,73.9277,North-Eastern Residential / Airport Corridor,857990399,residential,Unnamed,1,no,,,no,no,7,80.18,1474.63,STATIC_ROAD_NETWORK
11609,"Mhada Colony, Pune - IITM",18.573,73.9277,North-Eastern Residential / Airport Corridor,858053224,residential,Unnamed,1,no,,,no,no,3,152.63,1218.05,STATIC_ROAD_NETWORK
11609,"Mhada Colony, Pune - IITM",18.573,73.9277,North-Eastern Residential / Airport Corridor,858053225,residential,Unnamed,1,no,,,no,no,3,150.3,1202.91,STATIC_ROAD_NETWORK
11609,"Mhada Colony, Pune - IITM",18.573,73.9277,North-Eastern Residential / Airport Corridor,858053226,residential,Unnamed,1,no,,,no,no,6,42.63,1181.1,STATIC_ROAD_NETWORK
11609,"Mhada Colony, Pune - IITM",18.573,73.9277,North-Eastern Residential / Airport Corridor,858076189,residential,Unnamed,1,no,,,no,no,2,6.36,1096.17,STATIC_ROAD_NETWORK
11609,"Mhada Colony, Pune - IITM",18.573,73.9277,North-Eastern Residential / Airport Corridor,858076191,residential,Unnamed,1,no,,,no,no,10,117.66,1227.29,STATIC_ROAD_NETWORK
11609,"Mhada Colony, Pune - IITM",18.573,73.9277,North-Eastern Residential / Airport Corridor,858121973,residential,Unnamed,1,no,,,no,no,3,70.72,1467.48,STATIC_ROAD_NETWORK
11609,"Mhada Colony, Pune - IITM",18.573,73.9277,North-Eastern Residential / Airport Corridor,858121977,residential,Unnamed,1,no,,,no,no,2,99.43,1480.87,STATIC_ROAD_NETWORK
11609,"Mhada Colony, Pune - IITM",18.573,73.9277,North-Eastern Residential / Airport Corridor,858186793,residential,Lane Number 2,1,no,,,no,no,2,31.18,1402.79,STATIC_ROAD_NETWORK
11609,"Mhada Colony, Pune - IITM",18.573,73.9277,North-Eastern Residential / Airport Corridor,858186794,residential,Lane Number 4,1,no,,,no,no,5,59.75,1453.07,STATIC_ROAD_NETWORK
11609,"Mhada Colony, Pune - IITM",18.573,73.9277,North-Eastern Residential / Airport Corridor,858186795,residential,Lane Number 5,1,no,,,no,no,4,60.08,1478.44,STATIC_ROAD_NETWORK
11609,"Mhada Colony, Pune - IITM",18.573,73.9277,North-Eastern Residential / Airport Corridor,992496128,residential,Unnamed,1,no,,,no,no,3,101.38,1457.31,STATIC_ROAD_NETWORK
11609,"Mhada Colony, Pune - IITM",18.573,73.9277,North-Eastern Residential / Airport Corridor,992497762,residential,Unnamed,1,no,,,no,no,2,45.79,1486.12,STATIC_ROAD_NETWORK
11609,"Mhada Colony, Pune - IITM",18.573,73.9277,North-Eastern Residential / Airport Corridor,992497773,residential,Unnamed,1,no,,,no,no,2,33.28,1258.22,STATIC_ROAD_NETWORK
11609,"Mhada Colony, Pune - IITM",18.573,73.9277,North-Eastern Residential / Airport Corridor,1035965923,residential,Unnamed,1,no,,,no,no,5,171.73,1496.66,STATIC_ROAD_NETWORK
11609,"Mhada Colony, Pune - IITM",18.573,73.9277,North-Eastern Residential / Airport Corridor,1039247050,tertiary,Viman Nagar Road,1,yes,,,no,no,5,110.09,1243.09,STATIC_ROAD_NETWORK
11609,"Mhada Colony, Pune - IITM",18.573,73.9277,North-Eastern Residential / Airport Corridor,1118243857,residential,Unnamed,1,no,,,no,no,2,38.29,1464.35,STATIC_ROAD_NETWORK
11609,"Mhada Colony, Pune - IITM",18.573,73.9277,North-Eastern Residential / Airport Corridor,1118243861,residential,Unnamed,1,no,,,no,no,2,28.12,1487.19,STATIC_ROAD_NETWORK
11609,"Mhada Colony, Pune - IITM",18.573,73.9277,North-Eastern Residential / Airport Corridor,1118244396,residential,Unnamed,1,no,,,no,no,2,23.42,1443.19,STATIC_ROAD_NETWORK
11609,"Mhada Colony, Pune - IITM",18.573,73.9277,North-Eastern Residential / Airport Corridor,1118244397,residential,Unnamed,1,no,,,no,no,2,39.98,1477.99,STATIC_ROAD_NETWORK
11609,"Mhada Colony, Pune - IITM",18.573,73.9277,North-Eastern Residential / Airport Corridor,1118244398,residential,Unnamed,1,no,,,no,no,2,35.19,1491.23,STATIC_ROAD_NETWORK
11609,"Mhada Colony, Pune - IITM",18.573,73.9277,North-Eastern Residential / Airport Corridor,1118244399,residential,Unnamed,1,no,,,no,no,2,37.46,1452.65,STATIC_ROAD_NETWORK
11609,"Mhada Colony, Pune - IITM",18.573,73.9277,North-Eastern Residential / Airport Corridor,1118244400,residential,Unnamed,1,no,,,no,no,2,24.7,1462.21,STATIC_ROAD_NETWORK
11609,"Mhada Colony, Pune - IITM",18.573,73.9277,North-Eastern Residential / Airport Corridor,1118244401,residential,Unnamed,1,no,,,no,no,2,38.41,1475.97,STATIC_ROAD_NETWORK
11609,"Mhada Colony, Pune - IITM",18.573,73.9277,North-Eastern Residential / Airport Corridor,1118245934,living_street,Unnamed,1,no,,,no,no,3,45.52,1472.62,STATIC_ROAD_NETWORK
11609,"Mhada Colony, Pune - IITM",18.573,73.9277,North-Eastern Residential / Airport Corridor,1118245943,residential,Unnamed,1,no,,,no,no,2,39.67,1496.04,STATIC_ROAD_NETWORK
11609,"Mhada Colony, Pune - IITM",18.573,73.9277,North-Eastern Residential / Airport Corridor,1118246535,residential,Unnamed,1,no,,,no,no,2,32.89,1323.52,STATIC_ROAD_NETWORK
11609,"Mhada Colony, Pune - IITM",18.573,73.9277,North-Eastern Residential / Airport Corridor,1118556020,residential,Unnamed,1,no,,,no,no,2,45.81,1433.01,STATIC_ROAD_NETWORK
11609,"Mhada Colony, Pune - IITM",18.573,73.9277,North-Eastern Residential / Airport Corridor,1118556021,residential,Unnamed,1,no,,,no,no,2,47.55,1420.62,STATIC_ROAD_NETWORK
11609,"Mhada Colony, Pune - IITM",18.573,73.9277,North-Eastern Residential / Airport Corridor,1118559432,residential,Unnamed,1,no,,,no,no,5,112.92,1195.67,STATIC_ROAD_NETWORK
11609,"Mhada Colony, Pune - IITM",18.573,73.9277,North-Eastern Residential / Airport Corridor,1118559435,residential,Unnamed,1,no,,,no,no,4,91.86,1155.31,STATIC_ROAD_NETWORK
11609,"Mhada Colony, Pune - IITM",18.573,73.9277,North-Eastern Residential / Airport Corridor,1120020813,residential,Unnamed,1,no,,,no,no,4,54.37,1020.27,STATIC_ROAD_NETWORK
11609,"Mhada Colony, Pune - IITM",18.573,73.9277,North-Eastern Residential / Airport Corridor,1120020814,residential,Unnamed,1,no,,,no,no,6,134.61,974.75,STATIC_ROAD_NETWORK
11609,"Mhada Colony, Pune - IITM",18.573,73.9277,North-Eastern Residential / Airport Corridor,1120020818,living_street,Unnamed,1,no,,,no,no,2,29.88,997.03,STATIC_ROAD_NETWORK
11609,"Mhada Colony, Pune - IITM",18.573,73.9277,North-Eastern Residential / Airport Corridor,1120020819,living_street,Unnamed,1,no,,,no,no,2,32.75,968.75,STATIC_ROAD_NETWORK
11609,"Mhada Colony, Pune - IITM",18.573,73.9277,North-Eastern Residential / Airport Corridor,1120020820,living_street,Unnamed,1,no,,,no,no,2,30.3,942.7,STATIC_ROAD_NETWORK
11609,"Mhada Colony, Pune - IITM",18.573,73.9277,North-Eastern Residential / Airport Corridor,1120020821,living_street,Unnamed,1,no,,,no,no,2,30.58,916.96,STATIC_ROAD_NETWORK
11609,"Mhada Colony, Pune - IITM",18.573,73.9277,North-Eastern Residential / Airport Corridor,1120022086,residential,Unnamed,1,no,,,no,no,3,60.61,897.32,STATIC_ROAD_NETWORK
11609,"Mhada Colony, Pune - IITM",18.573,73.9277,North-Eastern Residential / Airport Corridor,1120022087,residential,Unnamed,1,no,,,no,no,3,19.22,819.39,STATIC_ROAD_NETWORK
11609,"Mhada Colony, Pune - IITM",18.573,73.9277,North-Eastern Residential / Airport Corridor,1120258594,residential,Unnamed,1,no,,,no,no,3,125.17,1108.88,STATIC_ROAD_NETWORK
11609,"Mhada Colony, Pune - IITM",18.573,73.9277,North-Eastern Residential / Airport Corridor,1120258606,residential,Unnamed,1,no,,,no,no,6,202.33,1492.73,STATIC_ROAD_NETWORK
11609,"Mhada Colony, Pune - IITM",18.573,73.9277,North-Eastern Residential / Airport Corridor,1136472437,tertiary,Viman Nagar Road,1,yes,,,no,no,9,191.01,1329.8,STATIC_ROAD_NETWORK
11609,"Mhada Colony, Pune - IITM",18.573,73.9277,North-Eastern Residential / Airport Corridor,1148718731,residential,Unnamed,1,no,,,no,no,4,100.04,1222.1,STATIC_ROAD_NETWORK
11609,"Mhada Colony, Pune - IITM",18.573,73.9277,North-Eastern Residential / Airport Corridor,1151688996,trunk,Nagar Road,3,yes,,concrete,no,no,2,43.4,1411.06,STATIC_ROAD_NETWORK
11609,"Mhada Colony, Pune - IITM",18.573,73.9277,North-Eastern Residential / Airport Corridor,1151688997,trunk,Nagar Road,3,yes,,concrete,no,no,11,309.02,1426.07,STATIC_ROAD_NETWORK
11609,"Mhada Colony, Pune - IITM",18.573,73.9277,North-Eastern Residential / Airport Corridor,1151688998,trunk,Nagar Road,3,yes,,concrete,no,no,2,8.65,1419.76,STATIC_ROAD_NETWORK
11609,"Mhada Colony, Pune - IITM",18.573,73.9277,North-Eastern Residential / Airport Corridor,1151688999,trunk,Nagar Road,3,yes,,concrete,no,no,11,290.43,1455.39,STATIC_ROAD_NETWORK
11609,"Mhada Colony, Pune - IITM",18.573,73.9277,North-Eastern Residential / Airport Corridor,1181937308,residential,Unnamed,1,no,,,no,no,7,86.17,1190.53,STATIC_ROAD_NETWORK
11609,"Mhada Colony, Pune - IITM",18.573,73.9277,North-Eastern Residential / Airport Corridor,1181937779,residential,Unnamed,1,no,,,no,no,4,68.81,1042.68,STATIC_ROAD_NETWORK
11609,"Mhada Colony, Pune - IITM",18.573,73.9277,North-Eastern Residential / Airport Corridor,1181938584,residential,Unnamed,1,no,,,no,no,3,15.77,1131.81,STATIC_ROAD_NETWORK
11609,"Mhada Colony, Pune - IITM",18.573,73.9277,North-Eastern Residential / Airport Corridor,1181939158,residential,Unnamed,1,no,,,no,no,3,35.42,1070.82,STATIC_ROAD_NETWORK
11609,"Mhada Colony, Pune - IITM",18.573,73.9277,North-Eastern Residential / Airport Corridor,1181939482,residential,Unnamed,1,no,,,no,no,10,75.62,1024.1,STATIC_ROAD_NETWORK
11609,"Mhada Colony, Pune - IITM",18.573,73.9277,North-Eastern Residential / Airport Corridor,1182165087,residential,Unnamed,1,no,,,no,no,5,67.72,1474.75,STATIC_ROAD_NETWORK
11609,"Mhada Colony, Pune - IITM",18.573,73.9277,North-Eastern Residential / Airport Corridor,1182175623,residential,Unnamed,1,no,,,no,no,2,59.18,1301.65,STATIC_ROAD_NETWORK
11609,"Mhada Colony, Pune - IITM",18.573,73.9277,North-Eastern Residential / Airport Corridor,1182459304,residential,Unnamed,1,no,,,no,no,7,142.04,1061.81,STATIC_ROAD_NETWORK
11609,"Mhada Colony, Pune - IITM",18.573,73.9277,North-Eastern Residential / Airport Corridor,1183861029,residential,Unnamed,1,no,,,no,no,3,53.98,1287.05,STATIC_ROAD_NETWORK
11609,"Mhada Colony, Pune - IITM",18.573,73.9277,North-Eastern Residential / Airport Corridor,1183884882,living_street,Unnamed,1,no,,unpaved,no,no,16,85.12,551.02,STATIC_ROAD_NETWORK
11609,"Mhada Colony, Pune - IITM",18.573,73.9277,North-Eastern Residential / Airport Corridor,1201045151,residential,Unnamed,1,no,,,no,no,2,6.54,1116.46,STATIC_ROAD_NETWORK
11609,"Mhada Colony, Pune - IITM",18.573,73.9277,North-Eastern Residential / Airport Corridor,1201045152,residential,Unnamed,1,no,,,no,no,2,3.46,1114.43,STATIC_ROAD_NETWORK
11609,"Mhada Colony, Pune - IITM",18.573,73.9277,North-Eastern Residential / Airport Corridor,1201046695,residential,Unnamed,1,no,,,no,no,4,25.25,1382.41,STATIC_ROAD_NETWORK
11609,"Mhada Colony, Pune - IITM",18.573,73.9277,North-Eastern Residential / Airport Corridor,1201046696,residential,Unnamed,1,no,,,no,no,2,32.15,1453.32,STATIC_ROAD_NETWORK
11609,"Mhada Colony, Pune - IITM",18.573,73.9277,North-Eastern Residential / Airport Corridor,1201053424,residential,Unnamed,1,no,,,no,no,2,4.95,1290.35,STATIC_ROAD_NETWORK
11609,"Mhada Colony, Pune - IITM",18.573,73.9277,North-Eastern Residential / Airport Corridor,1201057929,residential,Unnamed,1,no,,,no,no,2,6.3,1174.35,STATIC_ROAD_NETWORK
11609,"Mhada Colony, Pune - IITM",18.573,73.9277,North-Eastern Residential / Airport Corridor,1201057930,residential,Unnamed,1,no,,,no,no,2,6.34,1202.42,STATIC_ROAD_NETWORK
11609,"Mhada Colony, Pune - IITM",18.573,73.9277,North-Eastern Residential / Airport Corridor,1205207893,residential,Unnamed,1,no,,,no,no,3,48.94,1260.44,STATIC_ROAD_NETWORK
11609,"Mhada Colony, Pune - IITM",18.573,73.9277,North-Eastern Residential / Airport Corridor,1206878465,residential,Unnamed,1,no,,,no,no,2,38.99,1452.84,STATIC_ROAD_NETWORK
11609,"Mhada Colony, Pune - IITM",18.573,73.9277,North-Eastern Residential / Airport Corridor,1206878466,residential,Unnamed,1,no,,,no,no,2,39.6,1397.35,STATIC_ROAD_NETWORK
11609,"Mhada Colony, Pune - IITM",18.573,73.9277,North-Eastern Residential / Airport Corridor,1277806567,residential,Unnamed,1,no,,,no,no,2,66.44,1453.32,STATIC_ROAD_NETWORK
11609,"Mhada Colony, Pune - IITM",18.573,73.9277,North-Eastern Residential / Airport Corridor,1277806622,residential,Unnamed,1,no,,,no,no,2,67.18,1476.83,STATIC_ROAD_NETWORK
11609,"Mhada Colony, Pune - IITM",18.573,73.9277,North-Eastern Residential / Airport Corridor,1277807280,residential,Unnamed,1,no,,,no,no,2,67.11,1497.62,STATIC_ROAD_NETWORK
11609,"Mhada Colony, Pune - IITM",18.573,73.9277,North-Eastern Residential / Airport Corridor,1277807893,residential,Unnamed,1,no,,,no,no,2,65.56,1417.23,STATIC_ROAD_NETWORK
11609,"Mhada Colony, Pune - IITM",18.573,73.9277,North-Eastern Residential / Airport Corridor,1277808103,residential,Unnamed,1,no,,,no,no,2,63.97,1446.41,STATIC_ROAD_NETWORK
11609,"Mhada Colony, Pune - IITM",18.573,73.9277,North-Eastern Residential / Airport Corridor,1277808678,residential,Unnamed,1,no,,,no,no,2,62.5,1456.68,STATIC_ROAD_NETWORK
11609,"Mhada Colony, Pune - IITM",18.573,73.9277,North-Eastern Residential / Airport Corridor,1277809647,residential,Unnamed,1,no,,,no,no,3,60.14,1488.0,STATIC_ROAD_NETWORK
11609,"Mhada Colony, Pune - IITM",18.573,73.9277,North-Eastern Residential / Airport Corridor,1292295022,residential,Unnamed,1,no,,,no,no,2,5.22,1459.15,STATIC_ROAD_NETWORK
11609,"Mhada Colony, Pune - IITM",18.573,73.9277,North-Eastern Residential / Airport Corridor,1292997005,residential,Kalpataru Society Lane 2,1,no,,,no,no,2,5.99,1420.62,STATIC_ROAD_NETWORK
11609,"Mhada Colony, Pune - IITM",18.573,73.9277,North-Eastern Residential / Airport Corridor,1292997006,residential,Dhanoba Laxman Pathare Road,1,no,,,no,no,2,6.19,1383.84,STATIC_ROAD_NETWORK
11609,"Mhada Colony, Pune - IITM",18.573,73.9277,North-Eastern Residential / Airport Corridor,1292997455,residential,Unnamed,1,no,,,no,no,2,3.32,1495.9,STATIC_ROAD_NETWORK
11609,"Mhada Colony, Pune - IITM",18.573,73.9277,North-Eastern Residential / Airport Corridor,1292997456,residential,Unnamed,1,no,,,no,no,2,5.95,1452.32,STATIC_ROAD_NETWORK
11609,"Mhada Colony, Pune - IITM",18.573,73.9277,North-Eastern Residential / Airport Corridor,1293568163,residential,Unnamed,1,no,,,no,no,3,48.02,1127.31,STATIC_ROAD_NETWORK
11609,"Mhada Colony, Pune - IITM",18.573,73.9277,North-Eastern Residential / Airport Corridor,1293568164,residential,Unnamed,1,no,,,no,no,3,24.01,1176.89,STATIC_ROAD_NETWORK
11609,"Mhada Colony, Pune - IITM",18.573,73.9277,North-Eastern Residential / Airport Corridor,1293568165,residential,Unnamed,1,no,,,no,no,3,29.55,1163.98,STATIC_ROAD_NETWORK
11609,"Mhada Colony, Pune - IITM",18.573,73.9277,North-Eastern Residential / Airport Corridor,1293569728,residential,Unnamed,1,no,,,no,no,7,32.85,1023.64,STATIC_ROAD_NETWORK
11609,"Mhada Colony, Pune - IITM",18.573,73.9277,North-Eastern Residential / Airport Corridor,1293569729,residential,Unnamed,1,no,,,no,no,4,32.27,1047.37,STATIC_ROAD_NETWORK
11609,"Mhada Colony, Pune - IITM",18.573,73.9277,North-Eastern Residential / Airport Corridor,1293569730,residential,Unnamed,1,no,,,no,no,6,94.72,1154.81,STATIC_ROAD_NETWORK
11609,"Mhada Colony, Pune - IITM",18.573,73.9277,North-Eastern Residential / Airport Corridor,1293569731,residential,Unnamed,1,no,,,no,no,3,9.35,1098.29,STATIC_ROAD_NETWORK
11609,"Mhada Colony, Pune - IITM",18.573,73.9277,North-Eastern Residential / Airport Corridor,1293569732,residential,Unnamed,1,no,,,no,no,7,82.64,1108.07,STATIC_ROAD_NETWORK
11609,"Mhada Colony, Pune - IITM",18.573,73.9277,North-Eastern Residential / Airport Corridor,1293574513,residential,Unnamed,1,no,,,no,no,2,33.78,1214.5,STATIC_ROAD_NETWORK
11609,"Mhada Colony, Pune - IITM",18.573,73.9277,North-Eastern Residential / Airport Corridor,1297346077,residential,Unnamed,1,no,,,no,no,4,37.81,833.31,STATIC_ROAD_NETWORK
11609,"Mhada Colony, Pune - IITM",18.573,73.9277,North-Eastern Residential / Airport Corridor,1301088410,residential,Lane Number 2,1,no,,,no,no,3,22.88,1428.19,STATIC_ROAD_NETWORK
11609,"Mhada Colony, Pune - IITM",18.573,73.9277,North-Eastern Residential / Airport Corridor,1381074833,residential,Unnamed,1,no,,,no,no,2,7.99,1238.09,STATIC_ROAD_NETWORK
11609,"Mhada Colony, Pune - IITM",18.573,73.9277,North-Eastern Residential / Airport Corridor,1396291206,trunk_link,Unnamed,1,no,,,no,no,3,26.04,1131.69,STATIC_ROAD_NETWORK
11609,"Mhada Colony, Pune - IITM",18.573,73.9277,North-Eastern Residential / Airport Corridor,1423901090,trunk,Nagar Road,3,yes,,concrete,no,no,4,142.33,1155.31,STATIC_ROAD_NETWORK
11609,"Mhada Colony, Pune - IITM",18.573,73.9277,North-Eastern Residential / Airport Corridor,1423901091,trunk_link,Unnamed,1,no,,,no,no,3,23.29,1165.0,STATIC_ROAD_NETWORK
11609,"Mhada Colony, Pune - IITM",18.573,73.9277,North-Eastern Residential / Airport Corridor,1452577157,residential,Unnamed,1,no,,,no,no,3,135.57,1472.92,STATIC_ROAD_NETWORK
11609,"Mhada Colony, Pune - IITM",18.573,73.9277,North-Eastern Residential / Airport Corridor,1456883437,tertiary,Anand Vidya Niketan High School Road,1,no,,,no,no,2,7.54,1135.36,STATIC_ROAD_NETWORK
11609,"Mhada Colony, Pune - IITM",18.573,73.9277,North-Eastern Residential / Airport Corridor,1456883438,tertiary,Viman Nagar Road,1,yes,,,no,no,2,9.78,1132.54,STATIC_ROAD_NETWORK
11609,"Mhada Colony, Pune - IITM",18.573,73.9277,North-Eastern Residential / Airport Corridor,1456883440,tertiary,Viman Nagar Road,1,no,,,no,no,2,10.17,1322.42,STATIC_ROAD_NETWORK
11609,"Mhada Colony, Pune - IITM",18.573,73.9277,North-Eastern Residential / Airport Corridor,1461755115,residential,Unnamed,1,no,,,no,no,5,46.16,1440.67,STATIC_ROAD_NETWORK
11609,"Mhada Colony, Pune - IITM",18.573,73.9277,North-Eastern Residential / Airport Corridor,1461755116,residential,Unnamed,1,no,,,no,no,4,91.54,1432.22,STATIC_ROAD_NETWORK
11609,"Mhada Colony, Pune - IITM",18.573,73.9277,North-Eastern Residential / Airport Corridor,1461755117,residential,Unnamed,1,no,,,no,no,4,65.57,1443.5,STATIC_ROAD_NETWORK
11609,"Mhada Colony, Pune - IITM",18.573,73.9277,North-Eastern Residential / Airport Corridor,1461755118,residential,Unnamed,1,no,,,no,no,3,107.4,1410.61,STATIC_ROAD_NETWORK
11609,"Mhada Colony, Pune - IITM",18.573,73.9277,North-Eastern Residential / Airport Corridor,1461755119,residential,Unnamed,1,no,,,no,no,3,105.91,1435.6,STATIC_ROAD_NETWORK
11609,"Mhada Colony, Pune - IITM",18.573,73.9277,North-Eastern Residential / Airport Corridor,1461755120,residential,Unnamed,1,no,,,no,no,2,25.45,1420.08,STATIC_ROAD_NETWORK
11609,"Mhada Colony, Pune - IITM",18.573,73.9277,North-Eastern Residential / Airport Corridor,1488497830,trunk_link,Unnamed,1,yes,,,no,no,4,35.39,1298.83,STATIC_ROAD_NETWORK
11609,"Mhada Colony, Pune - IITM",18.573,73.9277,North-Eastern Residential / Airport Corridor,1510256047,trunk,Nagar Road,3,yes,,,no,no,3,179.27,1131.69,STATIC_ROAD_NETWORK
11609,"Mhada Colony, Pune - IITM",18.573,73.9277,North-Eastern Residential / Airport Corridor,1510256048,trunk,Nagar Road,3,yes,,,no,no,2,15.9,1129.1,STATIC_ROAD_NETWORK
11609,"Mhada Colony, Pune - IITM",18.573,73.9277,North-Eastern Residential / Airport Corridor,1510256049,trunk,Nagar Road,3,yes,,,no,no,4,180.46,1157.15,STATIC_ROAD_NETWORK
11609,"Mhada Colony, Pune - IITM",18.573,73.9277,North-Eastern Residential / Airport Corridor,1510256050,trunk,Nagar Road,3,yes,,,no,no,2,14.73,1154.74,STATIC_ROAD_NETWORK
11609,"Mhada Colony, Pune - IITM",18.573,73.9277,North-Eastern Residential / Airport Corridor,1531562594,trunk_link,Unnamed,1,no,,,no,no,4,23.94,1221.96,STATIC_ROAD_NETWORK
60658,"Hadapsar, Pune - IITM",18.5018,73.9275,Eastern Commercial / Mixed Suburban Corridor,23027930,trunk,Solapur Road Flyover,3,yes,,,yes,no,6,629.51,898.19,STATIC_ROAD_NETWORK
60658,"Hadapsar, Pune - IITM",18.5018,73.9275,Eastern Commercial / Mixed Suburban Corridor,23027940,residential,Unnamed,1,no,,,no,no,19,583.53,688.51,STATIC_ROAD_NETWORK
60658,"Hadapsar, Pune - IITM",18.5018,73.9275,Eastern Commercial / Mixed Suburban Corridor,23027952,tertiary,Unnamed,2,no,40,asphalt,no,no,24,737.9,1355.26,STATIC_ROAD_NETWORK
60658,"Hadapsar, Pune - IITM",18.5018,73.9275,Eastern Commercial / Mixed Suburban Corridor,25622264,tertiary,Kale Borate Nagar Road,1,no,,asphalt,no,no,17,589.47,1296.7,STATIC_ROAD_NETWORK
60658,"Hadapsar, Pune - IITM",18.5018,73.9275,Eastern Commercial / Mixed Suburban Corridor,42213274,tertiary,Magarpatta Inner Circle,2,yes,40,asphalt,no,no,112,1311.59,1252.88,STATIC_ROAD_NETWORK
60658,"Hadapsar, Pune - IITM",18.5018,73.9275,Eastern Commercial / Mixed Suburban Corridor,42213291,residential,Cosmos Road - Mahalaxmi Road,1,no,20,,no,no,14,441.14,950.49,STATIC_ROAD_NETWORK
60658,"Hadapsar, Pune - IITM",18.5018,73.9275,Eastern Commercial / Mixed Suburban Corridor,42886443,residential,Unnamed,1,yes,20,asphalt,no,no,12,494.03,950.49,STATIC_ROAD_NETWORK
60658,"Hadapsar, Pune - IITM",18.5018,73.9275,Eastern Commercial / Mixed Suburban Corridor,42886446,tertiary,Oxygen Zone,1,no,40,asphalt,no,no,25,197.92,1440.45,STATIC_ROAD_NETWORK
60658,"Hadapsar, Pune - IITM",18.5018,73.9275,Eastern Commercial / Mixed Suburban Corridor,42886451,tertiary,Main Gate Road,2,yes,40,asphalt,no,no,8,246.5,1456.15,STATIC_ROAD_NETWORK
60658,"Hadapsar, Pune - IITM",18.5018,73.9275,Eastern Commercial / Mixed Suburban Corridor,50171989,tertiary,Main Gate Road,2,yes,40,asphalt,no,no,6,154.28,1490.53,STATIC_ROAD_NETWORK
60658,"Hadapsar, Pune - IITM",18.5018,73.9275,Eastern Commercial / Mixed Suburban Corridor,50331881,trunk,Saswad Road,1,yes,,,yes,no,2,18.99,1444.92,STATIC_ROAD_NETWORK
60658,"Hadapsar, Pune - IITM",18.5018,73.9275,Eastern Commercial / Mixed Suburban Corridor,50331882,trunk,Saswad Road,1,yes,,,no,no,35,1457.17,1468.41,STATIC_ROAD_NETWORK
60658,"Hadapsar, Pune - IITM",18.5018,73.9275,Eastern Commercial / Mixed Suburban Corridor,51264243,tertiary,Slip Road to Tower-3/4,1,yes,20,asphalt,no,no,11,467.31,809.88,STATIC_ROAD_NETWORK
60658,"Hadapsar, Pune - IITM",18.5018,73.9275,Eastern Commercial / Mixed Suburban Corridor,51264244,residential,Unnamed,1,no,,,no,no,3,179.21,914.05,STATIC_ROAD_NETWORK
60658,"Hadapsar, Pune - IITM",18.5018,73.9275,Eastern Commercial / Mixed Suburban Corridor,53349701,tertiary,Dr Helenkelar Path,1,no,,,no,no,48,930.63,979.01,STATIC_ROAD_NETWORK
60658,"Hadapsar, Pune - IITM",18.5018,73.9275,Eastern Commercial / Mixed Suburban Corridor,53349789,tertiary,Unnamed,1,no,,,no,no,13,229.44,868.75,STATIC_ROAD_NETWORK
60658,"Hadapsar, Pune - IITM",18.5018,73.9275,Eastern Commercial / Mixed Suburban Corridor,53349821,tertiary,Unnamed,1,no,,,no,no,28,1550.36,979.01,STATIC_ROAD_NETWORK
60658,"Hadapsar, Pune - IITM",18.5018,73.9275,Eastern Commercial / Mixed Suburban Corridor,53349878,tertiary,Unnamed,1,no,,,no,no,8,769.38,926.27,STATIC_ROAD_NETWORK
60658,"Hadapsar, Pune - IITM",18.5018,73.9275,Eastern Commercial / Mixed Suburban Corridor,61556204,residential,Tupe Patil Road,1,no,,,no,no,20,458.92,1070.49,STATIC_ROAD_NETWORK
60658,"Hadapsar, Pune - IITM",18.5018,73.9275,Eastern Commercial / Mixed Suburban Corridor,106494812,residential,Unnamed,1,no,,,no,no,5,156.51,1273.59,STATIC_ROAD_NETWORK
60658,"Hadapsar, Pune - IITM",18.5018,73.9275,Eastern Commercial / Mixed Suburban Corridor,106494830,residential,Unnamed,1,no,20,asphalt,no,no,24,98.95,1285.23,STATIC_ROAD_NETWORK
60658,"Hadapsar, Pune - IITM",18.5018,73.9275,Eastern Commercial / Mixed Suburban Corridor,106494897,residential,Unnamed,1,no,,asphalt,no,no,5,125.4,1304.91,STATIC_ROAD_NETWORK
60658,"Hadapsar, Pune - IITM",18.5018,73.9275,Eastern Commercial / Mixed Suburban Corridor,106494932,residential,Cosmos Road - Mahalaxmi Road,1,no,,asphalt,no,no,2,127.25,1316.66,STATIC_ROAD_NETWORK
60658,"Hadapsar, Pune - IITM",18.5018,73.9275,Eastern Commercial / Mixed Suburban Corridor,106494943,residential,Unnamed,1,no,,,no,no,3,62.43,1283.64,STATIC_ROAD_NETWORK
60658,"Hadapsar, Pune - IITM",18.5018,73.9275,Eastern Commercial / Mixed Suburban Corridor,106494950,residential,Unnamed,1,no,,asphalt,no,no,3,121.93,1323.39,STATIC_ROAD_NETWORK
60658,"Hadapsar, Pune - IITM",18.5018,73.9275,Eastern Commercial / Mixed Suburban Corridor,106494963,residential,Unnamed,1,no,,,no,no,2,61.91,1342.12,STATIC_ROAD_NETWORK
60658,"Hadapsar, Pune - IITM",18.5018,73.9275,Eastern Commercial / Mixed Suburban Corridor,106494975,residential,Unnamed,1,no,,asphalt,no,no,9,187.16,1095.47,STATIC_ROAD_NETWORK
60658,"Hadapsar, Pune - IITM",18.5018,73.9275,Eastern Commercial / Mixed Suburban Corridor,106496495,residential,Unnamed,1,no,,,no,no,13,413.97,853.45,STATIC_ROAD_NETWORK
60658,"Hadapsar, Pune - IITM",18.5018,73.9275,Eastern Commercial / Mixed Suburban Corridor,106496500,residential,Unnamed,1,no,,,no,no,3,203.69,1014.16,STATIC_ROAD_NETWORK
60658,"Hadapsar, Pune - IITM",18.5018,73.9275,Eastern Commercial / Mixed Suburban Corridor,106496501,residential,Unnamed,1,no,,,no,no,4,248.73,789.98,STATIC_ROAD_NETWORK
60658,"Hadapsar, Pune - IITM",18.5018,73.9275,Eastern Commercial / Mixed Suburban Corridor,118265725,residential,Unnamed,2,no,,asphalt,no,no,9,313.19,383.92,STATIC_ROAD_NETWORK
60658,"Hadapsar, Pune - IITM",18.5018,73.9275,Eastern Commercial / Mixed Suburban Corridor,118265732,trunk,Solapur Road,2,yes,,,yes,no,2,19.96,349.22,STATIC_ROAD_NETWORK
60658,"Hadapsar, Pune - IITM",18.5018,73.9275,Eastern Commercial / Mixed Suburban Corridor,118265738,trunk,Solapur Road,2,yes,,,no,no,5,76.97,274.24,STATIC_ROAD_NETWORK
60658,"Hadapsar, Pune - IITM",18.5018,73.9275,Eastern Commercial / Mixed Suburban Corridor,118265742,trunk,Solapur Road,3,yes,,,no,no,5,204.57,368.8,STATIC_ROAD_NETWORK
60658,"Hadapsar, Pune - IITM",18.5018,73.9275,Eastern Commercial / Mixed Suburban Corridor,119023719,residential,Unnamed,1,no,,,no,no,17,523.89,610.78,STATIC_ROAD_NETWORK
60658,"Hadapsar, Pune - IITM",18.5018,73.9275,Eastern Commercial / Mixed Suburban Corridor,119023721,residential,Shivaji Road,1,no,,,no,no,9,211.65,550.4,STATIC_ROAD_NETWORK
60658,"Hadapsar, Pune - IITM",18.5018,73.9275,Eastern Commercial / Mixed Suburban Corridor,139877176,living_street,Unnamed,1,no,,asphalt,no,no,2,79.52,1060.16,STATIC_ROAD_NETWORK
60658,"Hadapsar, Pune - IITM",18.5018,73.9275,Eastern Commercial / Mixed Suburban Corridor,139877177,living_street,Unnamed,1,no,,asphalt,no,no,3,114.94,990.59,STATIC_ROAD_NETWORK
60658,"Hadapsar, Pune - IITM",18.5018,73.9275,Eastern Commercial / Mixed Suburban Corridor,139877178,living_street,Unnamed,1,no,,,no,no,13,228.81,979.99,STATIC_ROAD_NETWORK
60658,"Hadapsar, Pune - IITM",18.5018,73.9275,Eastern Commercial / Mixed Suburban Corridor,139877180,living_street,Unnamed,1,no,,asphalt,no,no,2,115.75,983.46,STATIC_ROAD_NETWORK
60658,"Hadapsar, Pune - IITM",18.5018,73.9275,Eastern Commercial / Mixed Suburban Corridor,157426089,residential,Unnamed,1,no,,asphalt,no,no,3,120.48,1452.22,STATIC_ROAD_NETWORK
60658,"Hadapsar, Pune - IITM",18.5018,73.9275,Eastern Commercial / Mixed Suburban Corridor,158221046,tertiary,Magarpatta Inner Circle,1,yes,40,asphalt,no,no,116,1236.27,1264.87,STATIC_ROAD_NETWORK
60658,"Hadapsar, Pune - IITM",18.5018,73.9275,Eastern Commercial / Mixed Suburban Corridor,158227823,trunk,Solapur Road,3,yes,,,no,no,5,212.56,91.52,STATIC_ROAD_NETWORK
60658,"Hadapsar, Pune - IITM",18.5018,73.9275,Eastern Commercial / Mixed Suburban Corridor,158227825,trunk,Magarpatta Road Flyover,2,yes,,,yes,no,5,127.58,65.06,STATIC_ROAD_NETWORK
60658,"Hadapsar, Pune - IITM",18.5018,73.9275,Eastern Commercial / Mixed Suburban Corridor,158227829,trunk,Kharadi Bypass,2,yes,,asphalt,no,no,17,347.24,74.72,STATIC_ROAD_NETWORK
60658,"Hadapsar, Pune - IITM",18.5018,73.9275,Eastern Commercial / Mixed Suburban Corridor,158227836,trunk,Solapur Road,3,yes,,,no,no,8,350.89,53.76,STATIC_ROAD_NETWORK
60658,"Hadapsar, Pune - IITM",18.5018,73.9275,Eastern Commercial / Mixed Suburban Corridor,158227840,trunk,Kharadi Bypass,2,yes,,asphalt,no,no,10,285.15,102.28,STATIC_ROAD_NETWORK
60658,"Hadapsar, Pune - IITM",18.5018,73.9275,Eastern Commercial / Mixed Suburban Corridor,158863710,residential,Unnamed,4,no,40,concrete,no,no,13,626.04,1448.7,STATIC_ROAD_NETWORK
60658,"Hadapsar, Pune - IITM",18.5018,73.9275,Eastern Commercial / Mixed Suburban Corridor,159292038,trunk,Magarpatta Road Flyover,2,yes,,,no,no,2,149.24,212.69,STATIC_ROAD_NETWORK
60658,"Hadapsar, Pune - IITM",18.5018,73.9275,Eastern Commercial / Mixed Suburban Corridor,159292043,trunk,Magarpatta Road Flyover,2,yes,,,yes,no,7,114.92,74.6,STATIC_ROAD_NETWORK
60658,"Hadapsar, Pune - IITM",18.5018,73.9275,Eastern Commercial / Mixed Suburban Corridor,160385579,trunk,Solapur Road Flyover,3,yes,,,no,no,2,96.75,801.66,STATIC_ROAD_NETWORK
60658,"Hadapsar, Pune - IITM",18.5018,73.9275,Eastern Commercial / Mixed Suburban Corridor,160786199,trunk,Mundhwa Road,2,yes,,asphalt,no,no,39,1193.63,416.56,STATIC_ROAD_NETWORK
60658,"Hadapsar, Pune - IITM",18.5018,73.9275,Eastern Commercial / Mixed Suburban Corridor,161198699,trunk_link,Saswad Road,1,yes,,,no,no,13,197.72,1285.96,STATIC_ROAD_NETWORK
60658,"Hadapsar, Pune - IITM",18.5018,73.9275,Eastern Commercial / Mixed Suburban Corridor,161198708,tertiary,Unnamed,1,yes,,,no,no,10,343.39,747.17,STATIC_ROAD_NETWORK
60658,"Hadapsar, Pune - IITM",18.5018,73.9275,Eastern Commercial / Mixed Suburban Corridor,161198712,trunk,Solapur Road,1,yes,,,no,no,11,297.11,1463.28,STATIC_ROAD_NETWORK
60658,"Hadapsar, Pune - IITM",18.5018,73.9275,Eastern Commercial / Mixed Suburban Corridor,168955085,residential,Unnamed,1,no,,,no,no,7,219.33,868.56,STATIC_ROAD_NETWORK
60658,"Hadapsar, Pune - IITM",18.5018,73.9275,Eastern Commercial / Mixed Suburban Corridor,168955087,primary,Solapur Road,2,yes,,,no,no,9,396.67,638.5,STATIC_ROAD_NETWORK
60658,"Hadapsar, Pune - IITM",18.5018,73.9275,Eastern Commercial / Mixed Suburban Corridor,177429348,tertiary,KP Yallapa Pawar Marg,1,no,,,no,no,28,1610.36,613.72,STATIC_ROAD_NETWORK
60658,"Hadapsar, Pune - IITM",18.5018,73.9275,Eastern Commercial / Mixed Suburban Corridor,192612782,tertiary,Baburao Shankarrao Tupe Road | DP Road,1,no,,,yes,no,2,23.22,1426.79,STATIC_ROAD_NETWORK
60658,"Hadapsar, Pune - IITM",18.5018,73.9275,Eastern Commercial / Mixed Suburban Corridor,192612786,tertiary,Baburao Shankarrao Tupe Road | DP Road,1,no,,,no,no,7,91.73,1393.74,STATIC_ROAD_NETWORK
60658,"Hadapsar, Pune - IITM",18.5018,73.9275,Eastern Commercial / Mixed Suburban Corridor,193155636,unclassified,Unnamed,1,no,,,no,no,3,86.93,1451.7,STATIC_ROAD_NETWORK
60658,"Hadapsar, Pune - IITM",18.5018,73.9275,Eastern Commercial / Mixed Suburban Corridor,193155665,residential,Unnamed,1,no,,,no,no,12,1015.88,735.46,STATIC_ROAD_NETWORK
60658,"Hadapsar, Pune - IITM",18.5018,73.9275,Eastern Commercial / Mixed Suburban Corridor,193155679,unclassified,Unnamed,1,no,,,no,no,18,691.44,931.67,STATIC_ROAD_NETWORK
60658,"Hadapsar, Pune - IITM",18.5018,73.9275,Eastern Commercial / Mixed Suburban Corridor,195709756,trunk,Solapur Road,1,yes,,,no,no,9,159.95,1302.93,STATIC_ROAD_NETWORK
60658,"Hadapsar, Pune - IITM",18.5018,73.9275,Eastern Commercial / Mixed Suburban Corridor,214062135,trunk,Magarpatta Road Flyover,2,yes,,,no,no,2,149.26,212.48,STATIC_ROAD_NETWORK
60658,"Hadapsar, Pune - IITM",18.5018,73.9275,Eastern Commercial / Mixed Suburban Corridor,214062138,trunk,Solapur Road,2,yes,,,no,no,5,101.99,238.13,STATIC_ROAD_NETWORK
60658,"Hadapsar, Pune - IITM",18.5018,73.9275,Eastern Commercial / Mixed Suburban Corridor,214062139,trunk,Solapur Road,2,yes,,,yes,no,2,21.38,338.41,STATIC_ROAD_NETWORK
60658,"Hadapsar, Pune - IITM",18.5018,73.9275,Eastern Commercial / Mixed Suburban Corridor,214062140,primary,Solapur Road,1,yes,,,yes,no,2,17.51,1033.46,STATIC_ROAD_NETWORK
60658,"Hadapsar, Pune - IITM",18.5018,73.9275,Eastern Commercial / Mixed Suburban Corridor,214062142,primary,Solapur Road,1,yes,,,no,no,4,10.88,1023.57,STATIC_ROAD_NETWORK
60658,"Hadapsar, Pune - IITM",18.5018,73.9275,Eastern Commercial / Mixed Suburban Corridor,214062143,trunk,Solapur Road,3,yes,,,yes,no,2,32.89,628.6,STATIC_ROAD_NETWORK
60658,"Hadapsar, Pune - IITM",18.5018,73.9275,Eastern Commercial / Mixed Suburban Corridor,214062145,trunk,Solapur Road,3,yes,,,no,no,13,271.01,359.54,STATIC_ROAD_NETWORK
60658,"Hadapsar, Pune - IITM",18.5018,73.9275,Eastern Commercial / Mixed Suburban Corridor,214062151,trunk,Solapur Road Flyover,3,yes,,,yes,no,5,628.55,896.39,STATIC_ROAD_NETWORK
60658,"Hadapsar, Pune - IITM",18.5018,73.9275,Eastern Commercial / Mixed Suburban Corridor,214062152,primary,Solapur Road,1,yes,,,no,no,12,414.46,1050.97,STATIC_ROAD_NETWORK
60658,"Hadapsar, Pune - IITM",18.5018,73.9275,Eastern Commercial / Mixed Suburban Corridor,214062153,trunk,Solapur Road,3,yes,,,no,no,5,171.92,718.64,STATIC_ROAD_NETWORK
60658,"Hadapsar, Pune - IITM",18.5018,73.9275,Eastern Commercial / Mixed Suburban Corridor,214062155,primary,Solapur Road,2,yes,,,no,no,12,378.17,629.8,STATIC_ROAD_NETWORK
60658,"Hadapsar, Pune - IITM",18.5018,73.9275,Eastern Commercial / Mixed Suburban Corridor,214062156,trunk,Solapur Road Flyover,2,yes,,,yes,no,11,885.85,550.03,STATIC_ROAD_NETWORK
60658,"Hadapsar, Pune - IITM",18.5018,73.9275,Eastern Commercial / Mixed Suburban Corridor,214062158,trunk,Solapur Road Flyover,2,yes,,,yes,no,9,886.37,550.11,STATIC_ROAD_NETWORK
60658,"Hadapsar, Pune - IITM",18.5018,73.9275,Eastern Commercial / Mixed Suburban Corridor,214062159,trunk,Magarpatta Road Flyover,1,yes,,,no,no,2,23.02,215.6,STATIC_ROAD_NETWORK
60658,"Hadapsar, Pune - IITM",18.5018,73.9275,Eastern Commercial / Mixed Suburban Corridor,214062161,trunk,Magarpatta Road Flyover,2,yes,,,no,no,3,58.82,211.68,STATIC_ROAD_NETWORK
60658,"Hadapsar, Pune - IITM",18.5018,73.9275,Eastern Commercial / Mixed Suburban Corridor,214062162,trunk_link,Saswad Road,1,yes,,,no,no,8,92.98,1277.27,STATIC_ROAD_NETWORK
60658,"Hadapsar, Pune - IITM",18.5018,73.9275,Eastern Commercial / Mixed Suburban Corridor,214062163,trunk,Magarpatta Road Flyover,1,yes,,,no,no,2,12.04,361.74,STATIC_ROAD_NETWORK
60658,"Hadapsar, Pune - IITM",18.5018,73.9275,Eastern Commercial / Mixed Suburban Corridor,214062164,trunk,Magarpatta Road Flyover,1,yes,,,no,no,2,13.17,361.79,STATIC_ROAD_NETWORK
60658,"Hadapsar, Pune - IITM",18.5018,73.9275,Eastern Commercial / Mixed Suburban Corridor,214062166,trunk,Solapur Road Flyover Ramp,1,yes,,,yes,no,6,297.44,1116.79,STATIC_ROAD_NETWORK
60658,"Hadapsar, Pune - IITM",18.5018,73.9275,Eastern Commercial / Mixed Suburban Corridor,214062167,tertiary,Unnamed,1,no,,,no,no,3,148.69,1110.95,STATIC_ROAD_NETWORK
60658,"Hadapsar, Pune - IITM",18.5018,73.9275,Eastern Commercial / Mixed Suburban Corridor,217659203,tertiary,Main Gate Road,2,yes,40,asphalt,no,no,7,172.74,1461.41,STATIC_ROAD_NETWORK
60658,"Hadapsar, Pune - IITM",18.5018,73.9275,Eastern Commercial / Mixed Suburban Corridor,217659218,residential,Mulberry 2 Internal Road,2,no,20,asphalt,no,no,3,49.81,1489.91,STATIC_ROAD_NETWORK
60658,"Hadapsar, Pune - IITM",18.5018,73.9275,Eastern Commercial / Mixed Suburban Corridor,217659220,residential,Mulberry Gardens 1 Internal road,2,no,20,asphalt,no,no,3,52.79,1425.0,STATIC_ROAD_NETWORK
60658,"Hadapsar, Pune - IITM",18.5018,73.9275,Eastern Commercial / Mixed Suburban Corridor,217659222,residential,Unnamed,1,no,,,no,no,18,252.59,1339.57,STATIC_ROAD_NETWORK
60658,"Hadapsar, Pune - IITM",18.5018,73.9275,Eastern Commercial / Mixed Suburban Corridor,217659231,residential,Unnamed,1,no,,,no,no,4,82.82,1398.61,STATIC_ROAD_NETWORK
60658,"Hadapsar, Pune - IITM",18.5018,73.9275,Eastern Commercial / Mixed Suburban Corridor,217659234,residential,Mulberry 1 internal road,2,no,20,asphalt,no,no,8,70.82,1462.53,STATIC_ROAD_NETWORK
60658,"Hadapsar, Pune - IITM",18.5018,73.9275,Eastern Commercial / Mixed Suburban Corridor,217659238,residential,Unnamed,1,no,20,asphalt,no,no,16,809.3,1003.47,STATIC_ROAD_NETWORK
60658,"Hadapsar, Pune - IITM",18.5018,73.9275,Eastern Commercial / Mixed Suburban Corridor,217659239,residential,Unnamed,1,no,,asphalt,no,no,8,148.29,1486.94,STATIC_ROAD_NETWORK
60658,"Hadapsar, Pune - IITM",18.5018,73.9275,Eastern Commercial / Mixed Suburban Corridor,217659241,tertiary,Unnamed,2,yes,40,asphalt,no,no,7,243.44,1439.85,STATIC_ROAD_NETWORK
60658,"Hadapsar, Pune - IITM",18.5018,73.9275,Eastern Commercial / Mixed Suburban Corridor,217659244,residential,Unnamed,1,no,,asphalt,no,no,5,267.56,1398.26,STATIC_ROAD_NETWORK
60658,"Hadapsar, Pune - IITM",18.5018,73.9275,Eastern Commercial / Mixed Suburban Corridor,217659246,tertiary,Magarpatta West Gate Road,2,yes,40,asphalt,no,no,8,244.98,1493.48,STATIC_ROAD_NETWORK
60658,"Hadapsar, Pune - IITM",18.5018,73.9275,Eastern Commercial / Mixed Suburban Corridor,217659251,tertiary,Slip Road to Tower-3/4,1,yes,20,asphalt,no,no,12,468.28,806.18,STATIC_ROAD_NETWORK
60658,"Hadapsar, Pune - IITM",18.5018,73.9275,Eastern Commercial / Mixed Suburban Corridor,217659253,residential,Unnamed,1,no,,asphalt,no,no,14,324.52,1337.81,STATIC_ROAD_NETWORK
60658,"Hadapsar, Pune - IITM",18.5018,73.9275,Eastern Commercial / Mixed Suburban Corridor,217659256,residential,Mulberry 1 internal road,2,no,20,asphalt,no,no,13,123.01,1462.53,STATIC_ROAD_NETWORK
60658,"Hadapsar, Pune - IITM",18.5018,73.9275,Eastern Commercial / Mixed Suburban Corridor,217736566,residential,Unnamed,1,no,,,no,no,16,306.78,1240.63,STATIC_ROAD_NETWORK
60658,"Hadapsar, Pune - IITM",18.5018,73.9275,Eastern Commercial / Mixed Suburban Corridor,217736568,residential,Unnamed,1,no,,,no,no,11,212.84,837.32,STATIC_ROAD_NETWORK
60658,"Hadapsar, Pune - IITM",18.5018,73.9275,Eastern Commercial / Mixed Suburban Corridor,217736579,residential,Unnamed,1,no,,,no,no,5,105.82,986.42,STATIC_ROAD_NETWORK
60658,"Hadapsar, Pune - IITM",18.5018,73.9275,Eastern Commercial / Mixed Suburban Corridor,217736581,residential,Unnamed,1,no,,,no,no,2,118.4,545.69,STATIC_ROAD_NETWORK
60658,"Hadapsar, Pune - IITM",18.5018,73.9275,Eastern Commercial / Mixed Suburban Corridor,217736584,residential,Unnamed,1,no,,,no,no,2,122.37,661.02,STATIC_ROAD_NETWORK
60658,"Hadapsar, Pune - IITM",18.5018,73.9275,Eastern Commercial / Mixed Suburban Corridor,217736588,residential,Unnamed,1,no,,,no,no,2,42.31,803.71,STATIC_ROAD_NETWORK
60658,"Hadapsar, Pune - IITM",18.5018,73.9275,Eastern Commercial / Mixed Suburban Corridor,217736591,residential,Unnamed,1,no,,,no,no,2,122.95,581.47,STATIC_ROAD_NETWORK
60658,"Hadapsar, Pune - IITM",18.5018,73.9275,Eastern Commercial / Mixed Suburban Corridor,217736592,residential,Solapur Road,1,no,,,no,no,10,320.06,445.94,STATIC_ROAD_NETWORK
60658,"Hadapsar, Pune - IITM",18.5018,73.9275,Eastern Commercial / Mixed Suburban Corridor,217736594,residential,Unnamed,1,no,,,no,no,2,56.6,845.74,STATIC_ROAD_NETWORK
60658,"Hadapsar, Pune - IITM",18.5018,73.9275,Eastern Commercial / Mixed Suburban Corridor,217736595,residential,Unnamed,1,no,,,no,no,2,123.76,621.56,STATIC_ROAD_NETWORK
60658,"Hadapsar, Pune - IITM",18.5018,73.9275,Eastern Commercial / Mixed Suburban Corridor,217736599,residential,Unnamed,1,no,,,no,no,2,23.66,889.62,STATIC_ROAD_NETWORK
60658,"Hadapsar, Pune - IITM",18.5018,73.9275,Eastern Commercial / Mixed Suburban Corridor,217736602,residential,Unnamed,1,no,,,no,no,2,51.98,831.76,STATIC_ROAD_NETWORK
60658,"Hadapsar, Pune - IITM",18.5018,73.9275,Eastern Commercial / Mixed Suburban Corridor,217736603,residential,Unnamed,1,no,,,no,no,2,28.09,913.29,STATIC_ROAD_NETWORK
60658,"Hadapsar, Pune - IITM",18.5018,73.9275,Eastern Commercial / Mixed Suburban Corridor,217736606,residential,Unnamed,1,no,,,no,no,12,323.07,1210.44,STATIC_ROAD_NETWORK
60658,"Hadapsar, Pune - IITM",18.5018,73.9275,Eastern Commercial / Mixed Suburban Corridor,217736620,residential,Unnamed,1,no,,,no,no,2,50.25,812.09,STATIC_ROAD_NETWORK
60658,"Hadapsar, Pune - IITM",18.5018,73.9275,Eastern Commercial / Mixed Suburban Corridor,217736621,residential,Unnamed,1,no,,,no,no,3,25.92,864.57,STATIC_ROAD_NETWORK
60658,"Hadapsar, Pune - IITM",18.5018,73.9275,Eastern Commercial / Mixed Suburban Corridor,217736636,residential,Unnamed,1,no,,,no,no,3,178.43,620.95,STATIC_ROAD_NETWORK
60658,"Hadapsar, Pune - IITM",18.5018,73.9275,Eastern Commercial / Mixed Suburban Corridor,217736637,residential,Unnamed,1,no,,,no,no,4,176.08,543.96,STATIC_ROAD_NETWORK
60658,"Hadapsar, Pune - IITM",18.5018,73.9275,Eastern Commercial / Mixed Suburban Corridor,217736640,tertiary,Kale Borate Nagar - Connecting Road,1,no,,asphalt,no,no,7,334.75,1030.97,STATIC_ROAD_NETWORK
60658,"Hadapsar, Pune - IITM",18.5018,73.9275,Eastern Commercial / Mixed Suburban Corridor,217736650,residential,Unnamed,1,no,,,no,no,6,100.61,864.57,STATIC_ROAD_NETWORK
60658,"Hadapsar, Pune - IITM",18.5018,73.9275,Eastern Commercial / Mixed Suburban Corridor,217736657,residential,Unnamed,1,no,,,no,no,4,227.21,557.67,STATIC_ROAD_NETWORK
60658,"Hadapsar, Pune - IITM",18.5018,73.9275,Eastern Commercial / Mixed Suburban Corridor,217736661,residential,Unnamed,1,no,,,no,no,6,162.81,635.02,STATIC_ROAD_NETWORK
60658,"Hadapsar, Pune - IITM",18.5018,73.9275,Eastern Commercial / Mixed Suburban Corridor,217736669,residential,Unnamed,1,no,,,no,no,24,517.33,591.17,STATIC_ROAD_NETWORK
60658,"Hadapsar, Pune - IITM",18.5018,73.9275,Eastern Commercial / Mixed Suburban Corridor,218859899,tertiary,Unnamed,1,no,,,no,no,15,350.55,766.09,STATIC_ROAD_NETWORK
60658,"Hadapsar, Pune - IITM",18.5018,73.9275,Eastern Commercial / Mixed Suburban Corridor,218859900,residential,Unnamed,1,no,,,no,no,15,171.97,377.49,STATIC_ROAD_NETWORK
60658,"Hadapsar, Pune - IITM",18.5018,73.9275,Eastern Commercial / Mixed Suburban Corridor,218859902,residential,Unnamed,1,no,,,no,no,3,217.7,400.74,STATIC_ROAD_NETWORK
60658,"Hadapsar, Pune - IITM",18.5018,73.9275,Eastern Commercial / Mixed Suburban Corridor,218859912,residential,Unnamed,1,no,,,no,no,4,190.55,373.32,STATIC_ROAD_NETWORK
60658,"Hadapsar, Pune - IITM",18.5018,73.9275,Eastern Commercial / Mixed Suburban Corridor,218859914,residential,Unnamed,1,no,,,no,no,4,115.75,446.44,STATIC_ROAD_NETWORK
60658,"Hadapsar, Pune - IITM",18.5018,73.9275,Eastern Commercial / Mixed Suburban Corridor,218859915,residential,Unnamed,1,no,,,no,no,8,133.57,421.93,STATIC_ROAD_NETWORK
60658,"Hadapsar, Pune - IITM",18.5018,73.9275,Eastern Commercial / Mixed Suburban Corridor,218859917,residential,Unnamed,1,no,,,no,no,6,203.45,388.02,STATIC_ROAD_NETWORK
60658,"Hadapsar, Pune - IITM",18.5018,73.9275,Eastern Commercial / Mixed Suburban Corridor,218859931,residential,Unnamed,1,no,,,no,no,7,145.25,514.06,STATIC_ROAD_NETWORK
60658,"Hadapsar, Pune - IITM",18.5018,73.9275,Eastern Commercial / Mixed Suburban Corridor,218859936,residential,Unnamed,1,no,,,no,no,8,229.33,363.9,STATIC_ROAD_NETWORK
60658,"Hadapsar, Pune - IITM",18.5018,73.9275,Eastern Commercial / Mixed Suburban Corridor,218859938,residential,Unnamed,1,no,,,no,no,12,351.89,1407.21,STATIC_ROAD_NETWORK
60658,"Hadapsar, Pune - IITM",18.5018,73.9275,Eastern Commercial / Mixed Suburban Corridor,218859943,residential,Unnamed,1,no,,,no,no,21,374.27,1104.11,STATIC_ROAD_NETWORK
60658,"Hadapsar, Pune - IITM",18.5018,73.9275,Eastern Commercial / Mixed Suburban Corridor,218859953,residential,Unnamed,1,no,,,no,no,21,463.08,286.53,STATIC_ROAD_NETWORK
60658,"Hadapsar, Pune - IITM",18.5018,73.9275,Eastern Commercial / Mixed Suburban Corridor,218859958,residential,Unnamed,2,no,,paving_stones,no,no,10,167.84,111.7,STATIC_ROAD_NETWORK
60658,"Hadapsar, Pune - IITM",18.5018,73.9275,Eastern Commercial / Mixed Suburban Corridor,220565386,residential,Unnamed,1,no,20,asphalt,no,no,6,335.67,1146.75,STATIC_ROAD_NETWORK
60658,"Hadapsar, Pune - IITM",18.5018,73.9275,Eastern Commercial / Mixed Suburban Corridor,221619113,tertiary,Sasane Nagar Road,1,yes,,asphalt,no,no,43,818.24,845.59,STATIC_ROAD_NETWORK
60658,"Hadapsar, Pune - IITM",18.5018,73.9275,Eastern Commercial / Mixed Suburban Corridor,221923914,tertiary,Sasane Nagar Road,1,yes,,asphalt,no,no,16,364.7,629.8,STATIC_ROAD_NETWORK
60658,"Hadapsar, Pune - IITM",18.5018,73.9275,Eastern Commercial / Mixed Suburban Corridor,245762418,tertiary,Kale Borate Nagar - Connecting Road,1,no,,asphalt,no,no,12,361.68,1249.59,STATIC_ROAD_NETWORK
60658,"Hadapsar, Pune - IITM",18.5018,73.9275,Eastern Commercial / Mixed Suburban Corridor,256431139,tertiary,Bapusaheb Tupe Road,1,no,,,no,no,106,2217.71,1099.88,STATIC_ROAD_NETWORK
60658,"Hadapsar, Pune - IITM",18.5018,73.9275,Eastern Commercial / Mixed Suburban Corridor,258625810,residential,Shivaji Road,1,no,,,no,no,17,565.59,577.78,STATIC_ROAD_NETWORK
60658,"Hadapsar, Pune - IITM",18.5018,73.9275,Eastern Commercial / Mixed Suburban Corridor,258625811,residential,Unnamed,1,no,,,no,no,4,105.27,268.18,STATIC_ROAD_NETWORK
60658,"Hadapsar, Pune - IITM",18.5018,73.9275,Eastern Commercial / Mixed Suburban Corridor,258625861,residential,Unnamed,1,no,,,no,no,28,723.5,149.65,STATIC_ROAD_NETWORK
60658,"Hadapsar, Pune - IITM",18.5018,73.9275,Eastern Commercial / Mixed Suburban Corridor,258628325,tertiary,Baburao Shankarrao Tupe Road | DP Road,1,no,,,no,no,31,653.75,1433.73,STATIC_ROAD_NETWORK
60658,"Hadapsar, Pune - IITM",18.5018,73.9275,Eastern Commercial / Mixed Suburban Corridor,258628326,residential,Unnamed,1,no,,,no,no,4,113.16,1474.37,STATIC_ROAD_NETWORK
60658,"Hadapsar, Pune - IITM",18.5018,73.9275,Eastern Commercial / Mixed Suburban Corridor,258628327,residential,Unnamed,1,no,,,no,no,2,238.45,1287.01,STATIC_ROAD_NETWORK
60658,"Hadapsar, Pune - IITM",18.5018,73.9275,Eastern Commercial / Mixed Suburban Corridor,258628329,residential,Unnamed,1,no,,,no,no,5,157.1,969.51,STATIC_ROAD_NETWORK
60658,"Hadapsar, Pune - IITM",18.5018,73.9275,Eastern Commercial / Mixed Suburban Corridor,258628331,residential,Unnamed,1,no,,,no,no,19,284.05,1294.95,STATIC_ROAD_NETWORK
60658,"Hadapsar, Pune - IITM",18.5018,73.9275,Eastern Commercial / Mixed Suburban Corridor,258628332,residential,Unnamed,1,no,,,no,no,7,168.25,1308.85,STATIC_ROAD_NETWORK
60658,"Hadapsar, Pune - IITM",18.5018,73.9275,Eastern Commercial / Mixed Suburban Corridor,258628333,residential,Unnamed,1,no,,,no,no,5,200.56,1373.08,STATIC_ROAD_NETWORK
60658,"Hadapsar, Pune - IITM",18.5018,73.9275,Eastern Commercial / Mixed Suburban Corridor,258628334,residential,Unnamed,1,no,,,no,no,3,188.28,1342.18,STATIC_ROAD_NETWORK
60658,"Hadapsar, Pune - IITM",18.5018,73.9275,Eastern Commercial / Mixed Suburban Corridor,258628336,residential,Unnamed,1,no,,,no,no,3,196.16,1340.29,STATIC_ROAD_NETWORK
60658,"Hadapsar, Pune - IITM",18.5018,73.9275,Eastern Commercial / Mixed Suburban Corridor,258634659,residential,Unnamed,1,no,,,no,no,7,96.18,1448.52,STATIC_ROAD_NETWORK
60658,"Hadapsar, Pune - IITM",18.5018,73.9275,Eastern Commercial / Mixed Suburban Corridor,258634669,residential,Unnamed,1,no,,,no,no,2,63.02,1500.29,STATIC_ROAD_NETWORK
60658,"Hadapsar, Pune - IITM",18.5018,73.9275,Eastern Commercial / Mixed Suburban Corridor,258634676,residential,Unnamed,1,no,,,no,no,2,65.65,1407.84,STATIC_ROAD_NETWORK
60658,"Hadapsar, Pune - IITM",18.5018,73.9275,Eastern Commercial / Mixed Suburban Corridor,258634678,residential,Unnamed,1,no,,,no,no,3,145.54,1400.27,STATIC_ROAD_NETWORK
60658,"Hadapsar, Pune - IITM",18.5018,73.9275,Eastern Commercial / Mixed Suburban Corridor,258634685,residential,Unnamed,1,no,,,no,no,7,165.65,1473.98,STATIC_ROAD_NETWORK
60658,"Hadapsar, Pune - IITM",18.5018,73.9275,Eastern Commercial / Mixed Suburban Corridor,258634693,residential,Unnamed,1,no,,,no,no,4,65.75,1466.42,STATIC_ROAD_NETWORK
60658,"Hadapsar, Pune - IITM",18.5018,73.9275,Eastern Commercial / Mixed Suburban Corridor,258634694,residential,Unnamed,1,no,,,no,no,5,162.89,1410.72,STATIC_ROAD_NETWORK
60658,"Hadapsar, Pune - IITM",18.5018,73.9275,Eastern Commercial / Mixed Suburban Corridor,258634704,residential,Unnamed,1,no,,,no,no,6,67.55,1466.68,STATIC_ROAD_NETWORK
60658,"Hadapsar, Pune - IITM",18.5018,73.9275,Eastern Commercial / Mixed Suburban Corridor,258634718,residential,Unnamed,1,no,,,no,no,2,84.67,1441.15,STATIC_ROAD_NETWORK
60658,"Hadapsar, Pune - IITM",18.5018,73.9275,Eastern Commercial / Mixed Suburban Corridor,258764972,trunk,Saswad Road,1,yes,,,no,no,15,1179.96,1463.86,STATIC_ROAD_NETWORK
60658,"Hadapsar, Pune - IITM",18.5018,73.9275,Eastern Commercial / Mixed Suburban Corridor,258764974,trunk,Saswad Road,1,yes,,,yes,no,2,17.04,1453.65,STATIC_ROAD_NETWORK
60658,"Hadapsar, Pune - IITM",18.5018,73.9275,Eastern Commercial / Mixed Suburban Corridor,258764979,trunk,Saswad Road,1,yes,,,no,no,4,55.48,1397.02,STATIC_ROAD_NETWORK
60658,"Hadapsar, Pune - IITM",18.5018,73.9275,Eastern Commercial / Mixed Suburban Corridor,259057302,tertiary,Sasane Nagar Road,1,no,,asphalt,no,no,3,73.68,749.95,STATIC_ROAD_NETWORK
60658,"Hadapsar, Pune - IITM",18.5018,73.9275,Eastern Commercial / Mixed Suburban Corridor,259057303,tertiary,Sasane Nagar Road,1,yes,,asphalt,no,no,2,7.78,739.07,STATIC_ROAD_NETWORK
60658,"Hadapsar, Pune - IITM",18.5018,73.9275,Eastern Commercial / Mixed Suburban Corridor,259057304,tertiary,Sasane Nagar Road,1,yes,,asphalt,yes,no,2,14.66,734.53,STATIC_ROAD_NETWORK
60658,"Hadapsar, Pune - IITM",18.5018,73.9275,Eastern Commercial / Mixed Suburban Corridor,259057305,tertiary,Sasane Nagar Road,1,yes,,asphalt,yes,no,2,19.81,804.6,STATIC_ROAD_NETWORK
60658,"Hadapsar, Pune - IITM",18.5018,73.9275,Eastern Commercial / Mixed Suburban Corridor,259057306,tertiary,Sasane Nagar Road,1,yes,,asphalt,yes,no,2,19.44,810.73,STATIC_ROAD_NETWORK
60658,"Hadapsar, Pune - IITM",18.5018,73.9275,Eastern Commercial / Mixed Suburban Corridor,259057307,tertiary,Sasane Nagar Road,1,yes,,asphalt,no,no,3,27.59,787.13,STATIC_ROAD_NETWORK
60658,"Hadapsar, Pune - IITM",18.5018,73.9275,Eastern Commercial / Mixed Suburban Corridor,259057308,tertiary,Sasane Nagar Road,1,yes,,asphalt,no,no,3,31.58,785.51,STATIC_ROAD_NETWORK
60658,"Hadapsar, Pune - IITM",18.5018,73.9275,Eastern Commercial / Mixed Suburban Corridor,259057309,tertiary,Sasane Nagar Road,1,yes,,asphalt,no,no,4,43.88,819.15,STATIC_ROAD_NETWORK
60658,"Hadapsar, Pune - IITM",18.5018,73.9275,Eastern Commercial / Mixed Suburban Corridor,259057310,tertiary,Sasane Nagar Road,1,yes,,asphalt,no,no,6,83.57,825.11,STATIC_ROAD_NETWORK
60658,"Hadapsar, Pune - IITM",18.5018,73.9275,Eastern Commercial / Mixed Suburban Corridor,259057311,tertiary,Unnamed,1,no,,asphalt,no,no,2,30.86,629.8,STATIC_ROAD_NETWORK
60658,"Hadapsar, Pune - IITM",18.5018,73.9275,Eastern Commercial / Mixed Suburban Corridor,259057312,tertiary,Unnamed,1,yes,,,yes,no,2,24.78,820.64,STATIC_ROAD_NETWORK
60658,"Hadapsar, Pune - IITM",18.5018,73.9275,Eastern Commercial / Mixed Suburban Corridor,259057315,tertiary,Unnamed,1,yes,,,no,no,7,89.51,751.7,STATIC_ROAD_NETWORK
60658,"Hadapsar, Pune - IITM",18.5018,73.9275,Eastern Commercial / Mixed Suburban Corridor,265013892,residential,Unnamed,1,no,,,no,no,3,11.7,992.32,STATIC_ROAD_NETWORK
60658,"Hadapsar, Pune - IITM",18.5018,73.9275,Eastern Commercial / Mixed Suburban Corridor,267046205,residential,Unnamed,1,no,,,no,no,2,120.4,578.46,STATIC_ROAD_NETWORK
60658,"Hadapsar, Pune - IITM",18.5018,73.9275,Eastern Commercial / Mixed Suburban Corridor,267046207,residential,Unnamed,1,no,,,no,no,8,200.05,466.14,STATIC_ROAD_NETWORK
60658,"Hadapsar, Pune - IITM",18.5018,73.9275,Eastern Commercial / Mixed Suburban Corridor,267046208,residential,Unnamed,1,no,,,no,no,10,431.95,671.38,STATIC_ROAD_NETWORK
60658,"Hadapsar, Pune - IITM",18.5018,73.9275,Eastern Commercial / Mixed Suburban Corridor,267046209,residential,Unnamed,1,no,,,no,no,8,118.38,528.85,STATIC_ROAD_NETWORK
60658,"Hadapsar, Pune - IITM",18.5018,73.9275,Eastern Commercial / Mixed Suburban Corridor,292625482,tertiary,Unnamed,2,no,,asphalt,no,no,21,699.28,344.65,STATIC_ROAD_NETWORK
60658,"Hadapsar, Pune - IITM",18.5018,73.9275,Eastern Commercial / Mixed Suburban Corridor,292625483,residential,Unnamed,1,no,,,no,no,14,211.33,510.49,STATIC_ROAD_NETWORK
60658,"Hadapsar, Pune - IITM",18.5018,73.9275,Eastern Commercial / Mixed Suburban Corridor,292625484,residential,Unnamed,1,no,,,no,no,23,320.0,608.91,STATIC_ROAD_NETWORK
60658,"Hadapsar, Pune - IITM",18.5018,73.9275,Eastern Commercial / Mixed Suburban Corridor,292625486,residential,Unnamed,1,no,,,no,no,2,71.17,1144.82,STATIC_ROAD_NETWORK
60658,"Hadapsar, Pune - IITM",18.5018,73.9275,Eastern Commercial / Mixed Suburban Corridor,292625487,residential,Unnamed,1,no,,,no,no,3,60.9,524.3,STATIC_ROAD_NETWORK
60658,"Hadapsar, Pune - IITM",18.5018,73.9275,Eastern Commercial / Mixed Suburban Corridor,292625489,residential,Unnamed,1,no,,,no,no,2,101.41,517.9,STATIC_ROAD_NETWORK
60658,"Hadapsar, Pune - IITM",18.5018,73.9275,Eastern Commercial / Mixed Suburban Corridor,292625492,residential,Unnamed,1,no,,,no,no,2,84.74,1126.94,STATIC_ROAD_NETWORK
60658,"Hadapsar, Pune - IITM",18.5018,73.9275,Eastern Commercial / Mixed Suburban Corridor,292625493,residential,Unnamed,1,no,,,no,no,2,80.96,1079.88,STATIC_ROAD_NETWORK
60658,"Hadapsar, Pune - IITM",18.5018,73.9275,Eastern Commercial / Mixed Suburban Corridor,292625494,residential,Unnamed,1,no,,,no,no,2,126.98,396.67,STATIC_ROAD_NETWORK
60658,"Hadapsar, Pune - IITM",18.5018,73.9275,Eastern Commercial / Mixed Suburban Corridor,292625496,residential,Unnamed,1,no,,,no,no,2,54.61,441.1,STATIC_ROAD_NETWORK
60658,"Hadapsar, Pune - IITM",18.5018,73.9275,Eastern Commercial / Mixed Suburban Corridor,292625497,residential,Unnamed,1,no,,,no,no,4,72.99,583.7,STATIC_ROAD_NETWORK
60658,"Hadapsar, Pune - IITM",18.5018,73.9275,Eastern Commercial / Mixed Suburban Corridor,292625498,residential,Unnamed,1,no,,,no,no,4,61.9,589.53,STATIC_ROAD_NETWORK
60658,"Hadapsar, Pune - IITM",18.5018,73.9275,Eastern Commercial / Mixed Suburban Corridor,292625501,residential,Unnamed,1,no,,,no,no,2,102.51,1084.48,STATIC_ROAD_NETWORK
60658,"Hadapsar, Pune - IITM",18.5018,73.9275,Eastern Commercial / Mixed Suburban Corridor,292625502,residential,Unnamed,1,no,,,no,no,3,104.65,1175.4,STATIC_ROAD_NETWORK
60658,"Hadapsar, Pune - IITM",18.5018,73.9275,Eastern Commercial / Mixed Suburban Corridor,292625503,residential,Unnamed,1,no,,,no,no,5,128.74,1063.85,STATIC_ROAD_NETWORK
60658,"Hadapsar, Pune - IITM",18.5018,73.9275,Eastern Commercial / Mixed Suburban Corridor,292625505,residential,Unnamed,1,no,,,no,no,4,37.72,441.1,STATIC_ROAD_NETWORK
60658,"Hadapsar, Pune - IITM",18.5018,73.9275,Eastern Commercial / Mixed Suburban Corridor,292625506,residential,Unnamed,1,no,,,no,no,2,95.05,587.17,STATIC_ROAD_NETWORK
60658,"Hadapsar, Pune - IITM",18.5018,73.9275,Eastern Commercial / Mixed Suburban Corridor,292625507,residential,Unnamed,1,no,,,no,no,4,91.43,492.02,STATIC_ROAD_NETWORK
60658,"Hadapsar, Pune - IITM",18.5018,73.9275,Eastern Commercial / Mixed Suburban Corridor,292625508,residential,Unnamed,1,no,,,no,no,2,33.47,539.55,STATIC_ROAD_NETWORK
60658,"Hadapsar, Pune - IITM",18.5018,73.9275,Eastern Commercial / Mixed Suburban Corridor,292625509,residential,Unnamed,1,no,,,no,no,3,87.93,412.0,STATIC_ROAD_NETWORK
60658,"Hadapsar, Pune - IITM",18.5018,73.9275,Eastern Commercial / Mixed Suburban Corridor,292625512,residential,Unnamed,1,no,,,no,no,2,98.76,549.29,STATIC_ROAD_NETWORK
60658,"Hadapsar, Pune - IITM",18.5018,73.9275,Eastern Commercial / Mixed Suburban Corridor,292625513,residential,Unnamed,1,no,,,no,no,3,66.18,653.36,STATIC_ROAD_NETWORK
60658,"Hadapsar, Pune - IITM",18.5018,73.9275,Eastern Commercial / Mixed Suburban Corridor,292625517,residential,Unnamed,1,no,,,no,no,21,430.29,475.23,STATIC_ROAD_NETWORK
60658,"Hadapsar, Pune - IITM",18.5018,73.9275,Eastern Commercial / Mixed Suburban Corridor,292625519,residential,Unnamed,1,no,,,no,no,2,31.35,620.2,STATIC_ROAD_NETWORK
60658,"Hadapsar, Pune - IITM",18.5018,73.9275,Eastern Commercial / Mixed Suburban Corridor,292625520,residential,Unnamed,1,no,,,no,no,2,8.2,372.35,STATIC_ROAD_NETWORK
60658,"Hadapsar, Pune - IITM",18.5018,73.9275,Eastern Commercial / Mixed Suburban Corridor,292625522,residential,Unnamed,1,no,,,no,no,2,148.61,628.71,STATIC_ROAD_NETWORK
60658,"Hadapsar, Pune - IITM",18.5018,73.9275,Eastern Commercial / Mixed Suburban Corridor,292625524,residential,Unnamed,1,no,,,no,no,3,94.53,262.32,STATIC_ROAD_NETWORK
60658,"Hadapsar, Pune - IITM",18.5018,73.9275,Eastern Commercial / Mixed Suburban Corridor,292625525,residential,Unnamed,1,no,,,no,no,18,527.53,623.27,STATIC_ROAD_NETWORK
60658,"Hadapsar, Pune - IITM",18.5018,73.9275,Eastern Commercial / Mixed Suburban Corridor,292625528,residential,Unnamed,1,no,,,no,no,2,99.0,291.82,STATIC_ROAD_NETWORK
60658,"Hadapsar, Pune - IITM",18.5018,73.9275,Eastern Commercial / Mixed Suburban Corridor,292625530,trunk,Solapur Road Flyover Ramp,1,yes,,,yes,no,2,33.41,1367.56,STATIC_ROAD_NETWORK
60658,"Hadapsar, Pune - IITM",18.5018,73.9275,Eastern Commercial / Mixed Suburban Corridor,292625531,residential,Unnamed,1,no,,,no,no,3,69.15,586.92,STATIC_ROAD_NETWORK
60658,"Hadapsar, Pune - IITM",18.5018,73.9275,Eastern Commercial / Mixed Suburban Corridor,292625532,residential,Unnamed,1,no,,,no,no,2,87.98,497.41,STATIC_ROAD_NETWORK
60658,"Hadapsar, Pune - IITM",18.5018,73.9275,Eastern Commercial / Mixed Suburban Corridor,292625533,residential,Unnamed,1,no,,,no,no,2,98.69,623.79,STATIC_ROAD_NETWORK
60658,"Hadapsar, Pune - IITM",18.5018,73.9275,Eastern Commercial / Mixed Suburban Corridor,292625534,residential,Unnamed,1,no,,,no,no,2,36.59,474.5,STATIC_ROAD_NETWORK
60658,"Hadapsar, Pune - IITM",18.5018,73.9275,Eastern Commercial / Mixed Suburban Corridor,292625535,residential,Unnamed,1,no,,,no,no,13,235.56,53.63,STATIC_ROAD_NETWORK
60658,"Hadapsar, Pune - IITM",18.5018,73.9275,Eastern Commercial / Mixed Suburban Corridor,292625536,residential,Unnamed,1,no,,,no,no,4,123.19,922.1,STATIC_ROAD_NETWORK
60658,"Hadapsar, Pune - IITM",18.5018,73.9275,Eastern Commercial / Mixed Suburban Corridor,292625537,residential,Unnamed,1,no,,,no,no,4,266.64,535.41,STATIC_ROAD_NETWORK
60658,"Hadapsar, Pune - IITM",18.5018,73.9275,Eastern Commercial / Mixed Suburban Corridor,292625543,residential,Unnamed,1,no,,,no,no,3,40.75,645.01,STATIC_ROAD_NETWORK
60658,"Hadapsar, Pune - IITM",18.5018,73.9275,Eastern Commercial / Mixed Suburban Corridor,292625544,residential,Unnamed,1,no,,,no,no,4,115.53,651.27,STATIC_ROAD_NETWORK
60658,"Hadapsar, Pune - IITM",18.5018,73.9275,Eastern Commercial / Mixed Suburban Corridor,292625545,residential,Unnamed,1,no,,,no,no,7,56.97,472.94,STATIC_ROAD_NETWORK
60658,"Hadapsar, Pune - IITM",18.5018,73.9275,Eastern Commercial / Mixed Suburban Corridor,292625546,residential,Unnamed,1,no,,,no,no,6,43.1,583.7,STATIC_ROAD_NETWORK
60658,"Hadapsar, Pune - IITM",18.5018,73.9275,Eastern Commercial / Mixed Suburban Corridor,292625548,residential,Unnamed,1,no,,,no,no,6,204.13,371.68,STATIC_ROAD_NETWORK
60658,"Hadapsar, Pune - IITM",18.5018,73.9275,Eastern Commercial / Mixed Suburban Corridor,292625549,residential,Unnamed,1,no,,,no,no,8,90.38,504.1,STATIC_ROAD_NETWORK
60658,"Hadapsar, Pune - IITM",18.5018,73.9275,Eastern Commercial / Mixed Suburban Corridor,292625550,residential,Unnamed,1,no,,,no,no,8,128.22,594.98,STATIC_ROAD_NETWORK
60658,"Hadapsar, Pune - IITM",18.5018,73.9275,Eastern Commercial / Mixed Suburban Corridor,292625551,residential,Unnamed,1,no,,,no,no,10,199.64,528.85,STATIC_ROAD_NETWORK
60658,"Hadapsar, Pune - IITM",18.5018,73.9275,Eastern Commercial / Mixed Suburban Corridor,292625552,residential,Unnamed,1,no,,,no,no,8,136.81,576.61,STATIC_ROAD_NETWORK
60658,"Hadapsar, Pune - IITM",18.5018,73.9275,Eastern Commercial / Mixed Suburban Corridor,292625553,residential,Unnamed,1,no,,,no,no,7,312.76,1047.6,STATIC_ROAD_NETWORK
60658,"Hadapsar, Pune - IITM",18.5018,73.9275,Eastern Commercial / Mixed Suburban Corridor,292625554,residential,Unnamed,1,no,,,no,no,8,108.96,504.6,STATIC_ROAD_NETWORK
60658,"Hadapsar, Pune - IITM",18.5018,73.9275,Eastern Commercial / Mixed Suburban Corridor,292625555,residential,Unnamed,1,no,,,no,no,9,238.57,570.94,STATIC_ROAD_NETWORK
60658,"Hadapsar, Pune - IITM",18.5018,73.9275,Eastern Commercial / Mixed Suburban Corridor,292770491,residential,Unnamed,1,no,,,no,no,12,242.44,908.72,STATIC_ROAD_NETWORK
60658,"Hadapsar, Pune - IITM",18.5018,73.9275,Eastern Commercial / Mixed Suburban Corridor,292770494,residential,Unnamed,1,no,,,no,no,2,27.8,417.06,STATIC_ROAD_NETWORK
60658,"Hadapsar, Pune - IITM",18.5018,73.9275,Eastern Commercial / Mixed Suburban Corridor,292770495,residential,Unnamed,1,no,,,no,no,7,213.04,702.92,STATIC_ROAD_NETWORK
60658,"Hadapsar, Pune - IITM",18.5018,73.9275,Eastern Commercial / Mixed Suburban Corridor,292770496,residential,Unnamed,1,no,,,no,no,2,28.44,407.08,STATIC_ROAD_NETWORK
60658,"Hadapsar, Pune - IITM",18.5018,73.9275,Eastern Commercial / Mixed Suburban Corridor,292770497,residential,Unnamed,1,no,,,no,no,2,35.52,392.98,STATIC_ROAD_NETWORK
60658,"Hadapsar, Pune - IITM",18.5018,73.9275,Eastern Commercial / Mixed Suburban Corridor,292770498,residential,Unnamed,1,no,,,no,no,2,32.48,391.08,STATIC_ROAD_NETWORK
60658,"Hadapsar, Pune - IITM",18.5018,73.9275,Eastern Commercial / Mixed Suburban Corridor,292770499,residential,Unnamed,1,no,,,no,no,2,37.23,438.3,STATIC_ROAD_NETWORK
60658,"Hadapsar, Pune - IITM",18.5018,73.9275,Eastern Commercial / Mixed Suburban Corridor,292770501,residential,Unnamed,1,no,,,no,no,3,113.78,811.72,STATIC_ROAD_NETWORK
60658,"Hadapsar, Pune - IITM",18.5018,73.9275,Eastern Commercial / Mixed Suburban Corridor,292770502,residential,Unnamed,1,no,,,no,no,2,26.27,412.95,STATIC_ROAD_NETWORK
60658,"Hadapsar, Pune - IITM",18.5018,73.9275,Eastern Commercial / Mixed Suburban Corridor,292770504,residential,Unnamed,1,no,,,no,no,2,26.98,398.64,STATIC_ROAD_NETWORK
60658,"Hadapsar, Pune - IITM",18.5018,73.9275,Eastern Commercial / Mixed Suburban Corridor,292770506,residential,Unnamed,1,no,,,no,no,2,113.15,683.26,STATIC_ROAD_NETWORK
60658,"Hadapsar, Pune - IITM",18.5018,73.9275,Eastern Commercial / Mixed Suburban Corridor,292770508,residential,Unnamed,1,no,,,no,no,2,76.48,952.53,STATIC_ROAD_NETWORK
60658,"Hadapsar, Pune - IITM",18.5018,73.9275,Eastern Commercial / Mixed Suburban Corridor,292770511,residential,1st Lane,1,no,,,no,no,2,136.99,722.62,STATIC_ROAD_NETWORK
60658,"Hadapsar, Pune - IITM",18.5018,73.9275,Eastern Commercial / Mixed Suburban Corridor,292770512,residential,Unnamed,1,no,,,no,no,2,28.38,427.44,STATIC_ROAD_NETWORK
60658,"Hadapsar, Pune - IITM",18.5018,73.9275,Eastern Commercial / Mixed Suburban Corridor,292770513,residential,Unnamed,1,no,,,no,no,2,32.15,384.62,STATIC_ROAD_NETWORK
60658,"Hadapsar, Pune - IITM",18.5018,73.9275,Eastern Commercial / Mixed Suburban Corridor,292770516,residential,Unnamed,1,no,,,no,no,2,27.87,388.74,STATIC_ROAD_NETWORK
60658,"Hadapsar, Pune - IITM",18.5018,73.9275,Eastern Commercial / Mixed Suburban Corridor,292770517,residential,Unnamed,1,no,,,no,no,3,75.85,569.44,STATIC_ROAD_NETWORK
60658,"Hadapsar, Pune - IITM",18.5018,73.9275,Eastern Commercial / Mixed Suburban Corridor,292770519,residential,Unnamed,1,no,,,no,no,3,172.51,703.73,STATIC_ROAD_NETWORK
60658,"Hadapsar, Pune - IITM",18.5018,73.9275,Eastern Commercial / Mixed Suburban Corridor,292770521,residential,Unnamed,1,no,,,no,no,2,38.45,575.32,STATIC_ROAD_NETWORK
60658,"Hadapsar, Pune - IITM",18.5018,73.9275,Eastern Commercial / Mixed Suburban Corridor,292770522,residential,Unnamed,1,no,,,no,no,2,122.07,781.63,STATIC_ROAD_NETWORK
60658,"Hadapsar, Pune - IITM",18.5018,73.9275,Eastern Commercial / Mixed Suburban Corridor,292770525,residential,Unnamed,1,no,,,no,no,2,29.56,367.05,STATIC_ROAD_NETWORK
60658,"Hadapsar, Pune - IITM",18.5018,73.9275,Eastern Commercial / Mixed Suburban Corridor,292770526,residential,Unnamed,1,no,,,no,no,3,71.06,698.91,STATIC_ROAD_NETWORK
60658,"Hadapsar, Pune - IITM",18.5018,73.9275,Eastern Commercial / Mixed Suburban Corridor,292770529,residential,Unnamed,1,no,,,no,no,3,53.54,354.33,STATIC_ROAD_NETWORK
60658,"Hadapsar, Pune - IITM",18.5018,73.9275,Eastern Commercial / Mixed Suburban Corridor,292770531,residential,Unnamed,1,no,,,no,no,5,151.24,421.93,STATIC_ROAD_NETWORK
60658,"Hadapsar, Pune - IITM",18.5018,73.9275,Eastern Commercial / Mixed Suburban Corridor,292770532,residential,Unnamed,1,no,,,no,no,5,60.63,534.24,STATIC_ROAD_NETWORK
60658,"Hadapsar, Pune - IITM",18.5018,73.9275,Eastern Commercial / Mixed Suburban Corridor,292770533,residential,Unnamed,1,no,,,no,no,3,148.03,778.17,STATIC_ROAD_NETWORK
60658,"Hadapsar, Pune - IITM",18.5018,73.9275,Eastern Commercial / Mixed Suburban Corridor,292770535,residential,Unnamed,1,no,,,no,no,6,108.4,531.4,STATIC_ROAD_NETWORK
60658,"Hadapsar, Pune - IITM",18.5018,73.9275,Eastern Commercial / Mixed Suburban Corridor,292770536,residential,Unnamed,1,no,,,no,no,5,141.5,569.44,STATIC_ROAD_NETWORK
60658,"Hadapsar, Pune - IITM",18.5018,73.9275,Eastern Commercial / Mixed Suburban Corridor,292770537,residential,Unnamed,1,no,,,no,no,8,126.07,671.93,STATIC_ROAD_NETWORK
60658,"Hadapsar, Pune - IITM",18.5018,73.9275,Eastern Commercial / Mixed Suburban Corridor,292770538,tertiary,Unnamed,1,no,,,no,no,6,535.05,931.67,STATIC_ROAD_NETWORK
60658,"Hadapsar, Pune - IITM",18.5018,73.9275,Eastern Commercial / Mixed Suburban Corridor,292770539,residential,Unnamed,1,no,,,no,no,14,189.65,836.18,STATIC_ROAD_NETWORK
60658,"Hadapsar, Pune - IITM",18.5018,73.9275,Eastern Commercial / Mixed Suburban Corridor,292770541,residential,Unnamed,1,no,,,no,no,10,171.35,615.84,STATIC_ROAD_NETWORK
60658,"Hadapsar, Pune - IITM",18.5018,73.9275,Eastern Commercial / Mixed Suburban Corridor,292770543,residential,Unnamed,1,no,,,no,no,6,96.57,591.85,STATIC_ROAD_NETWORK
60658,"Hadapsar, Pune - IITM",18.5018,73.9275,Eastern Commercial / Mixed Suburban Corridor,292770544,residential,Unnamed,1,no,,,no,no,15,324.81,573.36,STATIC_ROAD_NETWORK
60658,"Hadapsar, Pune - IITM",18.5018,73.9275,Eastern Commercial / Mixed Suburban Corridor,295695860,residential,Unnamed,1,no,,,no,no,24,670.9,1170.87,STATIC_ROAD_NETWORK
60658,"Hadapsar, Pune - IITM",18.5018,73.9275,Eastern Commercial / Mixed Suburban Corridor,295695862,tertiary,Unnamed,1,yes,,asphalt,no,no,23,95.0,1140.69,STATIC_ROAD_NETWORK
60658,"Hadapsar, Pune - IITM",18.5018,73.9275,Eastern Commercial / Mixed Suburban Corridor,295695877,residential,Unnamed,1,no,,,no,no,10,226.19,1463.71,STATIC_ROAD_NETWORK
60658,"Hadapsar, Pune - IITM",18.5018,73.9275,Eastern Commercial / Mixed Suburban Corridor,296212920,residential,Unnamed,1,no,,,no,no,17,236.99,1458.23,STATIC_ROAD_NETWORK
60658,"Hadapsar, Pune - IITM",18.5018,73.9275,Eastern Commercial / Mixed Suburban Corridor,296212933,residential,Unnamed,1,no,,,no,no,5,130.18,1381.92,STATIC_ROAD_NETWORK
60658,"Hadapsar, Pune - IITM",18.5018,73.9275,Eastern Commercial / Mixed Suburban Corridor,296212936,residential,Unnamed,1,no,,,no,no,6,165.31,1443.15,STATIC_ROAD_NETWORK
60658,"Hadapsar, Pune - IITM",18.5018,73.9275,Eastern Commercial / Mixed Suburban Corridor,296212938,residential,Unnamed,1,no,,,no,no,5,77.03,1061.04,STATIC_ROAD_NETWORK
60658,"Hadapsar, Pune - IITM",18.5018,73.9275,Eastern Commercial / Mixed Suburban Corridor,296212940,residential,Unnamed,1,no,,,no,no,38,442.28,1194.64,STATIC_ROAD_NETWORK
60658,"Hadapsar, Pune - IITM",18.5018,73.9275,Eastern Commercial / Mixed Suburban Corridor,296212943,residential,Unnamed,1,no,,,no,no,5,176.24,1414.0,STATIC_ROAD_NETWORK
60658,"Hadapsar, Pune - IITM",18.5018,73.9275,Eastern Commercial / Mixed Suburban Corridor,296212952,residential,Unnamed,1,no,,,no,no,16,404.19,916.31,STATIC_ROAD_NETWORK
60658,"Hadapsar, Pune - IITM",18.5018,73.9275,Eastern Commercial / Mixed Suburban Corridor,330762153,trunk,Shree Sant Dnyaneshwar Maharaj and Shree Sant Tukaram Maharaj Flyover,1,yes,,,yes,no,15,419.52,972.41,STATIC_ROAD_NETWORK
60658,"Hadapsar, Pune - IITM",18.5018,73.9275,Eastern Commercial / Mixed Suburban Corridor,330762154,trunk,Shree Sant Dnyaneshwar Maharaj and Shree Sant Tukaram Maharaj Flyover,1,yes,,,no,no,3,13.58,1440.26,STATIC_ROAD_NETWORK
60658,"Hadapsar, Pune - IITM",18.5018,73.9275,Eastern Commercial / Mixed Suburban Corridor,330762155,trunk,Shree Sant Dnyaneshwar Maharaj and Shree Sant Tukaram Maharaj Flyover,1,yes,,,yes,no,3,148.97,1310.62,STATIC_ROAD_NETWORK
60658,"Hadapsar, Pune - IITM",18.5018,73.9275,Eastern Commercial / Mixed Suburban Corridor,330762156,trunk,Shree Sant Dnyaneshwar Maharaj and Shree Sant Tukaram Maharaj Flyover,1,yes,,,yes,no,4,23.53,951.79,STATIC_ROAD_NETWORK
60658,"Hadapsar, Pune - IITM",18.5018,73.9275,Eastern Commercial / Mixed Suburban Corridor,344715543,residential,Tupe Patil Road,1,no,,,no,no,6,161.4,923.08,STATIC_ROAD_NETWORK
60658,"Hadapsar, Pune - IITM",18.5018,73.9275,Eastern Commercial / Mixed Suburban Corridor,380540459,residential,Unnamed,1,no,,,no,no,2,47.35,245.13,STATIC_ROAD_NETWORK
60658,"Hadapsar, Pune - IITM",18.5018,73.9275,Eastern Commercial / Mixed Suburban Corridor,384667639,tertiary,Unnamed,1,yes,,,no,no,2,42.24,1122.85,STATIC_ROAD_NETWORK
60658,"Hadapsar, Pune - IITM",18.5018,73.9275,Eastern Commercial / Mixed Suburban Corridor,384667640,tertiary,Unnamed,1,yes,,,no,no,4,49.31,1144.45,STATIC_ROAD_NETWORK
60658,"Hadapsar, Pune - IITM",18.5018,73.9275,Eastern Commercial / Mixed Suburban Corridor,385727437,trunk_link,Saswad Road,1,yes,,,no,no,8,276.91,1175.52,STATIC_ROAD_NETWORK
60658,"Hadapsar, Pune - IITM",18.5018,73.9275,Eastern Commercial / Mixed Suburban Corridor,435939846,residential,Unnamed,1,no,,,no,no,19,355.84,1471.55,STATIC_ROAD_NETWORK
60658,"Hadapsar, Pune - IITM",18.5018,73.9275,Eastern Commercial / Mixed Suburban Corridor,436393564,residential,Unnamed,1,no,,,no,no,39,839.09,1019.92,STATIC_ROAD_NETWORK
60658,"Hadapsar, Pune - IITM",18.5018,73.9275,Eastern Commercial / Mixed Suburban Corridor,436393570,residential,Tupe Patil Road,1,no,,,no,no,12,255.66,1212.62,STATIC_ROAD_NETWORK
60658,"Hadapsar, Pune - IITM",18.5018,73.9275,Eastern Commercial / Mixed Suburban Corridor,436393571,residential,Unnamed,1,no,,,no,no,7,109.51,1232.5,STATIC_ROAD_NETWORK
60658,"Hadapsar, Pune - IITM",18.5018,73.9275,Eastern Commercial / Mixed Suburban Corridor,436393572,residential,Unnamed,1,no,,,no,no,2,64.37,1198.12,STATIC_ROAD_NETWORK
60658,"Hadapsar, Pune - IITM",18.5018,73.9275,Eastern Commercial / Mixed Suburban Corridor,436393575,residential,Unnamed,1,no,,,no,no,32,476.76,1360.84,STATIC_ROAD_NETWORK
60658,"Hadapsar, Pune - IITM",18.5018,73.9275,Eastern Commercial / Mixed Suburban Corridor,436393577,residential,Unnamed,1,no,,,no,no,2,74.28,1390.19,STATIC_ROAD_NETWORK
60658,"Hadapsar, Pune - IITM",18.5018,73.9275,Eastern Commercial / Mixed Suburban Corridor,436393581,residential,Unnamed,1,no,,,no,no,5,80.94,1281.71,STATIC_ROAD_NETWORK
60658,"Hadapsar, Pune - IITM",18.5018,73.9275,Eastern Commercial / Mixed Suburban Corridor,436393584,residential,Unnamed,1,no,,,no,no,3,72.04,1337.01,STATIC_ROAD_NETWORK
60658,"Hadapsar, Pune - IITM",18.5018,73.9275,Eastern Commercial / Mixed Suburban Corridor,436393589,residential,Unnamed,1,no,,,no,no,5,168.78,1199.04,STATIC_ROAD_NETWORK
60658,"Hadapsar, Pune - IITM",18.5018,73.9275,Eastern Commercial / Mixed Suburban Corridor,436393590,residential,Unnamed,1,no,,,no,no,9,144.6,1244.25,STATIC_ROAD_NETWORK
60658,"Hadapsar, Pune - IITM",18.5018,73.9275,Eastern Commercial / Mixed Suburban Corridor,436393592,tertiary,Unnamed,1,no,,,no,no,2,18.97,1057.58,STATIC_ROAD_NETWORK
60658,"Hadapsar, Pune - IITM",18.5018,73.9275,Eastern Commercial / Mixed Suburban Corridor,436393593,residential,Unnamed,1,no,,,no,no,4,152.1,820.89,STATIC_ROAD_NETWORK
60658,"Hadapsar, Pune - IITM",18.5018,73.9275,Eastern Commercial / Mixed Suburban Corridor,436393595,residential,Unnamed,1,no,,,no,no,7,168.44,730.59,STATIC_ROAD_NETWORK
60658,"Hadapsar, Pune - IITM",18.5018,73.9275,Eastern Commercial / Mixed Suburban Corridor,436393596,residential,Unnamed,1,no,,,no,no,2,140.85,766.62,STATIC_ROAD_NETWORK
60658,"Hadapsar, Pune - IITM",18.5018,73.9275,Eastern Commercial / Mixed Suburban Corridor,436393598,residential,Unnamed,1,no,,,no,no,2,21.01,767.68,STATIC_ROAD_NETWORK
60658,"Hadapsar, Pune - IITM",18.5018,73.9275,Eastern Commercial / Mixed Suburban Corridor,436393599,residential,Unnamed,1,no,,,no,no,13,316.06,1370.19,STATIC_ROAD_NETWORK
60658,"Hadapsar, Pune - IITM",18.5018,73.9275,Eastern Commercial / Mixed Suburban Corridor,436393601,residential,Unnamed,1,no,,,no,no,5,179.72,625.83,STATIC_ROAD_NETWORK
60658,"Hadapsar, Pune - IITM",18.5018,73.9275,Eastern Commercial / Mixed Suburban Corridor,436393604,residential,Unnamed,1,no,,,no,no,6,163.07,647.16,STATIC_ROAD_NETWORK
60658,"Hadapsar, Pune - IITM",18.5018,73.9275,Eastern Commercial / Mixed Suburban Corridor,436393606,residential,Unnamed,1,no,,,no,no,2,147.56,665.95,STATIC_ROAD_NETWORK
60658,"Hadapsar, Pune - IITM",18.5018,73.9275,Eastern Commercial / Mixed Suburban Corridor,436394996,residential,Unnamed,1,no,,,no,no,5,207.06,1121.46,STATIC_ROAD_NETWORK
60658,"Hadapsar, Pune - IITM",18.5018,73.9275,Eastern Commercial / Mixed Suburban Corridor,436394997,residential,Unnamed,1,no,,,no,no,4,129.25,1161.99,STATIC_ROAD_NETWORK
60658,"Hadapsar, Pune - IITM",18.5018,73.9275,Eastern Commercial / Mixed Suburban Corridor,436394998,residential,Unnamed,1,no,,,no,no,9,205.15,1191.31,STATIC_ROAD_NETWORK
60658,"Hadapsar, Pune - IITM",18.5018,73.9275,Eastern Commercial / Mixed Suburban Corridor,436394999,residential,Unnamed,1,no,,,no,no,2,90.83,1239.72,STATIC_ROAD_NETWORK
60658,"Hadapsar, Pune - IITM",18.5018,73.9275,Eastern Commercial / Mixed Suburban Corridor,436395001,residential,Unnamed,1,no,,,no,no,7,201.33,1348.79,STATIC_ROAD_NETWORK
60658,"Hadapsar, Pune - IITM",18.5018,73.9275,Eastern Commercial / Mixed Suburban Corridor,436395002,residential,Unnamed,1,no,,,no,no,4,221.76,1380.86,STATIC_ROAD_NETWORK
60658,"Hadapsar, Pune - IITM",18.5018,73.9275,Eastern Commercial / Mixed Suburban Corridor,436395003,residential,Unnamed,1,no,,,no,no,4,250.42,1414.08,STATIC_ROAD_NETWORK
60658,"Hadapsar, Pune - IITM",18.5018,73.9275,Eastern Commercial / Mixed Suburban Corridor,436395006,residential,Unnamed,1,no,,,no,no,2,104.75,1496.16,STATIC_ROAD_NETWORK
60658,"Hadapsar, Pune - IITM",18.5018,73.9275,Eastern Commercial / Mixed Suburban Corridor,469646977,residential,Unnamed,1,no,,asphalt,no,no,49,1272.72,807.08,STATIC_ROAD_NETWORK
60658,"Hadapsar, Pune - IITM",18.5018,73.9275,Eastern Commercial / Mixed Suburban Corridor,474403033,primary,Solapur Road,1,yes,,,no,no,6,113.57,1045.1,STATIC_ROAD_NETWORK
60658,"Hadapsar, Pune - IITM",18.5018,73.9275,Eastern Commercial / Mixed Suburban Corridor,476624063,residential,Unnamed,1,no,,,no,no,3,81.91,223.88,STATIC_ROAD_NETWORK
60658,"Hadapsar, Pune - IITM",18.5018,73.9275,Eastern Commercial / Mixed Suburban Corridor,476624067,residential,Unnamed,1,no,,,no,no,4,52.01,755.87,STATIC_ROAD_NETWORK
60658,"Hadapsar, Pune - IITM",18.5018,73.9275,Eastern Commercial / Mixed Suburban Corridor,476624068,residential,Unnamed,1,no,,,no,no,17,563.01,802.37,STATIC_ROAD_NETWORK
60658,"Hadapsar, Pune - IITM",18.5018,73.9275,Eastern Commercial / Mixed Suburban Corridor,476624069,residential,Unnamed,1,no,,,no,no,4,105.77,1022.85,STATIC_ROAD_NETWORK
60658,"Hadapsar, Pune - IITM",18.5018,73.9275,Eastern Commercial / Mixed Suburban Corridor,476624070,residential,Unnamed,1,no,,,no,no,4,90.68,945.46,STATIC_ROAD_NETWORK
60658,"Hadapsar, Pune - IITM",18.5018,73.9275,Eastern Commercial / Mixed Suburban Corridor,476624071,residential,Unnamed,1,no,,,no,no,3,93.67,972.77,STATIC_ROAD_NETWORK
60658,"Hadapsar, Pune - IITM",18.5018,73.9275,Eastern Commercial / Mixed Suburban Corridor,476624072,residential,Unnamed,1,no,,,no,no,2,43.18,955.31,STATIC_ROAD_NETWORK
60658,"Hadapsar, Pune - IITM",18.5018,73.9275,Eastern Commercial / Mixed Suburban Corridor,476624073,residential,Unnamed,1,no,,,no,no,2,31.76,1020.11,STATIC_ROAD_NETWORK
60658,"Hadapsar, Pune - IITM",18.5018,73.9275,Eastern Commercial / Mixed Suburban Corridor,476624074,residential,Unnamed,1,no,,,no,no,2,62.69,1021.17,STATIC_ROAD_NETWORK
60658,"Hadapsar, Pune - IITM",18.5018,73.9275,Eastern Commercial / Mixed Suburban Corridor,476624075,residential,Unnamed,1,no,,,no,no,6,127.99,1059.44,STATIC_ROAD_NETWORK
60658,"Hadapsar, Pune - IITM",18.5018,73.9275,Eastern Commercial / Mixed Suburban Corridor,476624076,residential,Unnamed,1,no,,,no,no,4,74.97,1023.03,STATIC_ROAD_NETWORK
60658,"Hadapsar, Pune - IITM",18.5018,73.9275,Eastern Commercial / Mixed Suburban Corridor,476624077,residential,Unnamed,1,no,,,no,no,3,86.82,1278.44,STATIC_ROAD_NETWORK
60658,"Hadapsar, Pune - IITM",18.5018,73.9275,Eastern Commercial / Mixed Suburban Corridor,476624078,residential,Unnamed,1,no,,,no,no,6,87.95,1283.71,STATIC_ROAD_NETWORK
60658,"Hadapsar, Pune - IITM",18.5018,73.9275,Eastern Commercial / Mixed Suburban Corridor,476635612,residential,Unnamed,1,no,,,no,no,3,72.94,1459.16,STATIC_ROAD_NETWORK
60658,"Hadapsar, Pune - IITM",18.5018,73.9275,Eastern Commercial / Mixed Suburban Corridor,476635613,residential,Unnamed,1,no,,,no,no,5,81.89,1451.2,STATIC_ROAD_NETWORK
60658,"Hadapsar, Pune - IITM",18.5018,73.9275,Eastern Commercial / Mixed Suburban Corridor,476635614,residential,Unnamed,1,no,,,no,no,4,68.2,1383.3,STATIC_ROAD_NETWORK
60658,"Hadapsar, Pune - IITM",18.5018,73.9275,Eastern Commercial / Mixed Suburban Corridor,476635615,residential,Unnamed,1,no,,,no,no,5,68.88,1388.81,STATIC_ROAD_NETWORK
60658,"Hadapsar, Pune - IITM",18.5018,73.9275,Eastern Commercial / Mixed Suburban Corridor,476635616,residential,Unnamed,1,no,,,no,no,2,34.39,1393.72,STATIC_ROAD_NETWORK
60658,"Hadapsar, Pune - IITM",18.5018,73.9275,Eastern Commercial / Mixed Suburban Corridor,476635617,residential,Unnamed,1,no,,,no,no,5,81.03,1460.22,STATIC_ROAD_NETWORK
60658,"Hadapsar, Pune - IITM",18.5018,73.9275,Eastern Commercial / Mixed Suburban Corridor,476635619,residential,Unnamed,1,no,,,no,no,4,57.08,1478.62,STATIC_ROAD_NETWORK
60658,"Hadapsar, Pune - IITM",18.5018,73.9275,Eastern Commercial / Mixed Suburban Corridor,476635621,residential,Unnamed,1,no,,,no,no,4,212.82,1299.36,STATIC_ROAD_NETWORK
60658,"Hadapsar, Pune - IITM",18.5018,73.9275,Eastern Commercial / Mixed Suburban Corridor,476635622,residential,Unnamed,1,no,,,no,no,2,91.87,1370.82,STATIC_ROAD_NETWORK
60658,"Hadapsar, Pune - IITM",18.5018,73.9275,Eastern Commercial / Mixed Suburban Corridor,476635623,residential,Unnamed,1,no,,,no,no,3,73.84,1002.11,STATIC_ROAD_NETWORK
60658,"Hadapsar, Pune - IITM",18.5018,73.9275,Eastern Commercial / Mixed Suburban Corridor,476635624,residential,Unnamed,1,no,,,no,no,2,56.72,979.66,STATIC_ROAD_NETWORK
60658,"Hadapsar, Pune - IITM",18.5018,73.9275,Eastern Commercial / Mixed Suburban Corridor,476635625,residential,Unnamed,1,no,,,no,no,3,77.6,1042.62,STATIC_ROAD_NETWORK
60658,"Hadapsar, Pune - IITM",18.5018,73.9275,Eastern Commercial / Mixed Suburban Corridor,476635627,residential,Unnamed,1,no,,,no,no,5,119.35,1088.56,STATIC_ROAD_NETWORK
60658,"Hadapsar, Pune - IITM",18.5018,73.9275,Eastern Commercial / Mixed Suburban Corridor,476635628,residential,Unnamed,1,no,,,no,no,2,37.32,1140.94,STATIC_ROAD_NETWORK
60658,"Hadapsar, Pune - IITM",18.5018,73.9275,Eastern Commercial / Mixed Suburban Corridor,476635629,residential,Unnamed,1,no,,,no,no,3,76.23,1023.73,STATIC_ROAD_NETWORK
60658,"Hadapsar, Pune - IITM",18.5018,73.9275,Eastern Commercial / Mixed Suburban Corridor,476635630,residential,Unnamed,1,no,,,no,no,4,81.24,1035.77,STATIC_ROAD_NETWORK
60658,"Hadapsar, Pune - IITM",18.5018,73.9275,Eastern Commercial / Mixed Suburban Corridor,476635631,residential,Unnamed,1,no,,,no,no,5,173.01,1040.71,STATIC_ROAD_NETWORK
60658,"Hadapsar, Pune - IITM",18.5018,73.9275,Eastern Commercial / Mixed Suburban Corridor,476635637,residential,Unnamed,1,no,,,no,no,7,113.09,648.69,STATIC_ROAD_NETWORK
60658,"Hadapsar, Pune - IITM",18.5018,73.9275,Eastern Commercial / Mixed Suburban Corridor,476635638,residential,Unnamed,1,no,,,no,no,2,53.23,590.61,STATIC_ROAD_NETWORK
60658,"Hadapsar, Pune - IITM",18.5018,73.9275,Eastern Commercial / Mixed Suburban Corridor,476635639,residential,Unnamed,1,no,,,no,no,6,107.71,509.86,STATIC_ROAD_NETWORK
60658,"Hadapsar, Pune - IITM",18.5018,73.9275,Eastern Commercial / Mixed Suburban Corridor,476635640,residential,Unnamed,1,no,,,no,no,20,375.81,966.44,STATIC_ROAD_NETWORK
60658,"Hadapsar, Pune - IITM",18.5018,73.9275,Eastern Commercial / Mixed Suburban Corridor,476635641,residential,Unnamed,1,no,,,no,no,2,92.65,1110.46,STATIC_ROAD_NETWORK
60658,"Hadapsar, Pune - IITM",18.5018,73.9275,Eastern Commercial / Mixed Suburban Corridor,476635643,residential,Unnamed,1,no,,,no,no,2,29.29,1053.01,STATIC_ROAD_NETWORK
60658,"Hadapsar, Pune - IITM",18.5018,73.9275,Eastern Commercial / Mixed Suburban Corridor,476635644,residential,Unnamed,1,no,,,no,no,8,236.34,887.47,STATIC_ROAD_NETWORK
60658,"Hadapsar, Pune - IITM",18.5018,73.9275,Eastern Commercial / Mixed Suburban Corridor,476635645,residential,Unnamed,1,no,,,no,no,5,96.53,767.78,STATIC_ROAD_NETWORK
60658,"Hadapsar, Pune - IITM",18.5018,73.9275,Eastern Commercial / Mixed Suburban Corridor,476635647,tertiary,Unnamed,1,no,,,no,no,5,411.18,1425.24,STATIC_ROAD_NETWORK
60658,"Hadapsar, Pune - IITM",18.5018,73.9275,Eastern Commercial / Mixed Suburban Corridor,476635648,tertiary,Unnamed,1,no,,,no,no,2,221.27,1411.73,STATIC_ROAD_NETWORK
60658,"Hadapsar, Pune - IITM",18.5018,73.9275,Eastern Commercial / Mixed Suburban Corridor,476640098,residential,Unnamed,1,no,,,no,no,3,100.21,786.59,STATIC_ROAD_NETWORK
60658,"Hadapsar, Pune - IITM",18.5018,73.9275,Eastern Commercial / Mixed Suburban Corridor,476640099,residential,Unnamed,1,no,,,no,no,2,58.09,862.47,STATIC_ROAD_NETWORK
60658,"Hadapsar, Pune - IITM",18.5018,73.9275,Eastern Commercial / Mixed Suburban Corridor,476640103,residential,Unnamed,1,no,,,no,no,5,107.22,591.85,STATIC_ROAD_NETWORK
60658,"Hadapsar, Pune - IITM",18.5018,73.9275,Eastern Commercial / Mixed Suburban Corridor,476640104,residential,Unnamed,1,no,,,no,no,2,46.53,541.9,STATIC_ROAD_NETWORK
60658,"Hadapsar, Pune - IITM",18.5018,73.9275,Eastern Commercial / Mixed Suburban Corridor,476640105,residential,Unnamed,1,no,,,no,no,12,184.85,560.41,STATIC_ROAD_NETWORK
60658,"Hadapsar, Pune - IITM",18.5018,73.9275,Eastern Commercial / Mixed Suburban Corridor,476640106,residential,Unnamed,1,no,,,no,no,3,59.21,468.93,STATIC_ROAD_NETWORK
60658,"Hadapsar, Pune - IITM",18.5018,73.9275,Eastern Commercial / Mixed Suburban Corridor,476640107,residential,Unnamed,1,no,,,no,no,2,70.49,455.79,STATIC_ROAD_NETWORK
60658,"Hadapsar, Pune - IITM",18.5018,73.9275,Eastern Commercial / Mixed Suburban Corridor,476640108,residential,Unnamed,1,no,,,no,no,3,102.91,470.06,STATIC_ROAD_NETWORK
60658,"Hadapsar, Pune - IITM",18.5018,73.9275,Eastern Commercial / Mixed Suburban Corridor,476640109,residential,Unnamed,1,no,,,no,no,2,40.69,523.91,STATIC_ROAD_NETWORK
60658,"Hadapsar, Pune - IITM",18.5018,73.9275,Eastern Commercial / Mixed Suburban Corridor,476640110,residential,Unnamed,1,no,,,no,no,2,41.45,517.03,STATIC_ROAD_NETWORK
60658,"Hadapsar, Pune - IITM",18.5018,73.9275,Eastern Commercial / Mixed Suburban Corridor,476640111,residential,Unnamed,1,no,,,no,no,2,47.12,423.33,STATIC_ROAD_NETWORK
60658,"Hadapsar, Pune - IITM",18.5018,73.9275,Eastern Commercial / Mixed Suburban Corridor,476640112,residential,Unnamed,1,no,,,no,no,2,51.26,448.88,STATIC_ROAD_NETWORK
60658,"Hadapsar, Pune - IITM",18.5018,73.9275,Eastern Commercial / Mixed Suburban Corridor,476640113,residential,Unnamed,1,no,,,no,no,2,54.05,479.32,STATIC_ROAD_NETWORK
60658,"Hadapsar, Pune - IITM",18.5018,73.9275,Eastern Commercial / Mixed Suburban Corridor,476640114,residential,Unnamed,1,no,,,no,no,4,47.06,465.02,STATIC_ROAD_NETWORK
60658,"Hadapsar, Pune - IITM",18.5018,73.9275,Eastern Commercial / Mixed Suburban Corridor,476640115,residential,Unnamed,1,no,,,no,no,2,75.68,523.56,STATIC_ROAD_NETWORK
60658,"Hadapsar, Pune - IITM",18.5018,73.9275,Eastern Commercial / Mixed Suburban Corridor,476640119,residential,Unnamed,1,no,,,no,no,2,48.76,434.47,STATIC_ROAD_NETWORK
60658,"Hadapsar, Pune - IITM",18.5018,73.9275,Eastern Commercial / Mixed Suburban Corridor,476640120,living_street,Unnamed,1,no,,,no,no,17,138.22,524.1,STATIC_ROAD_NETWORK
60658,"Hadapsar, Pune - IITM",18.5018,73.9275,Eastern Commercial / Mixed Suburban Corridor,476640121,living_street,Unnamed,1,no,,,no,no,5,78.78,619.86,STATIC_ROAD_NETWORK
60658,"Hadapsar, Pune - IITM",18.5018,73.9275,Eastern Commercial / Mixed Suburban Corridor,476640122,residential,Unnamed,1,no,,,no,no,5,66.42,606.71,STATIC_ROAD_NETWORK
60658,"Hadapsar, Pune - IITM",18.5018,73.9275,Eastern Commercial / Mixed Suburban Corridor,476640123,residential,Unnamed,1,no,,,no,no,7,66.2,600.33,STATIC_ROAD_NETWORK
60658,"Hadapsar, Pune - IITM",18.5018,73.9275,Eastern Commercial / Mixed Suburban Corridor,476640124,residential,Unnamed,1,no,,,no,no,2,38.37,613.41,STATIC_ROAD_NETWORK
60658,"Hadapsar, Pune - IITM",18.5018,73.9275,Eastern Commercial / Mixed Suburban Corridor,476640125,residential,Unnamed,1,no,,,no,no,2,40.06,588.41,STATIC_ROAD_NETWORK
60658,"Hadapsar, Pune - IITM",18.5018,73.9275,Eastern Commercial / Mixed Suburban Corridor,476640126,residential,Unnamed,1,no,,,no,no,2,52.55,730.31,STATIC_ROAD_NETWORK
60658,"Hadapsar, Pune - IITM",18.5018,73.9275,Eastern Commercial / Mixed Suburban Corridor,476640127,residential,Unnamed,1,no,,,no,no,2,54.76,769.46,STATIC_ROAD_NETWORK
60658,"Hadapsar, Pune - IITM",18.5018,73.9275,Eastern Commercial / Mixed Suburban Corridor,476640129,residential,Unnamed,1,no,,,no,no,20,280.47,614.68,STATIC_ROAD_NETWORK
60658,"Hadapsar, Pune - IITM",18.5018,73.9275,Eastern Commercial / Mixed Suburban Corridor,476640130,residential,Unnamed,1,no,,,no,no,5,144.83,527.73,STATIC_ROAD_NETWORK
60658,"Hadapsar, Pune - IITM",18.5018,73.9275,Eastern Commercial / Mixed Suburban Corridor,476640131,residential,Unnamed,1,no,,,no,no,7,164.03,687.75,STATIC_ROAD_NETWORK
60658,"Hadapsar, Pune - IITM",18.5018,73.9275,Eastern Commercial / Mixed Suburban Corridor,476640132,residential,Unnamed,1,no,,,no,no,3,79.3,508.07,STATIC_ROAD_NETWORK
60658,"Hadapsar, Pune - IITM",18.5018,73.9275,Eastern Commercial / Mixed Suburban Corridor,476640133,residential,Unnamed,1,no,,,no,no,3,85.36,649.23,STATIC_ROAD_NETWORK
60658,"Hadapsar, Pune - IITM",18.5018,73.9275,Eastern Commercial / Mixed Suburban Corridor,476640134,residential,Unnamed,1,no,,,no,no,7,110.63,650.19,STATIC_ROAD_NETWORK
60658,"Hadapsar, Pune - IITM",18.5018,73.9275,Eastern Commercial / Mixed Suburban Corridor,476640135,residential,Unnamed,1,no,,,no,no,3,98.23,835.07,STATIC_ROAD_NETWORK
60658,"Hadapsar, Pune - IITM",18.5018,73.9275,Eastern Commercial / Mixed Suburban Corridor,476640136,residential,Unnamed,1,no,,,no,no,5,103.85,702.92,STATIC_ROAD_NETWORK
60658,"Hadapsar, Pune - IITM",18.5018,73.9275,Eastern Commercial / Mixed Suburban Corridor,476640137,residential,Unnamed,1,no,,,no,no,3,56.36,720.82,STATIC_ROAD_NETWORK
60658,"Hadapsar, Pune - IITM",18.5018,73.9275,Eastern Commercial / Mixed Suburban Corridor,476640138,residential,Unnamed,1,no,,,no,no,5,115.78,971.58,STATIC_ROAD_NETWORK
60658,"Hadapsar, Pune - IITM",18.5018,73.9275,Eastern Commercial / Mixed Suburban Corridor,476640139,living_street,Unnamed,1,no,,,no,no,4,332.47,973.41,STATIC_ROAD_NETWORK
60658,"Hadapsar, Pune - IITM",18.5018,73.9275,Eastern Commercial / Mixed Suburban Corridor,476640140,residential,Gali Number 4,1,no,,,no,no,6,339.11,997.47,STATIC_ROAD_NETWORK
60658,"Hadapsar, Pune - IITM",18.5018,73.9275,Eastern Commercial / Mixed Suburban Corridor,476640141,residential,Unnamed,1,no,,,no,no,2,238.11,1175.78,STATIC_ROAD_NETWORK
60658,"Hadapsar, Pune - IITM",18.5018,73.9275,Eastern Commercial / Mixed Suburban Corridor,476640142,residential,Unnamed,1,no,,,no,no,3,207.6,1203.74,STATIC_ROAD_NETWORK
60658,"Hadapsar, Pune - IITM",18.5018,73.9275,Eastern Commercial / Mixed Suburban Corridor,476640143,residential,Unnamed,1,no,,,no,no,2,186.46,1225.23,STATIC_ROAD_NETWORK
60658,"Hadapsar, Pune - IITM",18.5018,73.9275,Eastern Commercial / Mixed Suburban Corridor,476640144,residential,Unnamed,1,no,,,no,no,2,146.26,1271.76,STATIC_ROAD_NETWORK
60658,"Hadapsar, Pune - IITM",18.5018,73.9275,Eastern Commercial / Mixed Suburban Corridor,476640145,residential,Unnamed,1,no,,,no,no,5,121.11,1298.05,STATIC_ROAD_NETWORK
60658,"Hadapsar, Pune - IITM",18.5018,73.9275,Eastern Commercial / Mixed Suburban Corridor,476640147,residential,Unnamed,1,no,,,no,no,2,81.25,1331.55,STATIC_ROAD_NETWORK
60658,"Hadapsar, Pune - IITM",18.5018,73.9275,Eastern Commercial / Mixed Suburban Corridor,476640148,residential,Gali Number 10,1,no,,,no,no,3,256.23,1124.65,STATIC_ROAD_NETWORK
60658,"Hadapsar, Pune - IITM",18.5018,73.9275,Eastern Commercial / Mixed Suburban Corridor,476640149,residential,Unnamed,1,no,,,no,no,2,309.75,1084.94,STATIC_ROAD_NETWORK
60658,"Hadapsar, Pune - IITM",18.5018,73.9275,Eastern Commercial / Mixed Suburban Corridor,476640150,residential,Unnamed,1,no,,,no,no,4,288.2,1103.17,STATIC_ROAD_NETWORK
60658,"Hadapsar, Pune - IITM",18.5018,73.9275,Eastern Commercial / Mixed Suburban Corridor,476640152,residential,Unnamed,1,no,,,no,no,7,343.34,1011.79,STATIC_ROAD_NETWORK
60658,"Hadapsar, Pune - IITM",18.5018,73.9275,Eastern Commercial / Mixed Suburban Corridor,476640153,residential,Unnamed,1,no,,,no,no,3,317.22,1056.64,STATIC_ROAD_NETWORK
60658,"Hadapsar, Pune - IITM",18.5018,73.9275,Eastern Commercial / Mixed Suburban Corridor,476640154,tertiary,Unnamed,1,no,,,no,no,9,417.04,1303.96,STATIC_ROAD_NETWORK
60658,"Hadapsar, Pune - IITM",18.5018,73.9275,Eastern Commercial / Mixed Suburban Corridor,476647948,residential,Unnamed,1,no,,,no,no,3,253.63,1340.12,STATIC_ROAD_NETWORK
60658,"Hadapsar, Pune - IITM",18.5018,73.9275,Eastern Commercial / Mixed Suburban Corridor,476647949,residential,Unnamed,1,no,,,no,no,4,292.0,1376.38,STATIC_ROAD_NETWORK
60658,"Hadapsar, Pune - IITM",18.5018,73.9275,Eastern Commercial / Mixed Suburban Corridor,476647950,residential,Unnamed,1,no,,,no,no,3,142.17,1454.0,STATIC_ROAD_NETWORK
60658,"Hadapsar, Pune - IITM",18.5018,73.9275,Eastern Commercial / Mixed Suburban Corridor,476647952,residential,Unnamed,1,no,,,no,no,2,206.7,1498.14,STATIC_ROAD_NETWORK
60658,"Hadapsar, Pune - IITM",18.5018,73.9275,Eastern Commercial / Mixed Suburban Corridor,476647954,residential,Unnamed,1,no,,,no,no,8,334.47,1484.31,STATIC_ROAD_NETWORK
60658,"Hadapsar, Pune - IITM",18.5018,73.9275,Eastern Commercial / Mixed Suburban Corridor,476647955,residential,Unnamed,1,no,,,no,no,3,55.32,1499.79,STATIC_ROAD_NETWORK
60658,"Hadapsar, Pune - IITM",18.5018,73.9275,Eastern Commercial / Mixed Suburban Corridor,476647956,residential,Unnamed,1,no,,,no,no,3,69.27,1490.77,STATIC_ROAD_NETWORK
60658,"Hadapsar, Pune - IITM",18.5018,73.9275,Eastern Commercial / Mixed Suburban Corridor,476659516,residential,Unnamed,1,no,,,no,no,16,812.38,845.13,STATIC_ROAD_NETWORK
60658,"Hadapsar, Pune - IITM",18.5018,73.9275,Eastern Commercial / Mixed Suburban Corridor,476659517,residential,Unnamed,1,no,,,no,no,15,568.54,1069.48,STATIC_ROAD_NETWORK
60658,"Hadapsar, Pune - IITM",18.5018,73.9275,Eastern Commercial / Mixed Suburban Corridor,476659518,residential,Unnamed,1,no,,,no,no,6,119.4,1287.57,STATIC_ROAD_NETWORK
60658,"Hadapsar, Pune - IITM",18.5018,73.9275,Eastern Commercial / Mixed Suburban Corridor,476659519,residential,Unnamed,1,no,,,no,no,2,47.83,1358.69,STATIC_ROAD_NETWORK
60658,"Hadapsar, Pune - IITM",18.5018,73.9275,Eastern Commercial / Mixed Suburban Corridor,476659524,residential,Unnamed,1,no,,,no,no,15,521.23,1453.45,STATIC_ROAD_NETWORK
60658,"Hadapsar, Pune - IITM",18.5018,73.9275,Eastern Commercial / Mixed Suburban Corridor,476659526,residential,Unnamed,1,no,,,no,no,3,42.69,1440.24,STATIC_ROAD_NETWORK
60658,"Hadapsar, Pune - IITM",18.5018,73.9275,Eastern Commercial / Mixed Suburban Corridor,476659528,residential,Unnamed,1,no,,,no,no,2,11.14,1372.29,STATIC_ROAD_NETWORK
60658,"Hadapsar, Pune - IITM",18.5018,73.9275,Eastern Commercial / Mixed Suburban Corridor,476661918,trunk_link,Unnamed,2,yes,,,no,no,4,26.67,57.93,STATIC_ROAD_NETWORK
60658,"Hadapsar, Pune - IITM",18.5018,73.9275,Eastern Commercial / Mixed Suburban Corridor,477473043,residential,Unnamed,1,no,,,no,no,69,2483.01,1452.79,STATIC_ROAD_NETWORK
60658,"Hadapsar, Pune - IITM",18.5018,73.9275,Eastern Commercial / Mixed Suburban Corridor,617680676,tertiary,Unnamed,1,no,,,no,no,16,600.86,1027.55,STATIC_ROAD_NETWORK
60658,"Hadapsar, Pune - IITM",18.5018,73.9275,Eastern Commercial / Mixed Suburban Corridor,666578616,residential,Unnamed,1,no,,asphalt,no,no,2,9.75,1145.26,STATIC_ROAD_NETWORK
60658,"Hadapsar, Pune - IITM",18.5018,73.9275,Eastern Commercial / Mixed Suburban Corridor,666586169,residential,Unnamed,1,no,,asphalt,no,no,6,72.04,1152.12,STATIC_ROAD_NETWORK
60658,"Hadapsar, Pune - IITM",18.5018,73.9275,Eastern Commercial / Mixed Suburban Corridor,666586170,residential,Unnamed,1,no,,asphalt,no,no,14,143.5,1154.1,STATIC_ROAD_NETWORK
60658,"Hadapsar, Pune - IITM",18.5018,73.9275,Eastern Commercial / Mixed Suburban Corridor,668790058,residential,Unnamed,1,no,,,no,no,42,1395.58,927.52,STATIC_ROAD_NETWORK
60658,"Hadapsar, Pune - IITM",18.5018,73.9275,Eastern Commercial / Mixed Suburban Corridor,668813305,residential,Unnamed,1,no,,,no,no,8,245.52,269.62,STATIC_ROAD_NETWORK
60658,"Hadapsar, Pune - IITM",18.5018,73.9275,Eastern Commercial / Mixed Suburban Corridor,668832910,tertiary_link,Unnamed,1,no,,asphalt,no,no,2,9.92,1065.15,STATIC_ROAD_NETWORK
60658,"Hadapsar, Pune - IITM",18.5018,73.9275,Eastern Commercial / Mixed Suburban Corridor,669034725,residential,Unnamed,1,no,,,yes,no,2,12.67,920.44,STATIC_ROAD_NETWORK
60658,"Hadapsar, Pune - IITM",18.5018,73.9275,Eastern Commercial / Mixed Suburban Corridor,669034726,residential,Unnamed,1,no,,,no,no,4,38.38,917.99,STATIC_ROAD_NETWORK
60658,"Hadapsar, Pune - IITM",18.5018,73.9275,Eastern Commercial / Mixed Suburban Corridor,669034727,residential,Unnamed,1,no,,,no,no,9,154.07,922.38,STATIC_ROAD_NETWORK
60658,"Hadapsar, Pune - IITM",18.5018,73.9275,Eastern Commercial / Mixed Suburban Corridor,669041230,residential,Unnamed,1,no,,,no,no,8,242.74,696.24,STATIC_ROAD_NETWORK
60658,"Hadapsar, Pune - IITM",18.5018,73.9275,Eastern Commercial / Mixed Suburban Corridor,669048968,residential,Unnamed,1,no,,,no,no,3,274.03,719.78,STATIC_ROAD_NETWORK
60658,"Hadapsar, Pune - IITM",18.5018,73.9275,Eastern Commercial / Mixed Suburban Corridor,669051196,residential,Unnamed,1,no,,,no,no,5,259.91,1365.09,STATIC_ROAD_NETWORK
60658,"Hadapsar, Pune - IITM",18.5018,73.9275,Eastern Commercial / Mixed Suburban Corridor,669620465,residential,Unnamed,1,no,,,no,no,2,26.37,547.26,STATIC_ROAD_NETWORK
60658,"Hadapsar, Pune - IITM",18.5018,73.9275,Eastern Commercial / Mixed Suburban Corridor,669620466,residential,Unnamed,1,no,,,no,no,7,164.06,465.93,STATIC_ROAD_NETWORK
60658,"Hadapsar, Pune - IITM",18.5018,73.9275,Eastern Commercial / Mixed Suburban Corridor,669620467,residential,Unnamed,1,no,,,no,no,2,27.16,506.48,STATIC_ROAD_NETWORK
60658,"Hadapsar, Pune - IITM",18.5018,73.9275,Eastern Commercial / Mixed Suburban Corridor,669620468,residential,Unnamed,1,no,,,no,no,10,174.34,483.06,STATIC_ROAD_NETWORK
60658,"Hadapsar, Pune - IITM",18.5018,73.9275,Eastern Commercial / Mixed Suburban Corridor,669626314,residential,Unnamed,1,no,,,no,no,10,90.66,1126.78,STATIC_ROAD_NETWORK
60658,"Hadapsar, Pune - IITM",18.5018,73.9275,Eastern Commercial / Mixed Suburban Corridor,670151263,residential,Unnamed,1,no,,,no,no,4,446.88,1004.0,STATIC_ROAD_NETWORK
60658,"Hadapsar, Pune - IITM",18.5018,73.9275,Eastern Commercial / Mixed Suburban Corridor,673250506,residential,Unnamed,1,no,,,no,no,11,245.73,612.78,STATIC_ROAD_NETWORK
60658,"Hadapsar, Pune - IITM",18.5018,73.9275,Eastern Commercial / Mixed Suburban Corridor,690473789,residential,Unnamed,1,no,,,no,no,2,91.95,461.21,STATIC_ROAD_NETWORK
60658,"Hadapsar, Pune - IITM",18.5018,73.9275,Eastern Commercial / Mixed Suburban Corridor,722117398,residential,Unnamed,1,no,,asphalt,no,no,3,14.84,1200.12,STATIC_ROAD_NETWORK
60658,"Hadapsar, Pune - IITM",18.5018,73.9275,Eastern Commercial / Mixed Suburban Corridor,722117399,residential,Unnamed,1,no,,,no,no,3,13.0,947.98,STATIC_ROAD_NETWORK
60658,"Hadapsar, Pune - IITM",18.5018,73.9275,Eastern Commercial / Mixed Suburban Corridor,750385734,residential,Unnamed,1,no,,asphalt,no,no,2,15.67,1443.05,STATIC_ROAD_NETWORK
60658,"Hadapsar, Pune - IITM",18.5018,73.9275,Eastern Commercial / Mixed Suburban Corridor,756114619,tertiary,gTupe Patil Road,2,no,,asphalt,no,no,44,856.35,1390.4,STATIC_ROAD_NETWORK
60658,"Hadapsar, Pune - IITM",18.5018,73.9275,Eastern Commercial / Mixed Suburban Corridor,756134066,residential,Unnamed,1,no,,,no,no,3,115.61,225.35,STATIC_ROAD_NETWORK
60658,"Hadapsar, Pune - IITM",18.5018,73.9275,Eastern Commercial / Mixed Suburban Corridor,756789470,residential,Unnamed,1,no,,,no,no,2,158.28,1201.66,STATIC_ROAD_NETWORK
60658,"Hadapsar, Pune - IITM",18.5018,73.9275,Eastern Commercial / Mixed Suburban Corridor,761968257,residential,Unnamed,1,no,,,no,no,6,75.46,415.89,STATIC_ROAD_NETWORK
60658,"Hadapsar, Pune - IITM",18.5018,73.9275,Eastern Commercial / Mixed Suburban Corridor,762131859,residential,Unnamed,1,no,,,no,no,6,99.3,1203.91,STATIC_ROAD_NETWORK
60658,"Hadapsar, Pune - IITM",18.5018,73.9275,Eastern Commercial / Mixed Suburban Corridor,762131860,residential,Unnamed,1,no,,,no,no,2,30.84,1439.97,STATIC_ROAD_NETWORK
60658,"Hadapsar, Pune - IITM",18.5018,73.9275,Eastern Commercial / Mixed Suburban Corridor,762131861,residential,Unnamed,1,no,,,no,no,2,32.03,1334.76,STATIC_ROAD_NETWORK
60658,"Hadapsar, Pune - IITM",18.5018,73.9275,Eastern Commercial / Mixed Suburban Corridor,762748700,residential,Unnamed,1,no,,,no,no,3,64.28,1375.85,STATIC_ROAD_NETWORK
60658,"Hadapsar, Pune - IITM",18.5018,73.9275,Eastern Commercial / Mixed Suburban Corridor,762785226,residential,Unnamed,1,no,,,no,no,7,181.27,1291.83,STATIC_ROAD_NETWORK
60658,"Hadapsar, Pune - IITM",18.5018,73.9275,Eastern Commercial / Mixed Suburban Corridor,762785227,residential,Unnamed,1,no,,,no,no,3,12.9,1320.48,STATIC_ROAD_NETWORK
60658,"Hadapsar, Pune - IITM",18.5018,73.9275,Eastern Commercial / Mixed Suburban Corridor,763517559,residential,Unnamed,1,no,,,no,no,3,163.92,137.63,STATIC_ROAD_NETWORK
60658,"Hadapsar, Pune - IITM",18.5018,73.9275,Eastern Commercial / Mixed Suburban Corridor,765985756,residential,Unnamed,1,no,,,no,no,15,210.52,454.32,STATIC_ROAD_NETWORK
60658,"Hadapsar, Pune - IITM",18.5018,73.9275,Eastern Commercial / Mixed Suburban Corridor,765994921,residential,Unnamed,1,no,,,no,no,10,110.66,750.78,STATIC_ROAD_NETWORK
60658,"Hadapsar, Pune - IITM",18.5018,73.9275,Eastern Commercial / Mixed Suburban Corridor,766022261,residential,Unnamed,1,no,,,no,no,3,92.63,817.51,STATIC_ROAD_NETWORK
60658,"Hadapsar, Pune - IITM",18.5018,73.9275,Eastern Commercial / Mixed Suburban Corridor,766022262,residential,Unnamed,1,no,,,no,no,9,115.59,787.95,STATIC_ROAD_NETWORK
60658,"Hadapsar, Pune - IITM",18.5018,73.9275,Eastern Commercial / Mixed Suburban Corridor,766414540,residential,Unnamed,1,no,,,no,no,3,56.15,882.01,STATIC_ROAD_NETWORK
60658,"Hadapsar, Pune - IITM",18.5018,73.9275,Eastern Commercial / Mixed Suburban Corridor,766414541,residential,Unnamed,1,no,,,no,no,2,60.68,905.23,STATIC_ROAD_NETWORK
60658,"Hadapsar, Pune - IITM",18.5018,73.9275,Eastern Commercial / Mixed Suburban Corridor,770145196,residential,Unnamed,1,no,,,no,no,5,80.91,264.84,STATIC_ROAD_NETWORK
60658,"Hadapsar, Pune - IITM",18.5018,73.9275,Eastern Commercial / Mixed Suburban Corridor,824884748,trunk,Solapur Road,3,yes,,,no,no,3,61.29,570.94,STATIC_ROAD_NETWORK
60658,"Hadapsar, Pune - IITM",18.5018,73.9275,Eastern Commercial / Mixed Suburban Corridor,824884749,trunk,Solapur Road,3,yes,,,yes,no,2,31.45,631.8,STATIC_ROAD_NETWORK
60658,"Hadapsar, Pune - IITM",18.5018,73.9275,Eastern Commercial / Mixed Suburban Corridor,829970628,tertiary,Magarpatta Rear Approach Road,2,yes,30,asphalt,no,no,22,963.07,762.95,STATIC_ROAD_NETWORK
60658,"Hadapsar, Pune - IITM",18.5018,73.9275,Eastern Commercial / Mixed Suburban Corridor,829970633,tertiary,Magarpatta Rear Approach Road,2,yes,30,asphalt,no,no,27,1558.05,858.62,STATIC_ROAD_NETWORK
60658,"Hadapsar, Pune - IITM",18.5018,73.9275,Eastern Commercial / Mixed Suburban Corridor,855829123,residential,Unnamed,1,no,,asphalt,no,no,11,155.58,1281.89,STATIC_ROAD_NETWORK
60658,"Hadapsar, Pune - IITM",18.5018,73.9275,Eastern Commercial / Mixed Suburban Corridor,855829127,residential,Unnamed,1,no,,,no,no,3,112.99,516.9,STATIC_ROAD_NETWORK
60658,"Hadapsar, Pune - IITM",18.5018,73.9275,Eastern Commercial / Mixed Suburban Corridor,855829128,residential,Unnamed,1,no,,,no,no,2,35.57,594.67,STATIC_ROAD_NETWORK
60658,"Hadapsar, Pune - IITM",18.5018,73.9275,Eastern Commercial / Mixed Suburban Corridor,855847910,residential,Unnamed,1,no,,,no,no,3,66.26,895.55,STATIC_ROAD_NETWORK
60658,"Hadapsar, Pune - IITM",18.5018,73.9275,Eastern Commercial / Mixed Suburban Corridor,855847913,residential,Unnamed,1,no,,,no,no,2,54.46,1348.72,STATIC_ROAD_NETWORK
60658,"Hadapsar, Pune - IITM",18.5018,73.9275,Eastern Commercial / Mixed Suburban Corridor,855863686,residential,Unnamed,1,no,,,no,no,2,68.4,1379.87,STATIC_ROAD_NETWORK
60658,"Hadapsar, Pune - IITM",18.5018,73.9275,Eastern Commercial / Mixed Suburban Corridor,855880229,residential,Unnamed,1,no,,,no,no,4,143.61,1459.1,STATIC_ROAD_NETWORK
60658,"Hadapsar, Pune - IITM",18.5018,73.9275,Eastern Commercial / Mixed Suburban Corridor,856357263,residential,Unnamed,1,no,,,no,no,5,59.98,584.62,STATIC_ROAD_NETWORK
60658,"Hadapsar, Pune - IITM",18.5018,73.9275,Eastern Commercial / Mixed Suburban Corridor,856357265,residential,Unnamed,1,no,,,no,no,3,60.47,1308.85,STATIC_ROAD_NETWORK
60658,"Hadapsar, Pune - IITM",18.5018,73.9275,Eastern Commercial / Mixed Suburban Corridor,856357266,residential,Unnamed,1,no,,,no,no,2,12.23,1305.84,STATIC_ROAD_NETWORK
60658,"Hadapsar, Pune - IITM",18.5018,73.9275,Eastern Commercial / Mixed Suburban Corridor,856362374,residential,Unnamed,1,no,,,no,no,6,55.63,1350.68,STATIC_ROAD_NETWORK
60658,"Hadapsar, Pune - IITM",18.5018,73.9275,Eastern Commercial / Mixed Suburban Corridor,856362375,residential,Unnamed,1,no,,,no,no,8,82.25,1350.68,STATIC_ROAD_NETWORK
60658,"Hadapsar, Pune - IITM",18.5018,73.9275,Eastern Commercial / Mixed Suburban Corridor,856362376,residential,Unnamed,1,no,,,no,no,2,64.11,1146.15,STATIC_ROAD_NETWORK
60658,"Hadapsar, Pune - IITM",18.5018,73.9275,Eastern Commercial / Mixed Suburban Corridor,856362377,residential,Unnamed,1,no,,,no,no,2,98.27,1156.58,STATIC_ROAD_NETWORK
60658,"Hadapsar, Pune - IITM",18.5018,73.9275,Eastern Commercial / Mixed Suburban Corridor,856362378,residential,Unnamed,1,no,,,no,no,2,59.0,1031.71,STATIC_ROAD_NETWORK
60658,"Hadapsar, Pune - IITM",18.5018,73.9275,Eastern Commercial / Mixed Suburban Corridor,856362379,residential,Unnamed,1,no,,,no,no,4,56.29,925.8,STATIC_ROAD_NETWORK
60658,"Hadapsar, Pune - IITM",18.5018,73.9275,Eastern Commercial / Mixed Suburban Corridor,856633749,residential,Unnamed,1,no,,,no,no,3,89.2,1136.74,STATIC_ROAD_NETWORK
60658,"Hadapsar, Pune - IITM",18.5018,73.9275,Eastern Commercial / Mixed Suburban Corridor,856633759,residential,Unnamed,1,no,,,no,no,6,181.77,1444.66,STATIC_ROAD_NETWORK
60658,"Hadapsar, Pune - IITM",18.5018,73.9275,Eastern Commercial / Mixed Suburban Corridor,856642893,residential,Unnamed,1,no,,,no,no,6,59.74,1483.75,STATIC_ROAD_NETWORK
60658,"Hadapsar, Pune - IITM",18.5018,73.9275,Eastern Commercial / Mixed Suburban Corridor,856713447,residential,Unnamed,1,no,,,no,no,2,77.97,496.59,STATIC_ROAD_NETWORK
60658,"Hadapsar, Pune - IITM",18.5018,73.9275,Eastern Commercial / Mixed Suburban Corridor,856713457,residential,Unnamed,1,no,,,no,no,2,34.47,1458.55,STATIC_ROAD_NETWORK
60658,"Hadapsar, Pune - IITM",18.5018,73.9275,Eastern Commercial / Mixed Suburban Corridor,856713458,residential,Unnamed,1,no,,,no,no,3,131.21,1496.92,STATIC_ROAD_NETWORK
60658,"Hadapsar, Pune - IITM",18.5018,73.9275,Eastern Commercial / Mixed Suburban Corridor,856713460,residential,Unnamed,1,no,,,no,no,3,169.17,1398.32,STATIC_ROAD_NETWORK
60658,"Hadapsar, Pune - IITM",18.5018,73.9275,Eastern Commercial / Mixed Suburban Corridor,857006330,residential,Unnamed,1,no,,,no,no,3,130.09,1088.55,STATIC_ROAD_NETWORK
60658,"Hadapsar, Pune - IITM",18.5018,73.9275,Eastern Commercial / Mixed Suburban Corridor,857016317,residential,Unnamed,1,no,,,no,no,4,91.57,450.55,STATIC_ROAD_NETWORK
60658,"Hadapsar, Pune - IITM",18.5018,73.9275,Eastern Commercial / Mixed Suburban Corridor,857016318,residential,Unnamed,1,no,,,no,no,2,64.18,615.28,STATIC_ROAD_NETWORK
60658,"Hadapsar, Pune - IITM",18.5018,73.9275,Eastern Commercial / Mixed Suburban Corridor,857016319,residential,Unnamed,1,no,,,no,no,2,35.9,559.85,STATIC_ROAD_NETWORK
60658,"Hadapsar, Pune - IITM",18.5018,73.9275,Eastern Commercial / Mixed Suburban Corridor,857021160,residential,Unnamed,1,no,,,no,no,2,96.35,1078.01,STATIC_ROAD_NETWORK
60658,"Hadapsar, Pune - IITM",18.5018,73.9275,Eastern Commercial / Mixed Suburban Corridor,857021161,residential,Unnamed,1,no,,,no,no,3,76.4,1064.62,STATIC_ROAD_NETWORK
60658,"Hadapsar, Pune - IITM",18.5018,73.9275,Eastern Commercial / Mixed Suburban Corridor,857174326,tertiary,Unnamed,1,yes,,asphalt,yes,no,2,88.01,1128.22,STATIC_ROAD_NETWORK
60658,"Hadapsar, Pune - IITM",18.5018,73.9275,Eastern Commercial / Mixed Suburban Corridor,857956949,residential,Unnamed,1,no,,,no,no,4,52.05,1127.71,STATIC_ROAD_NETWORK
60658,"Hadapsar, Pune - IITM",18.5018,73.9275,Eastern Commercial / Mixed Suburban Corridor,857956950,residential,Unnamed,1,no,,,no,no,3,48.73,1115.6,STATIC_ROAD_NETWORK
60658,"Hadapsar, Pune - IITM",18.5018,73.9275,Eastern Commercial / Mixed Suburban Corridor,857956951,residential,Unnamed,1,no,,,no,no,3,41.02,651.27,STATIC_ROAD_NETWORK
60658,"Hadapsar, Pune - IITM",18.5018,73.9275,Eastern Commercial / Mixed Suburban Corridor,857970989,residential,Unnamed,1,no,,,no,no,3,97.27,432.21,STATIC_ROAD_NETWORK
60658,"Hadapsar, Pune - IITM",18.5018,73.9275,Eastern Commercial / Mixed Suburban Corridor,857970991,residential,Unnamed,1,no,,,yes,no,2,21.41,350.94,STATIC_ROAD_NETWORK
60658,"Hadapsar, Pune - IITM",18.5018,73.9275,Eastern Commercial / Mixed Suburban Corridor,857970992,residential,Unnamed,1,no,,,no,no,2,6.51,344.65,STATIC_ROAD_NETWORK
60658,"Hadapsar, Pune - IITM",18.5018,73.9275,Eastern Commercial / Mixed Suburban Corridor,858002769,residential,Unnamed,1,no,,,no,no,3,9.34,1330.81,STATIC_ROAD_NETWORK
60658,"Hadapsar, Pune - IITM",18.5018,73.9275,Eastern Commercial / Mixed Suburban Corridor,858432720,residential,Unnamed,1,no,,,no,no,2,58.19,607.81,STATIC_ROAD_NETWORK
60658,"Hadapsar, Pune - IITM",18.5018,73.9275,Eastern Commercial / Mixed Suburban Corridor,858432721,residential,Unnamed,1,no,,,no,no,7,65.87,516.67,STATIC_ROAD_NETWORK
60658,"Hadapsar, Pune - IITM",18.5018,73.9275,Eastern Commercial / Mixed Suburban Corridor,858432722,residential,Unnamed,1,no,,,no,no,2,85.62,557.11,STATIC_ROAD_NETWORK
60658,"Hadapsar, Pune - IITM",18.5018,73.9275,Eastern Commercial / Mixed Suburban Corridor,858450679,tertiary,Unnamed,1,no,,,no,no,10,242.06,1301.93,STATIC_ROAD_NETWORK
60658,"Hadapsar, Pune - IITM",18.5018,73.9275,Eastern Commercial / Mixed Suburban Corridor,858450681,residential,Unnamed,1,no,,,no,no,14,210.14,564.67,STATIC_ROAD_NETWORK
60658,"Hadapsar, Pune - IITM",18.5018,73.9275,Eastern Commercial / Mixed Suburban Corridor,858450682,residential,Unnamed,1,no,,,no,no,3,65.08,282.91,STATIC_ROAD_NETWORK
60658,"Hadapsar, Pune - IITM",18.5018,73.9275,Eastern Commercial / Mixed Suburban Corridor,858450683,residential,Unnamed,1,no,,,no,no,2,82.07,391.25,STATIC_ROAD_NETWORK
60658,"Hadapsar, Pune - IITM",18.5018,73.9275,Eastern Commercial / Mixed Suburban Corridor,858450689,residential,Unnamed,1,no,,,no,no,3,80.59,1430.28,STATIC_ROAD_NETWORK
60658,"Hadapsar, Pune - IITM",18.5018,73.9275,Eastern Commercial / Mixed Suburban Corridor,858521994,residential,KP Yallapa Pawar Marg,1,no,,,no,no,12,281.5,897.87,STATIC_ROAD_NETWORK
60658,"Hadapsar, Pune - IITM",18.5018,73.9275,Eastern Commercial / Mixed Suburban Corridor,858838104,residential,Unnamed,1,no,,,no,no,5,93.08,947.45,STATIC_ROAD_NETWORK
60658,"Hadapsar, Pune - IITM",18.5018,73.9275,Eastern Commercial / Mixed Suburban Corridor,959538710,trunk,Unnamed,1,yes,,,no,no,7,121.27,1175.52,STATIC_ROAD_NETWORK
60658,"Hadapsar, Pune - IITM",18.5018,73.9275,Eastern Commercial / Mixed Suburban Corridor,959538711,trunk,Unnamed,1,yes,,,no,no,3,20.5,1158.63,STATIC_ROAD_NETWORK
60658,"Hadapsar, Pune - IITM",18.5018,73.9275,Eastern Commercial / Mixed Suburban Corridor,959538713,trunk,Unnamed,1,yes,,,no,no,2,29.57,1158.63,STATIC_ROAD_NETWORK
60658,"Hadapsar, Pune - IITM",18.5018,73.9275,Eastern Commercial / Mixed Suburban Corridor,959538716,trunk,Unnamed,1,no,,,no,no,2,24.74,1158.63,STATIC_ROAD_NETWORK
60658,"Hadapsar, Pune - IITM",18.5018,73.9275,Eastern Commercial / Mixed Suburban Corridor,1040797543,residential,Unnamed,1,yes,,,no,yes,2,23.7,967.54,STATIC_ROAD_NETWORK
60658,"Hadapsar, Pune - IITM",18.5018,73.9275,Eastern Commercial / Mixed Suburban Corridor,1041379200,tertiary,Unnamed,1,yes,,,no,no,2,8.99,775.34,STATIC_ROAD_NETWORK
60658,"Hadapsar, Pune - IITM",18.5018,73.9275,Eastern Commercial / Mixed Suburban Corridor,1041379201,tertiary,Unnamed,1,yes,,,no,no,2,9.04,762.77,STATIC_ROAD_NETWORK
60658,"Hadapsar, Pune - IITM",18.5018,73.9275,Eastern Commercial / Mixed Suburban Corridor,1042824633,residential,Unnamed,1,no,,,no,no,6,227.95,793.01,STATIC_ROAD_NETWORK
60658,"Hadapsar, Pune - IITM",18.5018,73.9275,Eastern Commercial / Mixed Suburban Corridor,1055593492,residential,Unnamed,1,no,,,no,no,3,87.71,973.41,STATIC_ROAD_NETWORK
60658,"Hadapsar, Pune - IITM",18.5018,73.9275,Eastern Commercial / Mixed Suburban Corridor,1055593493,tertiary,Sasane Nagar Road,1,yes,,,no,no,26,778.26,870.38,STATIC_ROAD_NETWORK
60658,"Hadapsar, Pune - IITM",18.5018,73.9275,Eastern Commercial / Mixed Suburban Corridor,1055593495,residential,Unnamed,1,no,,,no,no,2,7.62,869.57,STATIC_ROAD_NETWORK
60658,"Hadapsar, Pune - IITM",18.5018,73.9275,Eastern Commercial / Mixed Suburban Corridor,1055593496,residential,Unnamed,1,no,,,no,no,2,7.44,968.99,STATIC_ROAD_NETWORK
60658,"Hadapsar, Pune - IITM",18.5018,73.9275,Eastern Commercial / Mixed Suburban Corridor,1055593497,residential,Unnamed,1,no,,,no,no,2,6.6,1061.04,STATIC_ROAD_NETWORK
60658,"Hadapsar, Pune - IITM",18.5018,73.9275,Eastern Commercial / Mixed Suburban Corridor,1055593498,residential,Unnamed,1,no,,,no,no,2,5.73,1158.88,STATIC_ROAD_NETWORK
60658,"Hadapsar, Pune - IITM",18.5018,73.9275,Eastern Commercial / Mixed Suburban Corridor,1055593499,tertiary,Unnamed,1,yes,,,no,no,2,7.84,1257.03,STATIC_ROAD_NETWORK
60658,"Hadapsar, Pune - IITM",18.5018,73.9275,Eastern Commercial / Mixed Suburban Corridor,1055593500,residential,Unnamed,1,no,,,no,no,2,8.27,1293.16,STATIC_ROAD_NETWORK
60658,"Hadapsar, Pune - IITM",18.5018,73.9275,Eastern Commercial / Mixed Suburban Corridor,1066014418,residential,Unnamed,1,no,,,no,no,20,289.51,1488.06,STATIC_ROAD_NETWORK
60658,"Hadapsar, Pune - IITM",18.5018,73.9275,Eastern Commercial / Mixed Suburban Corridor,1067900735,trunk,Kharadi Bypass,2,yes,,asphalt,no,no,2,32.46,384.12,STATIC_ROAD_NETWORK
60658,"Hadapsar, Pune - IITM",18.5018,73.9275,Eastern Commercial / Mixed Suburban Corridor,1069160103,tertiary,Unnamed,1,no,,,no,no,2,22.56,1025.26,STATIC_ROAD_NETWORK
60658,"Hadapsar, Pune - IITM",18.5018,73.9275,Eastern Commercial / Mixed Suburban Corridor,1074140520,residential,Unnamed,1,no,,,no,no,2,80.59,655.08,STATIC_ROAD_NETWORK
60658,"Hadapsar, Pune - IITM",18.5018,73.9275,Eastern Commercial / Mixed Suburban Corridor,1074140521,residential,Unnamed,1,no,,,no,yes,2,38.38,616.82,STATIC_ROAD_NETWORK
60658,"Hadapsar, Pune - IITM",18.5018,73.9275,Eastern Commercial / Mixed Suburban Corridor,1074571557,residential,Unnamed,1,no,,,no,no,4,51.2,113.05,STATIC_ROAD_NETWORK
60658,"Hadapsar, Pune - IITM",18.5018,73.9275,Eastern Commercial / Mixed Suburban Corridor,1083917980,trunk_link,Unnamed,1,no,,,no,no,2,22.09,120.24,STATIC_ROAD_NETWORK
60658,"Hadapsar, Pune - IITM",18.5018,73.9275,Eastern Commercial / Mixed Suburban Corridor,1084650994,residential,Unnamed,1,no,,asphalt,no,no,2,12.44,1218.86,STATIC_ROAD_NETWORK
60658,"Hadapsar, Pune - IITM",18.5018,73.9275,Eastern Commercial / Mixed Suburban Corridor,1085233481,residential,Unnamed,1,no,,,no,no,9,273.88,614.0,STATIC_ROAD_NETWORK
60658,"Hadapsar, Pune - IITM",18.5018,73.9275,Eastern Commercial / Mixed Suburban Corridor,1087560576,trunk,Unnamed,1,yes,,,no,no,4,114.82,1188.19,STATIC_ROAD_NETWORK
60658,"Hadapsar, Pune - IITM",18.5018,73.9275,Eastern Commercial / Mixed Suburban Corridor,1090706670,residential,Unnamed,1,no,,,no,no,8,228.73,1043.45,STATIC_ROAD_NETWORK
60658,"Hadapsar, Pune - IITM",18.5018,73.9275,Eastern Commercial / Mixed Suburban Corridor,1090706671,residential,Unnamed,1,no,,,no,no,4,61.36,1076.55,STATIC_ROAD_NETWORK
60658,"Hadapsar, Pune - IITM",18.5018,73.9275,Eastern Commercial / Mixed Suburban Corridor,1115958588,trunk,Solapur Road,1,yes,,,no,no,4,121.67,1462.35,STATIC_ROAD_NETWORK
60658,"Hadapsar, Pune - IITM",18.5018,73.9275,Eastern Commercial / Mixed Suburban Corridor,1117083237,residential,Unnamed,1,no,,,no,no,4,144.77,903.4,STATIC_ROAD_NETWORK
60658,"Hadapsar, Pune - IITM",18.5018,73.9275,Eastern Commercial / Mixed Suburban Corridor,1117083239,residential,Unnamed,1,no,,,no,no,5,49.63,1229.36,STATIC_ROAD_NETWORK
60658,"Hadapsar, Pune - IITM",18.5018,73.9275,Eastern Commercial / Mixed Suburban Corridor,1117083240,residential,Unnamed,1,no,,,no,no,12,169.83,1175.81,STATIC_ROAD_NETWORK
60658,"Hadapsar, Pune - IITM",18.5018,73.9275,Eastern Commercial / Mixed Suburban Corridor,1117083241,residential,Unnamed,1,no,,,no,no,9,191.36,1242.31,STATIC_ROAD_NETWORK
60658,"Hadapsar, Pune - IITM",18.5018,73.9275,Eastern Commercial / Mixed Suburban Corridor,1117083243,residential,Unnamed,1,no,,,no,no,2,54.94,1233.8,STATIC_ROAD_NETWORK
60658,"Hadapsar, Pune - IITM",18.5018,73.9275,Eastern Commercial / Mixed Suburban Corridor,1117085058,residential,Unnamed,1,no,,,no,no,3,79.87,1090.94,STATIC_ROAD_NETWORK
60658,"Hadapsar, Pune - IITM",18.5018,73.9275,Eastern Commercial / Mixed Suburban Corridor,1117085059,residential,Unnamed,1,no,,,no,no,6,72.24,1332.2,STATIC_ROAD_NETWORK
60658,"Hadapsar, Pune - IITM",18.5018,73.9275,Eastern Commercial / Mixed Suburban Corridor,1117086583,residential,Unnamed,1,no,,,no,no,9,285.71,780.09,STATIC_ROAD_NETWORK
60658,"Hadapsar, Pune - IITM",18.5018,73.9275,Eastern Commercial / Mixed Suburban Corridor,1117090448,residential,Unnamed,1,no,,,no,no,3,87.76,1131.71,STATIC_ROAD_NETWORK
60658,"Hadapsar, Pune - IITM",18.5018,73.9275,Eastern Commercial / Mixed Suburban Corridor,1117090449,residential,Unnamed,1,no,,,no,no,3,77.87,1218.91,STATIC_ROAD_NETWORK
60658,"Hadapsar, Pune - IITM",18.5018,73.9275,Eastern Commercial / Mixed Suburban Corridor,1117090450,residential,Unnamed,1,no,,,no,no,4,60.38,1340.33,STATIC_ROAD_NETWORK
60658,"Hadapsar, Pune - IITM",18.5018,73.9275,Eastern Commercial / Mixed Suburban Corridor,1117090451,residential,Unnamed,1,no,,,no,no,2,46.41,1349.05,STATIC_ROAD_NETWORK
60658,"Hadapsar, Pune - IITM",18.5018,73.9275,Eastern Commercial / Mixed Suburban Corridor,1117090799,residential,Unnamed,1,no,,,no,no,9,231.0,136.77,STATIC_ROAD_NETWORK
60658,"Hadapsar, Pune - IITM",18.5018,73.9275,Eastern Commercial / Mixed Suburban Corridor,1117090800,residential,Unnamed,1,no,,,no,no,2,37.35,209.35,STATIC_ROAD_NETWORK
60658,"Hadapsar, Pune - IITM",18.5018,73.9275,Eastern Commercial / Mixed Suburban Corridor,1117090801,residential,Unnamed,1,no,,,no,no,4,26.87,187.1,STATIC_ROAD_NETWORK
60658,"Hadapsar, Pune - IITM",18.5018,73.9275,Eastern Commercial / Mixed Suburban Corridor,1117125790,residential,Unnamed,1,no,,,no,no,2,30.54,623.76,STATIC_ROAD_NETWORK
60658,"Hadapsar, Pune - IITM",18.5018,73.9275,Eastern Commercial / Mixed Suburban Corridor,1117125791,residential,Unnamed,1,no,,,no,no,3,119.11,546.36,STATIC_ROAD_NETWORK
60658,"Hadapsar, Pune - IITM",18.5018,73.9275,Eastern Commercial / Mixed Suburban Corridor,1117722319,residential,Unnamed,1,no,,,no,no,5,170.38,643.61,STATIC_ROAD_NETWORK
60658,"Hadapsar, Pune - IITM",18.5018,73.9275,Eastern Commercial / Mixed Suburban Corridor,1117722838,residential,Unnamed,1,no,,,no,no,3,94.14,472.94,STATIC_ROAD_NETWORK
60658,"Hadapsar, Pune - IITM",18.5018,73.9275,Eastern Commercial / Mixed Suburban Corridor,1117723005,residential,Unnamed,1,no,,,no,no,7,111.77,1106.21,STATIC_ROAD_NETWORK
60658,"Hadapsar, Pune - IITM",18.5018,73.9275,Eastern Commercial / Mixed Suburban Corridor,1117723006,residential,Unnamed,1,no,,,no,no,2,66.86,798.98,STATIC_ROAD_NETWORK
60658,"Hadapsar, Pune - IITM",18.5018,73.9275,Eastern Commercial / Mixed Suburban Corridor,1117727571,residential,Unnamed,1,no,,,no,no,2,41.06,586.22,STATIC_ROAD_NETWORK
60658,"Hadapsar, Pune - IITM",18.5018,73.9275,Eastern Commercial / Mixed Suburban Corridor,1117727700,residential,Unnamed,1,no,,,no,no,2,21.07,839.39,STATIC_ROAD_NETWORK
60658,"Hadapsar, Pune - IITM",18.5018,73.9275,Eastern Commercial / Mixed Suburban Corridor,1117732462,residential,Unnamed,1,no,,,no,no,4,63.26,592.23,STATIC_ROAD_NETWORK
60658,"Hadapsar, Pune - IITM",18.5018,73.9275,Eastern Commercial / Mixed Suburban Corridor,1117732464,residential,Unnamed,1,no,,,no,no,2,77.47,163.12,STATIC_ROAD_NETWORK
60658,"Hadapsar, Pune - IITM",18.5018,73.9275,Eastern Commercial / Mixed Suburban Corridor,1117733314,residential,Unnamed,1,no,,,no,no,5,88.07,257.8,STATIC_ROAD_NETWORK
60658,"Hadapsar, Pune - IITM",18.5018,73.9275,Eastern Commercial / Mixed Suburban Corridor,1117733468,residential,Unnamed,1,no,,,no,no,2,98.53,396.11,STATIC_ROAD_NETWORK
60658,"Hadapsar, Pune - IITM",18.5018,73.9275,Eastern Commercial / Mixed Suburban Corridor,1117734010,residential,Unnamed,1,no,,,no,no,3,64.85,1317.8,STATIC_ROAD_NETWORK
60658,"Hadapsar, Pune - IITM",18.5018,73.9275,Eastern Commercial / Mixed Suburban Corridor,1117734011,residential,Unnamed,1,no,,,no,no,3,114.79,1210.46,STATIC_ROAD_NETWORK
60658,"Hadapsar, Pune - IITM",18.5018,73.9275,Eastern Commercial / Mixed Suburban Corridor,1117734012,residential,Unnamed,1,no,,,no,no,2,106.71,1223.19,STATIC_ROAD_NETWORK
60658,"Hadapsar, Pune - IITM",18.5018,73.9275,Eastern Commercial / Mixed Suburban Corridor,1117735664,residential,Unnamed,1,no,,,no,no,2,68.74,315.53,STATIC_ROAD_NETWORK
60658,"Hadapsar, Pune - IITM",18.5018,73.9275,Eastern Commercial / Mixed Suburban Corridor,1117735666,residential,Unnamed,1,no,,,no,no,2,49.67,449.56,STATIC_ROAD_NETWORK
60658,"Hadapsar, Pune - IITM",18.5018,73.9275,Eastern Commercial / Mixed Suburban Corridor,1117735667,residential,Unnamed,1,no,,,no,no,2,39.01,465.73,STATIC_ROAD_NETWORK
60658,"Hadapsar, Pune - IITM",18.5018,73.9275,Eastern Commercial / Mixed Suburban Corridor,1117736873,residential,Unnamed,1,no,,,no,no,3,87.75,878.39,STATIC_ROAD_NETWORK
60658,"Hadapsar, Pune - IITM",18.5018,73.9275,Eastern Commercial / Mixed Suburban Corridor,1117736875,residential,Unnamed,1,no,,,no,no,3,173.81,526.14,STATIC_ROAD_NETWORK
60658,"Hadapsar, Pune - IITM",18.5018,73.9275,Eastern Commercial / Mixed Suburban Corridor,1117736876,residential,Unnamed,1,no,,,no,no,2,38.61,160.02,STATIC_ROAD_NETWORK
60658,"Hadapsar, Pune - IITM",18.5018,73.9275,Eastern Commercial / Mixed Suburban Corridor,1117738482,residential,Unnamed,1,no,,,no,no,2,99.38,571.57,STATIC_ROAD_NETWORK
60658,"Hadapsar, Pune - IITM",18.5018,73.9275,Eastern Commercial / Mixed Suburban Corridor,1117743243,residential,Unnamed,1,no,,,no,no,2,44.21,1020.11,STATIC_ROAD_NETWORK
60658,"Hadapsar, Pune - IITM",18.5018,73.9275,Eastern Commercial / Mixed Suburban Corridor,1117743244,residential,Unnamed,1,no,,,no,no,3,130.77,1357.04,STATIC_ROAD_NETWORK
60658,"Hadapsar, Pune - IITM",18.5018,73.9275,Eastern Commercial / Mixed Suburban Corridor,1117744377,residential,Unnamed,1,no,,,no,no,2,62.21,1226.51,STATIC_ROAD_NETWORK
60658,"Hadapsar, Pune - IITM",18.5018,73.9275,Eastern Commercial / Mixed Suburban Corridor,1117744945,residential,Unnamed,1,no,,,no,no,3,74.2,492.49,STATIC_ROAD_NETWORK
60658,"Hadapsar, Pune - IITM",18.5018,73.9275,Eastern Commercial / Mixed Suburban Corridor,1117744947,residential,Unnamed,1,no,,,no,no,4,62.17,315.17,STATIC_ROAD_NETWORK
60658,"Hadapsar, Pune - IITM",18.5018,73.9275,Eastern Commercial / Mixed Suburban Corridor,1117747355,residential,Unnamed,1,no,,,no,no,4,76.14,682.07,STATIC_ROAD_NETWORK
60658,"Hadapsar, Pune - IITM",18.5018,73.9275,Eastern Commercial / Mixed Suburban Corridor,1117754474,residential,Unnamed,1,no,,,no,no,3,121.85,966.12,STATIC_ROAD_NETWORK
60658,"Hadapsar, Pune - IITM",18.5018,73.9275,Eastern Commercial / Mixed Suburban Corridor,1117754911,residential,Unnamed,1,no,,,no,no,2,46.11,675.86,STATIC_ROAD_NETWORK
60658,"Hadapsar, Pune - IITM",18.5018,73.9275,Eastern Commercial / Mixed Suburban Corridor,1117754912,residential,Unnamed,1,no,,,no,no,3,94.9,1120.11,STATIC_ROAD_NETWORK
60658,"Hadapsar, Pune - IITM",18.5018,73.9275,Eastern Commercial / Mixed Suburban Corridor,1117754913,residential,Unnamed,1,no,,,no,no,4,76.37,1116.74,STATIC_ROAD_NETWORK
60658,"Hadapsar, Pune - IITM",18.5018,73.9275,Eastern Commercial / Mixed Suburban Corridor,1117779716,residential,Unnamed,1,no,,,no,no,3,40.81,947.45,STATIC_ROAD_NETWORK
60658,"Hadapsar, Pune - IITM",18.5018,73.9275,Eastern Commercial / Mixed Suburban Corridor,1117779717,residential,Unnamed,1,no,,,no,no,4,75.88,967.63,STATIC_ROAD_NETWORK
60658,"Hadapsar, Pune - IITM",18.5018,73.9275,Eastern Commercial / Mixed Suburban Corridor,1117779718,residential,Unnamed,1,no,,,no,no,7,174.14,673.3,STATIC_ROAD_NETWORK
60658,"Hadapsar, Pune - IITM",18.5018,73.9275,Eastern Commercial / Mixed Suburban Corridor,1117779719,residential,Unnamed,1,no,,,no,no,5,119.72,702.13,STATIC_ROAD_NETWORK
60658,"Hadapsar, Pune - IITM",18.5018,73.9275,Eastern Commercial / Mixed Suburban Corridor,1117779720,residential,Unnamed,1,no,,,no,no,2,43.03,743.98,STATIC_ROAD_NETWORK
60658,"Hadapsar, Pune - IITM",18.5018,73.9275,Eastern Commercial / Mixed Suburban Corridor,1117781320,living_street,Unnamed,1,no,,,no,no,2,43.32,896.6,STATIC_ROAD_NETWORK
60658,"Hadapsar, Pune - IITM",18.5018,73.9275,Eastern Commercial / Mixed Suburban Corridor,1117785823,residential,Unnamed,1,no,,,no,no,7,165.47,1289.52,STATIC_ROAD_NETWORK
60658,"Hadapsar, Pune - IITM",18.5018,73.9275,Eastern Commercial / Mixed Suburban Corridor,1117785824,residential,Unnamed,1,no,,,no,no,5,116.36,1330.85,STATIC_ROAD_NETWORK
60658,"Hadapsar, Pune - IITM",18.5018,73.9275,Eastern Commercial / Mixed Suburban Corridor,1117785825,residential,Unnamed,1,no,,,no,no,3,49.76,1348.3,STATIC_ROAD_NETWORK
60658,"Hadapsar, Pune - IITM",18.5018,73.9275,Eastern Commercial / Mixed Suburban Corridor,1117788766,residential,Unnamed,1,no,,,no,no,9,174.19,1207.8,STATIC_ROAD_NETWORK
60658,"Hadapsar, Pune - IITM",18.5018,73.9275,Eastern Commercial / Mixed Suburban Corridor,1117788768,residential,Unnamed,1,no,,,no,no,2,27.57,1274.06,STATIC_ROAD_NETWORK
60658,"Hadapsar, Pune - IITM",18.5018,73.9275,Eastern Commercial / Mixed Suburban Corridor,1117788769,residential,Unnamed,1,no,,,no,no,2,24.54,1311.48,STATIC_ROAD_NETWORK
60658,"Hadapsar, Pune - IITM",18.5018,73.9275,Eastern Commercial / Mixed Suburban Corridor,1117788770,residential,Unnamed,1,no,,,no,no,5,109.93,1220.96,STATIC_ROAD_NETWORK
60658,"Hadapsar, Pune - IITM",18.5018,73.9275,Eastern Commercial / Mixed Suburban Corridor,1117788771,residential,Unnamed,1,no,,,no,no,2,17.9,1326.97,STATIC_ROAD_NETWORK
60658,"Hadapsar, Pune - IITM",18.5018,73.9275,Eastern Commercial / Mixed Suburban Corridor,1117789460,residential,Unnamed,1,no,,,no,no,2,47.41,1470.1,STATIC_ROAD_NETWORK
60658,"Hadapsar, Pune - IITM",18.5018,73.9275,Eastern Commercial / Mixed Suburban Corridor,1117789461,residential,Unnamed,1,no,,,no,no,2,44.03,1434.74,STATIC_ROAD_NETWORK
60658,"Hadapsar, Pune - IITM",18.5018,73.9275,Eastern Commercial / Mixed Suburban Corridor,1117789462,residential,Unnamed,1,no,,,no,no,2,45.13,1396.57,STATIC_ROAD_NETWORK
60658,"Hadapsar, Pune - IITM",18.5018,73.9275,Eastern Commercial / Mixed Suburban Corridor,1117789463,residential,Unnamed,1,no,,,no,no,2,45.22,1363.69,STATIC_ROAD_NETWORK
60658,"Hadapsar, Pune - IITM",18.5018,73.9275,Eastern Commercial / Mixed Suburban Corridor,1117789464,residential,Unnamed,1,no,,,no,no,2,45.23,1327.22,STATIC_ROAD_NETWORK
60658,"Hadapsar, Pune - IITM",18.5018,73.9275,Eastern Commercial / Mixed Suburban Corridor,1117789465,residential,Unnamed,1,no,,,no,no,2,46.9,1291.21,STATIC_ROAD_NETWORK
60658,"Hadapsar, Pune - IITM",18.5018,73.9275,Eastern Commercial / Mixed Suburban Corridor,1117789466,residential,Unnamed,1,no,,,no,no,5,200.62,1106.93,STATIC_ROAD_NETWORK
60658,"Hadapsar, Pune - IITM",18.5018,73.9275,Eastern Commercial / Mixed Suburban Corridor,1117792080,residential,Unnamed,1,no,,,no,no,2,28.29,1250.57,STATIC_ROAD_NETWORK
60658,"Hadapsar, Pune - IITM",18.5018,73.9275,Eastern Commercial / Mixed Suburban Corridor,1117795264,residential,Unnamed,1,no,,,no,no,2,56.45,863.72,STATIC_ROAD_NETWORK
60658,"Hadapsar, Pune - IITM",18.5018,73.9275,Eastern Commercial / Mixed Suburban Corridor,1117795265,residential,Unnamed,1,no,,,no,no,2,57.82,875.84,STATIC_ROAD_NETWORK
60658,"Hadapsar, Pune - IITM",18.5018,73.9275,Eastern Commercial / Mixed Suburban Corridor,1117797327,residential,Unnamed,1,no,,,no,no,2,34.95,1438.52,STATIC_ROAD_NETWORK
60658,"Hadapsar, Pune - IITM",18.5018,73.9275,Eastern Commercial / Mixed Suburban Corridor,1117797876,residential,Unnamed,1,no,,,no,no,6,135.67,1374.38,STATIC_ROAD_NETWORK
60658,"Hadapsar, Pune - IITM",18.5018,73.9275,Eastern Commercial / Mixed Suburban Corridor,1117797877,residential,Unnamed,1,no,,,no,no,2,68.44,1357.67,STATIC_ROAD_NETWORK
60658,"Hadapsar, Pune - IITM",18.5018,73.9275,Eastern Commercial / Mixed Suburban Corridor,1117799534,residential,Unnamed,1,no,,,no,no,2,68.63,1495.08,STATIC_ROAD_NETWORK
60658,"Hadapsar, Pune - IITM",18.5018,73.9275,Eastern Commercial / Mixed Suburban Corridor,1117800474,residential,Unnamed,1,no,,,no,no,3,140.42,1463.89,STATIC_ROAD_NETWORK
60658,"Hadapsar, Pune - IITM",18.5018,73.9275,Eastern Commercial / Mixed Suburban Corridor,1117962832,residential,Unnamed,1,no,,,no,no,6,343.56,1033.58,STATIC_ROAD_NETWORK
60658,"Hadapsar, Pune - IITM",18.5018,73.9275,Eastern Commercial / Mixed Suburban Corridor,1117963098,residential,Unnamed,1,no,,,no,no,2,107.94,1427.97,STATIC_ROAD_NETWORK
60658,"Hadapsar, Pune - IITM",18.5018,73.9275,Eastern Commercial / Mixed Suburban Corridor,1117963926,residential,Unnamed,1,no,,,no,no,2,32.38,1374.73,STATIC_ROAD_NETWORK
60658,"Hadapsar, Pune - IITM",18.5018,73.9275,Eastern Commercial / Mixed Suburban Corridor,1117970829,residential,Unnamed,1,no,,,no,no,2,29.95,359.64,STATIC_ROAD_NETWORK
60658,"Hadapsar, Pune - IITM",18.5018,73.9275,Eastern Commercial / Mixed Suburban Corridor,1117970830,residential,Unnamed,1,no,,,no,no,2,29.41,353.48,STATIC_ROAD_NETWORK
60658,"Hadapsar, Pune - IITM",18.5018,73.9275,Eastern Commercial / Mixed Suburban Corridor,1117972034,residential,Unnamed,1,no,,,no,no,2,40.16,1357.38,STATIC_ROAD_NETWORK
60658,"Hadapsar, Pune - IITM",18.5018,73.9275,Eastern Commercial / Mixed Suburban Corridor,1117972832,residential,Unnamed,1,no,,,no,no,4,50.2,577.04,STATIC_ROAD_NETWORK
60658,"Hadapsar, Pune - IITM",18.5018,73.9275,Eastern Commercial / Mixed Suburban Corridor,1117972833,residential,Unnamed,1,no,,,no,no,2,54.53,626.16,STATIC_ROAD_NETWORK
60658,"Hadapsar, Pune - IITM",18.5018,73.9275,Eastern Commercial / Mixed Suburban Corridor,1117972834,residential,Unnamed,1,no,,,no,no,2,43.72,610.99,STATIC_ROAD_NETWORK
60658,"Hadapsar, Pune - IITM",18.5018,73.9275,Eastern Commercial / Mixed Suburban Corridor,1117972835,residential,Unnamed,1,no,,,no,no,2,45.78,597.42,STATIC_ROAD_NETWORK
60658,"Hadapsar, Pune - IITM",18.5018,73.9275,Eastern Commercial / Mixed Suburban Corridor,1117972836,residential,Unnamed,1,no,,,no,no,4,55.04,622.26,STATIC_ROAD_NETWORK
60658,"Hadapsar, Pune - IITM",18.5018,73.9275,Eastern Commercial / Mixed Suburban Corridor,1117972837,residential,Unnamed,1,no,,,no,no,4,56.01,615.53,STATIC_ROAD_NETWORK
60658,"Hadapsar, Pune - IITM",18.5018,73.9275,Eastern Commercial / Mixed Suburban Corridor,1117972838,residential,Unnamed,1,no,,,no,no,2,48.66,634.08,STATIC_ROAD_NETWORK
60658,"Hadapsar, Pune - IITM",18.5018,73.9275,Eastern Commercial / Mixed Suburban Corridor,1117972839,residential,Unnamed,1,no,,,no,no,2,48.66,648.01,STATIC_ROAD_NETWORK
60658,"Hadapsar, Pune - IITM",18.5018,73.9275,Eastern Commercial / Mixed Suburban Corridor,1117972840,residential,Unnamed,1,no,,,no,no,4,48.02,566.67,STATIC_ROAD_NETWORK
60658,"Hadapsar, Pune - IITM",18.5018,73.9275,Eastern Commercial / Mixed Suburban Corridor,1117972841,residential,Unnamed,1,no,,,no,no,4,48.81,572.02,STATIC_ROAD_NETWORK
60658,"Hadapsar, Pune - IITM",18.5018,73.9275,Eastern Commercial / Mixed Suburban Corridor,1117972842,residential,Unnamed,1,no,,,no,no,2,47.18,584.44,STATIC_ROAD_NETWORK
60658,"Hadapsar, Pune - IITM",18.5018,73.9275,Eastern Commercial / Mixed Suburban Corridor,1117972843,residential,Unnamed,1,no,,,no,no,2,46.78,596.66,STATIC_ROAD_NETWORK
60658,"Hadapsar, Pune - IITM",18.5018,73.9275,Eastern Commercial / Mixed Suburban Corridor,1117972844,residential,Unnamed,1,no,,,no,no,2,47.61,565.9,STATIC_ROAD_NETWORK
60658,"Hadapsar, Pune - IITM",18.5018,73.9275,Eastern Commercial / Mixed Suburban Corridor,1117972845,residential,Unnamed,1,no,,,no,no,4,47.2,565.59,STATIC_ROAD_NETWORK
60658,"Hadapsar, Pune - IITM",18.5018,73.9275,Eastern Commercial / Mixed Suburban Corridor,1117972846,residential,Unnamed,1,no,,,no,no,4,48.41,564.67,STATIC_ROAD_NETWORK
60658,"Hadapsar, Pune - IITM",18.5018,73.9275,Eastern Commercial / Mixed Suburban Corridor,1117972847,residential,Unnamed,1,no,,,no,no,2,45.11,583.26,STATIC_ROAD_NETWORK
60658,"Hadapsar, Pune - IITM",18.5018,73.9275,Eastern Commercial / Mixed Suburban Corridor,1117972848,residential,Unnamed,1,no,,,no,no,2,45.22,597.06,STATIC_ROAD_NETWORK
60658,"Hadapsar, Pune - IITM",18.5018,73.9275,Eastern Commercial / Mixed Suburban Corridor,1117972981,residential,Unnamed,1,no,,,no,no,2,49.09,565.09,STATIC_ROAD_NETWORK
60658,"Hadapsar, Pune - IITM",18.5018,73.9275,Eastern Commercial / Mixed Suburban Corridor,1117972982,residential,Unnamed,1,no,,,no,no,3,85.98,616.02,STATIC_ROAD_NETWORK
60658,"Hadapsar, Pune - IITM",18.5018,73.9275,Eastern Commercial / Mixed Suburban Corridor,1117973517,residential,Unnamed,1,no,,,no,no,2,54.45,1334.32,STATIC_ROAD_NETWORK
60658,"Hadapsar, Pune - IITM",18.5018,73.9275,Eastern Commercial / Mixed Suburban Corridor,1117974243,residential,Unnamed,1,no,,,no,no,4,73.44,809.23,STATIC_ROAD_NETWORK
60658,"Hadapsar, Pune - IITM",18.5018,73.9275,Eastern Commercial / Mixed Suburban Corridor,1117974244,residential,Unnamed,1,no,,,no,no,2,59.1,671.71,STATIC_ROAD_NETWORK
60658,"Hadapsar, Pune - IITM",18.5018,73.9275,Eastern Commercial / Mixed Suburban Corridor,1117974246,residential,Unnamed,1,no,,,no,no,4,167.23,1069.08,STATIC_ROAD_NETWORK
60658,"Hadapsar, Pune - IITM",18.5018,73.9275,Eastern Commercial / Mixed Suburban Corridor,1117974247,residential,Unnamed,1,no,,,no,no,2,45.38,1081.02,STATIC_ROAD_NETWORK
60658,"Hadapsar, Pune - IITM",18.5018,73.9275,Eastern Commercial / Mixed Suburban Corridor,1117975010,residential,Unnamed,1,no,,,no,no,2,55.25,497.01,STATIC_ROAD_NETWORK
60658,"Hadapsar, Pune - IITM",18.5018,73.9275,Eastern Commercial / Mixed Suburban Corridor,1117976439,residential,Unnamed,1,no,,,no,no,4,44.44,770.26,STATIC_ROAD_NETWORK
60658,"Hadapsar, Pune - IITM",18.5018,73.9275,Eastern Commercial / Mixed Suburban Corridor,1118319000,residential,Unnamed,1,no,,,no,no,6,136.03,1442.84,STATIC_ROAD_NETWORK
60658,"Hadapsar, Pune - IITM",18.5018,73.9275,Eastern Commercial / Mixed Suburban Corridor,1118319001,residential,Unnamed,1,no,,,no,no,2,58.86,1472.49,STATIC_ROAD_NETWORK
60658,"Hadapsar, Pune - IITM",18.5018,73.9275,Eastern Commercial / Mixed Suburban Corridor,1118319002,residential,Unnamed,1,no,,,no,no,5,58.62,1495.91,STATIC_ROAD_NETWORK
60658,"Hadapsar, Pune - IITM",18.5018,73.9275,Eastern Commercial / Mixed Suburban Corridor,1118319003,residential,Unnamed,1,no,,,no,no,7,48.56,1450.61,STATIC_ROAD_NETWORK
60658,"Hadapsar, Pune - IITM",18.5018,73.9275,Eastern Commercial / Mixed Suburban Corridor,1118319004,residential,Unnamed,1,no,,,no,no,6,51.64,1496.18,STATIC_ROAD_NETWORK
60658,"Hadapsar, Pune - IITM",18.5018,73.9275,Eastern Commercial / Mixed Suburban Corridor,1118319005,residential,Unnamed,1,no,,,no,no,6,78.17,1497.9,STATIC_ROAD_NETWORK
60658,"Hadapsar, Pune - IITM",18.5018,73.9275,Eastern Commercial / Mixed Suburban Corridor,1118319006,residential,Unnamed,1,no,,,no,no,4,35.37,1471.52,STATIC_ROAD_NETWORK
60658,"Hadapsar, Pune - IITM",18.5018,73.9275,Eastern Commercial / Mixed Suburban Corridor,1118319007,residential,Unnamed,1,no,,,no,no,4,47.77,1425.04,STATIC_ROAD_NETWORK
60658,"Hadapsar, Pune - IITM",18.5018,73.9275,Eastern Commercial / Mixed Suburban Corridor,1118319008,residential,Unnamed,1,no,,,no,no,2,25.08,1385.73,STATIC_ROAD_NETWORK
60658,"Hadapsar, Pune - IITM",18.5018,73.9275,Eastern Commercial / Mixed Suburban Corridor,1118319435,residential,Unnamed,1,no,,,no,no,6,44.91,1361.02,STATIC_ROAD_NETWORK
60658,"Hadapsar, Pune - IITM",18.5018,73.9275,Eastern Commercial / Mixed Suburban Corridor,1118319436,residential,Unnamed,1,no,,,no,no,3,48.44,1218.6,STATIC_ROAD_NETWORK
60658,"Hadapsar, Pune - IITM",18.5018,73.9275,Eastern Commercial / Mixed Suburban Corridor,1118323706,residential,Unnamed,1,no,,,no,no,3,38.56,1128.64,STATIC_ROAD_NETWORK
60658,"Hadapsar, Pune - IITM",18.5018,73.9275,Eastern Commercial / Mixed Suburban Corridor,1118323707,residential,Unnamed,1,no,,,no,no,2,105.9,1140.06,STATIC_ROAD_NETWORK
60658,"Hadapsar, Pune - IITM",18.5018,73.9275,Eastern Commercial / Mixed Suburban Corridor,1118323710,residential,Unnamed,1,no,,,no,no,2,127.38,538.97,STATIC_ROAD_NETWORK
60658,"Hadapsar, Pune - IITM",18.5018,73.9275,Eastern Commercial / Mixed Suburban Corridor,1118323711,residential,Unnamed,1,no,,,no,no,3,115.53,523.21,STATIC_ROAD_NETWORK
60658,"Hadapsar, Pune - IITM",18.5018,73.9275,Eastern Commercial / Mixed Suburban Corridor,1118323712,residential,Unnamed,1,no,,,no,no,10,104.51,490.85,STATIC_ROAD_NETWORK
60658,"Hadapsar, Pune - IITM",18.5018,73.9275,Eastern Commercial / Mixed Suburban Corridor,1118323713,residential,Unnamed,1,no,,,no,no,2,52.14,518.87,STATIC_ROAD_NETWORK
60658,"Hadapsar, Pune - IITM",18.5018,73.9275,Eastern Commercial / Mixed Suburban Corridor,1118323714,residential,Unnamed,1,no,,,no,no,6,125.9,640.59,STATIC_ROAD_NETWORK
60658,"Hadapsar, Pune - IITM",18.5018,73.9275,Eastern Commercial / Mixed Suburban Corridor,1118323715,residential,Unnamed,1,no,,,no,no,5,71.19,685.6,STATIC_ROAD_NETWORK
60658,"Hadapsar, Pune - IITM",18.5018,73.9275,Eastern Commercial / Mixed Suburban Corridor,1118323716,residential,Unnamed,1,no,,,no,no,2,56.28,717.81,STATIC_ROAD_NETWORK
60658,"Hadapsar, Pune - IITM",18.5018,73.9275,Eastern Commercial / Mixed Suburban Corridor,1118324276,residential,Unnamed,1,no,,,no,no,3,108.64,805.32,STATIC_ROAD_NETWORK
60658,"Hadapsar, Pune - IITM",18.5018,73.9275,Eastern Commercial / Mixed Suburban Corridor,1118324277,residential,Unnamed,1,no,,,no,no,2,17.22,767.51,STATIC_ROAD_NETWORK
60658,"Hadapsar, Pune - IITM",18.5018,73.9275,Eastern Commercial / Mixed Suburban Corridor,1118324278,residential,Unnamed,1,no,,,no,no,5,81.84,742.8,STATIC_ROAD_NETWORK
60658,"Hadapsar, Pune - IITM",18.5018,73.9275,Eastern Commercial / Mixed Suburban Corridor,1118324279,residential,Unnamed,1,no,,,no,no,2,23.62,742.8,STATIC_ROAD_NETWORK
60658,"Hadapsar, Pune - IITM",18.5018,73.9275,Eastern Commercial / Mixed Suburban Corridor,1118324280,residential,Unnamed,1,no,,,no,no,2,24.26,743.13,STATIC_ROAD_NETWORK
60658,"Hadapsar, Pune - IITM",18.5018,73.9275,Eastern Commercial / Mixed Suburban Corridor,1118325515,residential,Unnamed,1,no,,,no,no,6,64.46,903.28,STATIC_ROAD_NETWORK
60658,"Hadapsar, Pune - IITM",18.5018,73.9275,Eastern Commercial / Mixed Suburban Corridor,1118325516,residential,Unnamed,1,no,,,no,no,4,83.11,910.83,STATIC_ROAD_NETWORK
60658,"Hadapsar, Pune - IITM",18.5018,73.9275,Eastern Commercial / Mixed Suburban Corridor,1118325517,living_street,Unnamed,1,no,,,no,no,2,41.08,871.77,STATIC_ROAD_NETWORK
60658,"Hadapsar, Pune - IITM",18.5018,73.9275,Eastern Commercial / Mixed Suburban Corridor,1118325518,living_street,Unnamed,1,no,,,no,no,2,18.45,870.2,STATIC_ROAD_NETWORK
60658,"Hadapsar, Pune - IITM",18.5018,73.9275,Eastern Commercial / Mixed Suburban Corridor,1118325519,residential,Unnamed,1,no,,,no,no,4,62.93,775.04,STATIC_ROAD_NETWORK
60658,"Hadapsar, Pune - IITM",18.5018,73.9275,Eastern Commercial / Mixed Suburban Corridor,1118325520,residential,Unnamed,1,no,,,no,no,2,20.36,777.91,STATIC_ROAD_NETWORK
60658,"Hadapsar, Pune - IITM",18.5018,73.9275,Eastern Commercial / Mixed Suburban Corridor,1118325521,residential,Unnamed,1,no,,,no,no,2,20.0,766.12,STATIC_ROAD_NETWORK
60658,"Hadapsar, Pune - IITM",18.5018,73.9275,Eastern Commercial / Mixed Suburban Corridor,1118325522,residential,Unnamed,1,no,,,no,no,11,237.96,520.53,STATIC_ROAD_NETWORK
60658,"Hadapsar, Pune - IITM",18.5018,73.9275,Eastern Commercial / Mixed Suburban Corridor,1118325523,residential,Unnamed,1,no,,,no,no,3,71.82,497.43,STATIC_ROAD_NETWORK
60658,"Hadapsar, Pune - IITM",18.5018,73.9275,Eastern Commercial / Mixed Suburban Corridor,1118325524,residential,Unnamed,1,no,,,no,no,3,106.6,452.86,STATIC_ROAD_NETWORK
60658,"Hadapsar, Pune - IITM",18.5018,73.9275,Eastern Commercial / Mixed Suburban Corridor,1118328317,residential,Unnamed,1,no,,,no,no,7,176.82,695.32,STATIC_ROAD_NETWORK
60658,"Hadapsar, Pune - IITM",18.5018,73.9275,Eastern Commercial / Mixed Suburban Corridor,1118328318,residential,Unnamed,1,no,,,no,no,3,86.11,722.72,STATIC_ROAD_NETWORK
60658,"Hadapsar, Pune - IITM",18.5018,73.9275,Eastern Commercial / Mixed Suburban Corridor,1118328322,residential,Unnamed,1,no,,,no,no,3,75.09,756.79,STATIC_ROAD_NETWORK
60658,"Hadapsar, Pune - IITM",18.5018,73.9275,Eastern Commercial / Mixed Suburban Corridor,1118553514,residential,Unnamed,1,no,,,no,no,2,57.78,1231.97,STATIC_ROAD_NETWORK
60658,"Hadapsar, Pune - IITM",18.5018,73.9275,Eastern Commercial / Mixed Suburban Corridor,1118553516,residential,Unnamed,1,no,,asphalt,no,no,3,46.43,1221.77,STATIC_ROAD_NETWORK
60658,"Hadapsar, Pune - IITM",18.5018,73.9275,Eastern Commercial / Mixed Suburban Corridor,1118553517,residential,Unnamed,1,no,,,no,no,2,34.36,1208.78,STATIC_ROAD_NETWORK
60658,"Hadapsar, Pune - IITM",18.5018,73.9275,Eastern Commercial / Mixed Suburban Corridor,1118553522,residential,Unnamed,1,no,,,no,no,8,110.15,818.37,STATIC_ROAD_NETWORK
60658,"Hadapsar, Pune - IITM",18.5018,73.9275,Eastern Commercial / Mixed Suburban Corridor,1118558088,residential,Unnamed,1,no,,,no,no,3,68.47,862.44,STATIC_ROAD_NETWORK
60658,"Hadapsar, Pune - IITM",18.5018,73.9275,Eastern Commercial / Mixed Suburban Corridor,1118558089,residential,Unnamed,1,no,,,no,no,2,52.53,573.26,STATIC_ROAD_NETWORK
60658,"Hadapsar, Pune - IITM",18.5018,73.9275,Eastern Commercial / Mixed Suburban Corridor,1118558090,residential,Unnamed,1,no,,,no,no,4,158.33,508.45,STATIC_ROAD_NETWORK
60658,"Hadapsar, Pune - IITM",18.5018,73.9275,Eastern Commercial / Mixed Suburban Corridor,1120084652,residential,Unnamed,1,no,,,no,no,2,188.08,1065.11,STATIC_ROAD_NETWORK
60658,"Hadapsar, Pune - IITM",18.5018,73.9275,Eastern Commercial / Mixed Suburban Corridor,1120084656,residential,Unnamed,1,no,,,no,no,10,115.81,535.29,STATIC_ROAD_NETWORK
60658,"Hadapsar, Pune - IITM",18.5018,73.9275,Eastern Commercial / Mixed Suburban Corridor,1120084657,residential,Unnamed,1,no,,,no,no,2,29.91,603.62,STATIC_ROAD_NETWORK
60658,"Hadapsar, Pune - IITM",18.5018,73.9275,Eastern Commercial / Mixed Suburban Corridor,1120084658,residential,Unnamed,1,no,,,no,no,3,90.79,542.44,STATIC_ROAD_NETWORK
60658,"Hadapsar, Pune - IITM",18.5018,73.9275,Eastern Commercial / Mixed Suburban Corridor,1120084659,residential,Unnamed,1,no,,,no,no,6,101.03,564.12,STATIC_ROAD_NETWORK
60658,"Hadapsar, Pune - IITM",18.5018,73.9275,Eastern Commercial / Mixed Suburban Corridor,1120084660,residential,Unnamed,1,no,,,no,no,2,28.43,590.6,STATIC_ROAD_NETWORK
60658,"Hadapsar, Pune - IITM",18.5018,73.9275,Eastern Commercial / Mixed Suburban Corridor,1120084661,residential,Unnamed,1,no,,,no,no,2,42.72,559.02,STATIC_ROAD_NETWORK
60658,"Hadapsar, Pune - IITM",18.5018,73.9275,Eastern Commercial / Mixed Suburban Corridor,1120492628,residential,Unnamed,1,no,,,no,no,2,36.04,1151.75,STATIC_ROAD_NETWORK
60658,"Hadapsar, Pune - IITM",18.5018,73.9275,Eastern Commercial / Mixed Suburban Corridor,1120492629,residential,Unnamed,1,no,,,no,no,16,326.35,1112.58,STATIC_ROAD_NETWORK
60658,"Hadapsar, Pune - IITM",18.5018,73.9275,Eastern Commercial / Mixed Suburban Corridor,1120497390,residential,Unnamed,1,no,,,no,no,2,16.29,1462.97,STATIC_ROAD_NETWORK
60658,"Hadapsar, Pune - IITM",18.5018,73.9275,Eastern Commercial / Mixed Suburban Corridor,1120497391,residential,Unnamed,1,no,,,no,no,2,21.84,1340.81,STATIC_ROAD_NETWORK
60658,"Hadapsar, Pune - IITM",18.5018,73.9275,Eastern Commercial / Mixed Suburban Corridor,1120497399,residential,Unnamed,1,no,,,no,no,4,89.09,1069.9,STATIC_ROAD_NETWORK
60658,"Hadapsar, Pune - IITM",18.5018,73.9275,Eastern Commercial / Mixed Suburban Corridor,1120497400,residential,Unnamed,1,no,,,no,no,2,77.89,994.67,STATIC_ROAD_NETWORK
60658,"Hadapsar, Pune - IITM",18.5018,73.9275,Eastern Commercial / Mixed Suburban Corridor,1120497401,residential,Unnamed,1,no,,,no,no,2,28.29,1175.65,STATIC_ROAD_NETWORK
60658,"Hadapsar, Pune - IITM",18.5018,73.9275,Eastern Commercial / Mixed Suburban Corridor,1120512347,residential,Unnamed,1,no,,,no,no,6,196.57,596.21,STATIC_ROAD_NETWORK
60658,"Hadapsar, Pune - IITM",18.5018,73.9275,Eastern Commercial / Mixed Suburban Corridor,1120513372,residential,Unnamed,1,no,,,no,no,5,26.39,790.35,STATIC_ROAD_NETWORK
60658,"Hadapsar, Pune - IITM",18.5018,73.9275,Eastern Commercial / Mixed Suburban Corridor,1120513373,residential,Unnamed,1,no,,,no,no,2,45.34,729.8,STATIC_ROAD_NETWORK
60658,"Hadapsar, Pune - IITM",18.5018,73.9275,Eastern Commercial / Mixed Suburban Corridor,1120514114,residential,Unnamed,1,no,,,no,no,2,63.04,781.8,STATIC_ROAD_NETWORK
60658,"Hadapsar, Pune - IITM",18.5018,73.9275,Eastern Commercial / Mixed Suburban Corridor,1120514115,residential,Unnamed,1,no,,,no,no,2,35.02,767.72,STATIC_ROAD_NETWORK
60658,"Hadapsar, Pune - IITM",18.5018,73.9275,Eastern Commercial / Mixed Suburban Corridor,1120514116,residential,Unnamed,1,no,,,no,no,2,22.51,756.76,STATIC_ROAD_NETWORK
60658,"Hadapsar, Pune - IITM",18.5018,73.9275,Eastern Commercial / Mixed Suburban Corridor,1120514117,residential,Unnamed,1,no,,,no,no,2,28.61,638.05,STATIC_ROAD_NETWORK
60658,"Hadapsar, Pune - IITM",18.5018,73.9275,Eastern Commercial / Mixed Suburban Corridor,1120516781,residential,Unnamed,1,no,,,no,no,2,24.21,550.2,STATIC_ROAD_NETWORK
60658,"Hadapsar, Pune - IITM",18.5018,73.9275,Eastern Commercial / Mixed Suburban Corridor,1120516782,living_street,Unnamed,1,no,,,no,no,2,34.78,600.36,STATIC_ROAD_NETWORK
60658,"Hadapsar, Pune - IITM",18.5018,73.9275,Eastern Commercial / Mixed Suburban Corridor,1120516783,living_street,Unnamed,1,no,,,no,no,2,28.13,661.53,STATIC_ROAD_NETWORK
60658,"Hadapsar, Pune - IITM",18.5018,73.9275,Eastern Commercial / Mixed Suburban Corridor,1120518127,residential,Unnamed,1,no,,,no,no,2,39.18,1488.43,STATIC_ROAD_NETWORK
60658,"Hadapsar, Pune - IITM",18.5018,73.9275,Eastern Commercial / Mixed Suburban Corridor,1120518128,residential,Unnamed,1,no,,,no,no,2,37.63,1470.93,STATIC_ROAD_NETWORK
60658,"Hadapsar, Pune - IITM",18.5018,73.9275,Eastern Commercial / Mixed Suburban Corridor,1120518130,residential,Unnamed,1,no,,,no,no,3,28.41,1401.9,STATIC_ROAD_NETWORK
60658,"Hadapsar, Pune - IITM",18.5018,73.9275,Eastern Commercial / Mixed Suburban Corridor,1120518133,tertiary,Baburao Shankarrao Tupe Road | DP Road,1,no,,,no,no,3,67.26,1407.21,STATIC_ROAD_NETWORK
60658,"Hadapsar, Pune - IITM",18.5018,73.9275,Eastern Commercial / Mixed Suburban Corridor,1120519894,residential,Unnamed,1,no,,,no,no,2,25.35,381.79,STATIC_ROAD_NETWORK
60658,"Hadapsar, Pune - IITM",18.5018,73.9275,Eastern Commercial / Mixed Suburban Corridor,1120523295,residential,Unnamed,1,no,,,no,no,5,140.35,456.9,STATIC_ROAD_NETWORK
60658,"Hadapsar, Pune - IITM",18.5018,73.9275,Eastern Commercial / Mixed Suburban Corridor,1120523305,residential,Unnamed,1,no,,,no,no,3,47.84,656.58,STATIC_ROAD_NETWORK
60658,"Hadapsar, Pune - IITM",18.5018,73.9275,Eastern Commercial / Mixed Suburban Corridor,1120523306,residential,Unnamed,1,no,,,no,no,2,25.8,584.62,STATIC_ROAD_NETWORK
60658,"Hadapsar, Pune - IITM",18.5018,73.9275,Eastern Commercial / Mixed Suburban Corridor,1131532446,residential,Unnamed,1,no,,,no,no,2,51.93,1426.79,STATIC_ROAD_NETWORK
60658,"Hadapsar, Pune - IITM",18.5018,73.9275,Eastern Commercial / Mixed Suburban Corridor,1142119128,residential,Unnamed,1,no,,,no,no,2,63.92,803.39,STATIC_ROAD_NETWORK
60658,"Hadapsar, Pune - IITM",18.5018,73.9275,Eastern Commercial / Mixed Suburban Corridor,1142119129,tertiary,Sasane Nagar Road,1,yes,,asphalt,no,no,3,10.98,803.39,STATIC_ROAD_NETWORK
60658,"Hadapsar, Pune - IITM",18.5018,73.9275,Eastern Commercial / Mixed Suburban Corridor,1142119130,tertiary,Sasane Nagar Road,1,yes,,asphalt,no,no,3,11.01,797.49,STATIC_ROAD_NETWORK
60658,"Hadapsar, Pune - IITM",18.5018,73.9275,Eastern Commercial / Mixed Suburban Corridor,1154711907,tertiary,Kale Padal Road,1,no,,,no,no,2,22.31,1495.06,STATIC_ROAD_NETWORK
60658,"Hadapsar, Pune - IITM",18.5018,73.9275,Eastern Commercial / Mixed Suburban Corridor,1181680004,residential,Unnamed,1,no,,,no,no,3,49.92,1168.2,STATIC_ROAD_NETWORK
60658,"Hadapsar, Pune - IITM",18.5018,73.9275,Eastern Commercial / Mixed Suburban Corridor,1181706566,living_street,Unnamed,1,no,,,no,no,2,34.68,1065.13,STATIC_ROAD_NETWORK
60658,"Hadapsar, Pune - IITM",18.5018,73.9275,Eastern Commercial / Mixed Suburban Corridor,1181720218,residential,Unnamed,1,yes,,,no,no,6,24.33,984.4,STATIC_ROAD_NETWORK
60658,"Hadapsar, Pune - IITM",18.5018,73.9275,Eastern Commercial / Mixed Suburban Corridor,1181720219,residential,Unnamed,1,yes,,,no,no,2,11.5,959.0,STATIC_ROAD_NETWORK
60658,"Hadapsar, Pune - IITM",18.5018,73.9275,Eastern Commercial / Mixed Suburban Corridor,1181756355,residential,Unnamed,1,no,,,no,no,2,33.93,1357.87,STATIC_ROAD_NETWORK
60658,"Hadapsar, Pune - IITM",18.5018,73.9275,Eastern Commercial / Mixed Suburban Corridor,1181935180,residential,Unnamed,1,no,,,no,no,7,90.55,492.26,STATIC_ROAD_NETWORK
60658,"Hadapsar, Pune - IITM",18.5018,73.9275,Eastern Commercial / Mixed Suburban Corridor,1181935827,residential,Unnamed,1,no,,,no,no,3,56.32,721.14,STATIC_ROAD_NETWORK
60658,"Hadapsar, Pune - IITM",18.5018,73.9275,Eastern Commercial / Mixed Suburban Corridor,1181936562,living_street,Unnamed,1,no,,,no,no,2,31.36,862.81,STATIC_ROAD_NETWORK
60658,"Hadapsar, Pune - IITM",18.5018,73.9275,Eastern Commercial / Mixed Suburban Corridor,1182209836,residential,Unnamed,1,no,,,no,no,2,234.34,835.44,STATIC_ROAD_NETWORK
60658,"Hadapsar, Pune - IITM",18.5018,73.9275,Eastern Commercial / Mixed Suburban Corridor,1182626100,residential,Unnamed,1,no,,,no,no,3,62.79,648.03,STATIC_ROAD_NETWORK
60658,"Hadapsar, Pune - IITM",18.5018,73.9275,Eastern Commercial / Mixed Suburban Corridor,1184383431,residential,Unnamed,1,no,,,no,no,3,49.93,628.71,STATIC_ROAD_NETWORK
60658,"Hadapsar, Pune - IITM",18.5018,73.9275,Eastern Commercial / Mixed Suburban Corridor,1184383432,residential,Unnamed,1,no,,,no,no,7,51.34,533.57,STATIC_ROAD_NETWORK
60658,"Hadapsar, Pune - IITM",18.5018,73.9275,Eastern Commercial / Mixed Suburban Corridor,1184384881,tertiary,Magarpatta Rear Approach Road,2,yes,30,asphalt,no,no,10,518.88,774.67,STATIC_ROAD_NETWORK
60658,"Hadapsar, Pune - IITM",18.5018,73.9275,Eastern Commercial / Mixed Suburban Corridor,1184453321,residential,Unnamed,1,no,,,no,no,3,29.33,878.39,STATIC_ROAD_NETWORK
60658,"Hadapsar, Pune - IITM",18.5018,73.9275,Eastern Commercial / Mixed Suburban Corridor,1184455110,residential,Unnamed,1,no,,,no,no,2,21.35,616.42,STATIC_ROAD_NETWORK
60658,"Hadapsar, Pune - IITM",18.5018,73.9275,Eastern Commercial / Mixed Suburban Corridor,1184458321,residential,Unnamed,1,no,,,no,no,3,45.88,327.63,STATIC_ROAD_NETWORK
60658,"Hadapsar, Pune - IITM",18.5018,73.9275,Eastern Commercial / Mixed Suburban Corridor,1184458322,residential,Unnamed,1,no,,,no,no,7,202.87,253.87,STATIC_ROAD_NETWORK
60658,"Hadapsar, Pune - IITM",18.5018,73.9275,Eastern Commercial / Mixed Suburban Corridor,1185468533,residential,Unnamed,1,no,,,no,no,7,124.54,926.94,STATIC_ROAD_NETWORK
60658,"Hadapsar, Pune - IITM",18.5018,73.9275,Eastern Commercial / Mixed Suburban Corridor,1187792336,residential,Unnamed,1,no,,,no,no,2,20.28,1195.03,STATIC_ROAD_NETWORK
60658,"Hadapsar, Pune - IITM",18.5018,73.9275,Eastern Commercial / Mixed Suburban Corridor,1187980979,residential,Unnamed,1,no,,,no,no,8,139.67,1210.03,STATIC_ROAD_NETWORK
60658,"Hadapsar, Pune - IITM",18.5018,73.9275,Eastern Commercial / Mixed Suburban Corridor,1187980980,residential,Unnamed,1,no,,unpaved,no,no,6,100.42,1454.03,STATIC_ROAD_NETWORK
60658,"Hadapsar, Pune - IITM",18.5018,73.9275,Eastern Commercial / Mixed Suburban Corridor,1196323634,living_street,Unnamed,1,no,,,no,no,3,28.13,615.84,STATIC_ROAD_NETWORK
60658,"Hadapsar, Pune - IITM",18.5018,73.9275,Eastern Commercial / Mixed Suburban Corridor,1201664531,residential,Unnamed,1,no,,,no,no,10,109.35,1125.19,STATIC_ROAD_NETWORK
60658,"Hadapsar, Pune - IITM",18.5018,73.9275,Eastern Commercial / Mixed Suburban Corridor,1203055990,residential,Unnamed,1,no,,,no,no,2,253.22,1467.48,STATIC_ROAD_NETWORK
60658,"Hadapsar, Pune - IITM",18.5018,73.9275,Eastern Commercial / Mixed Suburban Corridor,1204840315,residential,Unnamed,1,no,,unpaved,no,no,2,100.56,1357.04,STATIC_ROAD_NETWORK
60658,"Hadapsar, Pune - IITM",18.5018,73.9275,Eastern Commercial / Mixed Suburban Corridor,1207676474,residential,Unnamed,1,no,,,no,no,2,17.21,1446.29,STATIC_ROAD_NETWORK
60658,"Hadapsar, Pune - IITM",18.5018,73.9275,Eastern Commercial / Mixed Suburban Corridor,1207703492,primary,Solapur Road,1,yes,,,no,no,2,15.99,1007.58,STATIC_ROAD_NETWORK
60658,"Hadapsar, Pune - IITM",18.5018,73.9275,Eastern Commercial / Mixed Suburban Corridor,1207956445,residential,Unnamed,1,no,,,no,no,3,8.28,464.73,STATIC_ROAD_NETWORK
60658,"Hadapsar, Pune - IITM",18.5018,73.9275,Eastern Commercial / Mixed Suburban Corridor,1291984160,tertiary,KP Yallapa Pawar Marg,1,yes,,,no,no,4,66.42,1231.72,STATIC_ROAD_NETWORK
60658,"Hadapsar, Pune - IITM",18.5018,73.9275,Eastern Commercial / Mixed Suburban Corridor,1291984161,tertiary,KP Yallapa Pawar Marg,1,yes,,,no,no,3,58.08,1231.72,STATIC_ROAD_NETWORK
60658,"Hadapsar, Pune - IITM",18.5018,73.9275,Eastern Commercial / Mixed Suburban Corridor,1291986124,tertiary,KP Yallapa Pawar Marg,1,no,,,no,no,3,92.11,803.33,STATIC_ROAD_NETWORK
60658,"Hadapsar, Pune - IITM",18.5018,73.9275,Eastern Commercial / Mixed Suburban Corridor,1291986125,tertiary,KP Yallapa Pawar Marg,1,yes,,,no,no,5,71.77,757.58,STATIC_ROAD_NETWORK
60658,"Hadapsar, Pune - IITM",18.5018,73.9275,Eastern Commercial / Mixed Suburban Corridor,1291986126,tertiary,KP Yallapa Pawar Marg,1,yes,,,no,no,7,72.73,757.58,STATIC_ROAD_NETWORK
60658,"Hadapsar, Pune - IITM",18.5018,73.9275,Eastern Commercial / Mixed Suburban Corridor,1293356480,residential,Unnamed,1,no,,,no,no,3,91.17,1414.34,STATIC_ROAD_NETWORK
60658,"Hadapsar, Pune - IITM",18.5018,73.9275,Eastern Commercial / Mixed Suburban Corridor,1293356481,residential,Unnamed,1,no,,,no,no,2,26.8,1183.86,STATIC_ROAD_NETWORK
60658,"Hadapsar, Pune - IITM",18.5018,73.9275,Eastern Commercial / Mixed Suburban Corridor,1293359288,residential,Unnamed,1,no,,,no,no,2,20.72,1393.99,STATIC_ROAD_NETWORK
60658,"Hadapsar, Pune - IITM",18.5018,73.9275,Eastern Commercial / Mixed Suburban Corridor,1293359289,residential,Unnamed,1,no,,,no,no,2,10.5,1411.78,STATIC_ROAD_NETWORK
60658,"Hadapsar, Pune - IITM",18.5018,73.9275,Eastern Commercial / Mixed Suburban Corridor,1293360750,residential,Unnamed,1,no,,,no,no,2,13.35,1391.38,STATIC_ROAD_NETWORK
60658,"Hadapsar, Pune - IITM",18.5018,73.9275,Eastern Commercial / Mixed Suburban Corridor,1293360751,residential,Unnamed,1,no,,,no,no,2,12.09,1349.82,STATIC_ROAD_NETWORK
60658,"Hadapsar, Pune - IITM",18.5018,73.9275,Eastern Commercial / Mixed Suburban Corridor,1293379669,residential,Unnamed,1,no,,,no,no,2,10.29,1322.23,STATIC_ROAD_NETWORK
60658,"Hadapsar, Pune - IITM",18.5018,73.9275,Eastern Commercial / Mixed Suburban Corridor,1293401098,residential,Unnamed,1,no,,,no,no,6,36.59,200.73,STATIC_ROAD_NETWORK
60658,"Hadapsar, Pune - IITM",18.5018,73.9275,Eastern Commercial / Mixed Suburban Corridor,1293401523,residential,Unnamed,1,no,,,no,no,10,319.66,94.67,STATIC_ROAD_NETWORK
60658,"Hadapsar, Pune - IITM",18.5018,73.9275,Eastern Commercial / Mixed Suburban Corridor,1293402152,residential,Unnamed,1,no,,,no,no,10,148.61,517.86,STATIC_ROAD_NETWORK
60658,"Hadapsar, Pune - IITM",18.5018,73.9275,Eastern Commercial / Mixed Suburban Corridor,1293404304,residential,Unnamed,1,no,,,no,no,3,16.1,311.24,STATIC_ROAD_NETWORK
60658,"Hadapsar, Pune - IITM",18.5018,73.9275,Eastern Commercial / Mixed Suburban Corridor,1293407224,residential,Unnamed,1,no,,,no,no,4,19.39,711.4,STATIC_ROAD_NETWORK
60658,"Hadapsar, Pune - IITM",18.5018,73.9275,Eastern Commercial / Mixed Suburban Corridor,1293407225,residential,Unnamed,1,no,,,no,no,5,62.05,716.4,STATIC_ROAD_NETWORK
60658,"Hadapsar, Pune - IITM",18.5018,73.9275,Eastern Commercial / Mixed Suburban Corridor,1293795577,residential,Unnamed,1,no,,,no,no,2,4.31,983.32,STATIC_ROAD_NETWORK
60658,"Hadapsar, Pune - IITM",18.5018,73.9275,Eastern Commercial / Mixed Suburban Corridor,1293795578,residential,Unnamed,1,no,,,no,no,3,14.08,919.25,STATIC_ROAD_NETWORK
60658,"Hadapsar, Pune - IITM",18.5018,73.9275,Eastern Commercial / Mixed Suburban Corridor,1293795710,residential,Unnamed,1,no,,,no,no,2,21.96,893.57,STATIC_ROAD_NETWORK
60658,"Hadapsar, Pune - IITM",18.5018,73.9275,Eastern Commercial / Mixed Suburban Corridor,1293795711,residential,Unnamed,1,no,,,no,no,2,21.24,922.29,STATIC_ROAD_NETWORK
60658,"Hadapsar, Pune - IITM",18.5018,73.9275,Eastern Commercial / Mixed Suburban Corridor,1293795841,residential,Unnamed,1,no,,,no,no,2,7.21,1118.86,STATIC_ROAD_NETWORK
60658,"Hadapsar, Pune - IITM",18.5018,73.9275,Eastern Commercial / Mixed Suburban Corridor,1293795842,residential,Unnamed,1,no,,,no,no,2,6.77,1079.49,STATIC_ROAD_NETWORK
60658,"Hadapsar, Pune - IITM",18.5018,73.9275,Eastern Commercial / Mixed Suburban Corridor,1293796207,tertiary,Unnamed,1,yes,,,yes,no,2,14.36,741.93,STATIC_ROAD_NETWORK
60658,"Hadapsar, Pune - IITM",18.5018,73.9275,Eastern Commercial / Mixed Suburban Corridor,1293796208,tertiary,Sasane Nagar Road,1,yes,,asphalt,no,no,2,16.63,742.28,STATIC_ROAD_NETWORK
60658,"Hadapsar, Pune - IITM",18.5018,73.9275,Eastern Commercial / Mixed Suburban Corridor,1293796209,tertiary,Unnamed,1,yes,,,no,no,4,28.09,748.08,STATIC_ROAD_NETWORK
60658,"Hadapsar, Pune - IITM",18.5018,73.9275,Eastern Commercial / Mixed Suburban Corridor,1293796210,tertiary,Unnamed,1,yes,,,no,no,2,14.95,732.31,STATIC_ROAD_NETWORK
60658,"Hadapsar, Pune - IITM",18.5018,73.9275,Eastern Commercial / Mixed Suburban Corridor,1293796228,residential,Unnamed,1,no,,,no,no,2,17.99,1060.35,STATIC_ROAD_NETWORK
60658,"Hadapsar, Pune - IITM",18.5018,73.9275,Eastern Commercial / Mixed Suburban Corridor,1293796229,residential,Unnamed,1,no,,,no,no,2,5.27,1066.04,STATIC_ROAD_NETWORK
60658,"Hadapsar, Pune - IITM",18.5018,73.9275,Eastern Commercial / Mixed Suburban Corridor,1293796712,residential,Unnamed,1,no,,,no,no,3,16.14,1484.5,STATIC_ROAD_NETWORK
60658,"Hadapsar, Pune - IITM",18.5018,73.9275,Eastern Commercial / Mixed Suburban Corridor,1293796768,residential,Malwadi Road,1,no,,asphalt,no,no,2,8.11,1453.05,STATIC_ROAD_NETWORK
60658,"Hadapsar, Pune - IITM",18.5018,73.9275,Eastern Commercial / Mixed Suburban Corridor,1293796769,residential,Malwadi Road,1,no,,,no,no,2,4.21,1438.36,STATIC_ROAD_NETWORK
60658,"Hadapsar, Pune - IITM",18.5018,73.9275,Eastern Commercial / Mixed Suburban Corridor,1293798952,residential,Unnamed,1,no,,,no,no,2,27.3,657.78,STATIC_ROAD_NETWORK
60658,"Hadapsar, Pune - IITM",18.5018,73.9275,Eastern Commercial / Mixed Suburban Corridor,1293798953,residential,Unnamed,1,no,,,no,no,2,9.45,666.34,STATIC_ROAD_NETWORK
60658,"Hadapsar, Pune - IITM",18.5018,73.9275,Eastern Commercial / Mixed Suburban Corridor,1293799467,residential,Unnamed,1,no,,,no,no,2,5.84,551.55,STATIC_ROAD_NETWORK
60658,"Hadapsar, Pune - IITM",18.5018,73.9275,Eastern Commercial / Mixed Suburban Corridor,1293799468,residential,Unnamed,1,no,,,no,no,2,4.78,564.44,STATIC_ROAD_NETWORK
60658,"Hadapsar, Pune - IITM",18.5018,73.9275,Eastern Commercial / Mixed Suburban Corridor,1293799653,residential,Unnamed,1,no,,,no,no,2,14.64,628.58,STATIC_ROAD_NETWORK
60658,"Hadapsar, Pune - IITM",18.5018,73.9275,Eastern Commercial / Mixed Suburban Corridor,1293799654,residential,Unnamed,1,no,,,no,no,2,6.17,722.83,STATIC_ROAD_NETWORK
60658,"Hadapsar, Pune - IITM",18.5018,73.9275,Eastern Commercial / Mixed Suburban Corridor,1293801666,residential,Unnamed,1,no,,,no,no,2,23.3,670.83,STATIC_ROAD_NETWORK
60658,"Hadapsar, Pune - IITM",18.5018,73.9275,Eastern Commercial / Mixed Suburban Corridor,1293801667,residential,Unnamed,1,no,,,no,no,2,6.43,673.23,STATIC_ROAD_NETWORK
60658,"Hadapsar, Pune - IITM",18.5018,73.9275,Eastern Commercial / Mixed Suburban Corridor,1293801668,residential,Unnamed,1,no,,,no,no,2,6.46,695.94,STATIC_ROAD_NETWORK
60658,"Hadapsar, Pune - IITM",18.5018,73.9275,Eastern Commercial / Mixed Suburban Corridor,1293802271,residential,Unnamed,1,no,,,no,no,2,3.77,608.86,STATIC_ROAD_NETWORK
60658,"Hadapsar, Pune - IITM",18.5018,73.9275,Eastern Commercial / Mixed Suburban Corridor,1293854592,primary,Solapur Road,1,yes,,,yes,no,2,10.65,1034.45,STATIC_ROAD_NETWORK
60658,"Hadapsar, Pune - IITM",18.5018,73.9275,Eastern Commercial / Mixed Suburban Corridor,1296611201,residential,Unnamed,1,no,,,no,no,7,32.62,476.97,STATIC_ROAD_NETWORK
60658,"Hadapsar, Pune - IITM",18.5018,73.9275,Eastern Commercial / Mixed Suburban Corridor,1296801527,unclassified,Unnamed,1,no,,,no,no,6,113.63,779.3,STATIC_ROAD_NETWORK
60658,"Hadapsar, Pune - IITM",18.5018,73.9275,Eastern Commercial / Mixed Suburban Corridor,1296802632,residential,Unnamed,1,no,,,no,no,4,88.15,852.1,STATIC_ROAD_NETWORK
60658,"Hadapsar, Pune - IITM",18.5018,73.9275,Eastern Commercial / Mixed Suburban Corridor,1297322415,residential,Unnamed,1,no,,,no,no,2,14.83,1436.56,STATIC_ROAD_NETWORK
60658,"Hadapsar, Pune - IITM",18.5018,73.9275,Eastern Commercial / Mixed Suburban Corridor,1297323174,residential,Unnamed,1,no,,,no,no,2,21.05,1040.4,STATIC_ROAD_NETWORK
60658,"Hadapsar, Pune - IITM",18.5018,73.9275,Eastern Commercial / Mixed Suburban Corridor,1297330124,residential,Unnamed,1,no,,,no,no,2,125.01,1395.34,STATIC_ROAD_NETWORK
60658,"Hadapsar, Pune - IITM",18.5018,73.9275,Eastern Commercial / Mixed Suburban Corridor,1297367405,residential,Unnamed,1,yes,,,no,no,7,55.98,1135.14,STATIC_ROAD_NETWORK
60658,"Hadapsar, Pune - IITM",18.5018,73.9275,Eastern Commercial / Mixed Suburban Corridor,1300408083,residential,Unnamed,1,no,,,no,no,5,32.27,635.05,STATIC_ROAD_NETWORK
60658,"Hadapsar, Pune - IITM",18.5018,73.9275,Eastern Commercial / Mixed Suburban Corridor,1300415307,residential,Unnamed,1,no,,,no,no,3,45.74,723.76,STATIC_ROAD_NETWORK
60658,"Hadapsar, Pune - IITM",18.5018,73.9275,Eastern Commercial / Mixed Suburban Corridor,1300417205,residential,Unnamed,1,no,,,no,no,3,29.51,533.81,STATIC_ROAD_NETWORK
60658,"Hadapsar, Pune - IITM",18.5018,73.9275,Eastern Commercial / Mixed Suburban Corridor,1303391802,residential,Unnamed,1,no,,asphalt,no,no,8,63.73,1166.88,STATIC_ROAD_NETWORK
60658,"Hadapsar, Pune - IITM",18.5018,73.9275,Eastern Commercial / Mixed Suburban Corridor,1303391803,residential,Unnamed,1,no,,asphalt,no,no,5,50.12,1102.22,STATIC_ROAD_NETWORK
60658,"Hadapsar, Pune - IITM",18.5018,73.9275,Eastern Commercial / Mixed Suburban Corridor,1303391804,residential,Unnamed,1,no,,asphalt,no,no,6,50.76,1114.22,STATIC_ROAD_NETWORK
60658,"Hadapsar, Pune - IITM",18.5018,73.9275,Eastern Commercial / Mixed Suburban Corridor,1303391805,residential,Unnamed,1,no,,,no,no,2,38.05,1215.83,STATIC_ROAD_NETWORK
60658,"Hadapsar, Pune - IITM",18.5018,73.9275,Eastern Commercial / Mixed Suburban Corridor,1309272850,trunk,Saswad Road,1,yes,,,no,no,3,1.86,1452.05,STATIC_ROAD_NETWORK
60658,"Hadapsar, Pune - IITM",18.5018,73.9275,Eastern Commercial / Mixed Suburban Corridor,1309280810,trunk,Magarpatta Road Flyover,2,yes,,asphalt,no,no,2,9.17,374.96,STATIC_ROAD_NETWORK
60658,"Hadapsar, Pune - IITM",18.5018,73.9275,Eastern Commercial / Mixed Suburban Corridor,1313221125,trunk,Solapur Road Flyover,2,yes,,,no,no,2,6.02,890.37,STATIC_ROAD_NETWORK
60658,"Hadapsar, Pune - IITM",18.5018,73.9275,Eastern Commercial / Mixed Suburban Corridor,1313221126,trunk,Solapur Road,3,yes,,,no,no,3,55.78,684.55,STATIC_ROAD_NETWORK
60658,"Hadapsar, Pune - IITM",18.5018,73.9275,Eastern Commercial / Mixed Suburban Corridor,1313226179,trunk,Solapur Road Flyover,1,yes,,,no,no,2,27.07,1435.31,STATIC_ROAD_NETWORK
60658,"Hadapsar, Pune - IITM",18.5018,73.9275,Eastern Commercial / Mixed Suburban Corridor,1313226180,trunk,Solapur Road Flyover,1,yes,,,no,no,2,29.04,1434.26,STATIC_ROAD_NETWORK
60658,"Hadapsar, Pune - IITM",18.5018,73.9275,Eastern Commercial / Mixed Suburban Corridor,1313226181,trunk,Solapur Road Flyover,2,yes,,,no,no,2,42.29,363.9,STATIC_ROAD_NETWORK
60658,"Hadapsar, Pune - IITM",18.5018,73.9275,Eastern Commercial / Mixed Suburban Corridor,1313226182,trunk,Solapur Road Flyover,2,yes,,,no,no,2,44.27,363.02,STATIC_ROAD_NETWORK
60658,"Hadapsar, Pune - IITM",18.5018,73.9275,Eastern Commercial / Mixed Suburban Corridor,1318597020,residential,Unnamed,1,no,,,no,no,2,33.61,890.87,STATIC_ROAD_NETWORK
60658,"Hadapsar, Pune - IITM",18.5018,73.9275,Eastern Commercial / Mixed Suburban Corridor,1318597021,residential,Dr Helenkelar Path,1,no,,,no,no,2,68.62,916.31,STATIC_ROAD_NETWORK
60658,"Hadapsar, Pune - IITM",18.5018,73.9275,Eastern Commercial / Mixed Suburban Corridor,1318597022,tertiary,KP Yallapa Pawar Marg,1,no,,,no,no,3,49.62,865.43,STATIC_ROAD_NETWORK
60658,"Hadapsar, Pune - IITM",18.5018,73.9275,Eastern Commercial / Mixed Suburban Corridor,1320226977,residential,Unnamed,1,no,,,no,no,2,8.55,1331.72,STATIC_ROAD_NETWORK
60658,"Hadapsar, Pune - IITM",18.5018,73.9275,Eastern Commercial / Mixed Suburban Corridor,1320227001,living_street,Unnamed,1,no,,,no,no,2,45.24,1328.24,STATIC_ROAD_NETWORK
60658,"Hadapsar, Pune - IITM",18.5018,73.9275,Eastern Commercial / Mixed Suburban Corridor,1320350383,residential,Unnamed,1,no,,,no,no,3,6.81,314.79,STATIC_ROAD_NETWORK
60658,"Hadapsar, Pune - IITM",18.5018,73.9275,Eastern Commercial / Mixed Suburban Corridor,1320352679,residential,Unnamed,1,no,,,no,no,2,6.36,732.37,STATIC_ROAD_NETWORK
60658,"Hadapsar, Pune - IITM",18.5018,73.9275,Eastern Commercial / Mixed Suburban Corridor,1320352680,residential,Unnamed,1,no,,,no,no,2,6.94,679.24,STATIC_ROAD_NETWORK
60658,"Hadapsar, Pune - IITM",18.5018,73.9275,Eastern Commercial / Mixed Suburban Corridor,1320581262,residential,Unnamed,1,no,,,no,no,2,56.07,1479.78,STATIC_ROAD_NETWORK
60658,"Hadapsar, Pune - IITM",18.5018,73.9275,Eastern Commercial / Mixed Suburban Corridor,1320610292,residential,Unnamed,1,no,,,no,no,2,6.92,1489.6,STATIC_ROAD_NETWORK
60658,"Hadapsar, Pune - IITM",18.5018,73.9275,Eastern Commercial / Mixed Suburban Corridor,1320610463,residential,Unnamed,1,no,,,no,no,2,7.33,1472.33,STATIC_ROAD_NETWORK
60658,"Hadapsar, Pune - IITM",18.5018,73.9275,Eastern Commercial / Mixed Suburban Corridor,1323092437,residential,Unnamed,1,no,,,no,no,2,6.07,911.95,STATIC_ROAD_NETWORK
60658,"Hadapsar, Pune - IITM",18.5018,73.9275,Eastern Commercial / Mixed Suburban Corridor,1323094705,residential,Unnamed,1,no,,,no,no,2,10.64,703.25,STATIC_ROAD_NETWORK
60658,"Hadapsar, Pune - IITM",18.5018,73.9275,Eastern Commercial / Mixed Suburban Corridor,1323100007,residential,Unnamed,1,no,,,no,no,13,153.49,259.67,STATIC_ROAD_NETWORK
60658,"Hadapsar, Pune - IITM",18.5018,73.9275,Eastern Commercial / Mixed Suburban Corridor,1323768294,residential,Unnamed,1,no,,,no,no,4,73.15,299.69,STATIC_ROAD_NETWORK
60658,"Hadapsar, Pune - IITM",18.5018,73.9275,Eastern Commercial / Mixed Suburban Corridor,1323774764,residential,Unnamed,1,no,,,no,no,3,33.52,691.24,STATIC_ROAD_NETWORK
60658,"Hadapsar, Pune - IITM",18.5018,73.9275,Eastern Commercial / Mixed Suburban Corridor,1349964125,residential,Unnamed,1,no,,,no,no,3,7.96,732.59,STATIC_ROAD_NETWORK
60658,"Hadapsar, Pune - IITM",18.5018,73.9275,Eastern Commercial / Mixed Suburban Corridor,1349964126,residential,Unnamed,1,no,,,no,no,2,5.78,727.23,STATIC_ROAD_NETWORK
60658,"Hadapsar, Pune - IITM",18.5018,73.9275,Eastern Commercial / Mixed Suburban Corridor,1359524293,tertiary,Unnamed,1,yes,,,no,no,3,24.34,887.47,STATIC_ROAD_NETWORK
60658,"Hadapsar, Pune - IITM",18.5018,73.9275,Eastern Commercial / Mixed Suburban Corridor,1359524294,tertiary,Unnamed,1,no,,,no,no,4,215.87,888.75,STATIC_ROAD_NETWORK
60658,"Hadapsar, Pune - IITM",18.5018,73.9275,Eastern Commercial / Mixed Suburban Corridor,1359561384,tertiary,Tupe Patil Road,1,yes,,,no,no,12,136.62,932.66,STATIC_ROAD_NETWORK
60658,"Hadapsar, Pune - IITM",18.5018,73.9275,Eastern Commercial / Mixed Suburban Corridor,1359561385,tertiary,Tupe Patil Road,1,yes,,,no,no,11,143.8,932.5,STATIC_ROAD_NETWORK
60658,"Hadapsar, Pune - IITM",18.5018,73.9275,Eastern Commercial / Mixed Suburban Corridor,1359561386,tertiary,Unnamed,1,no,,,no,no,17,227.67,643.79,STATIC_ROAD_NETWORK
60658,"Hadapsar, Pune - IITM",18.5018,73.9275,Eastern Commercial / Mixed Suburban Corridor,1359561387,residential,Unnamed,1,no,,,no,no,2,5.55,885.69,STATIC_ROAD_NETWORK
60658,"Hadapsar, Pune - IITM",18.5018,73.9275,Eastern Commercial / Mixed Suburban Corridor,1359561388,residential,Unnamed,1,no,,,no,no,2,5.25,932.5,STATIC_ROAD_NETWORK
60658,"Hadapsar, Pune - IITM",18.5018,73.9275,Eastern Commercial / Mixed Suburban Corridor,1359561390,tertiary_link,Unnamed,1,no,,,no,no,2,6.61,1010.8,STATIC_ROAD_NETWORK
60658,"Hadapsar, Pune - IITM",18.5018,73.9275,Eastern Commercial / Mixed Suburban Corridor,1359561391,tertiary_link,Unnamed,1,no,,,no,no,2,6.61,1039.37,STATIC_ROAD_NETWORK
60658,"Hadapsar, Pune - IITM",18.5018,73.9275,Eastern Commercial / Mixed Suburban Corridor,1360541927,trunk_link,Unnamed,1,yes,,,no,no,6,18.28,79.92,STATIC_ROAD_NETWORK
60658,"Hadapsar, Pune - IITM",18.5018,73.9275,Eastern Commercial / Mixed Suburban Corridor,1360541928,trunk,Solapur Road,3,yes,,,no,no,2,11.87,57.93,STATIC_ROAD_NETWORK
60658,"Hadapsar, Pune - IITM",18.5018,73.9275,Eastern Commercial / Mixed Suburban Corridor,1360541932,trunk,Solapur Road,3,yes,,,no,no,6,352.11,74.72,STATIC_ROAD_NETWORK
60658,"Hadapsar, Pune - IITM",18.5018,73.9275,Eastern Commercial / Mixed Suburban Corridor,1360541933,trunk,Solapur Road,3,yes,,,no,no,6,179.36,79.92,STATIC_ROAD_NETWORK
60658,"Hadapsar, Pune - IITM",18.5018,73.9275,Eastern Commercial / Mixed Suburban Corridor,1360894928,living_street,Unnamed,1,no,,,no,no,3,19.41,778.75,STATIC_ROAD_NETWORK
60658,"Hadapsar, Pune - IITM",18.5018,73.9275,Eastern Commercial / Mixed Suburban Corridor,1360894929,residential,Unnamed,1,no,,,no,no,2,6.33,795.64,STATIC_ROAD_NETWORK
60658,"Hadapsar, Pune - IITM",18.5018,73.9275,Eastern Commercial / Mixed Suburban Corridor,1360894930,living_street,Unnamed,1,no,,,no,no,4,20.53,778.75,STATIC_ROAD_NETWORK
60658,"Hadapsar, Pune - IITM",18.5018,73.9275,Eastern Commercial / Mixed Suburban Corridor,1371624443,tertiary,Unnamed,1,no,,,no,no,6,310.81,1437.53,STATIC_ROAD_NETWORK
60658,"Hadapsar, Pune - IITM",18.5018,73.9275,Eastern Commercial / Mixed Suburban Corridor,1371625692,residential,Unnamed,1,no,,,no,no,2,97.98,1458.23,STATIC_ROAD_NETWORK
60658,"Hadapsar, Pune - IITM",18.5018,73.9275,Eastern Commercial / Mixed Suburban Corridor,1371625693,residential,Unnamed,1,no,,,no,no,5,136.55,1347.54,STATIC_ROAD_NETWORK
60658,"Hadapsar, Pune - IITM",18.5018,73.9275,Eastern Commercial / Mixed Suburban Corridor,1371625694,residential,Unnamed,1,no,,,no,no,4,119.8,1465.77,STATIC_ROAD_NETWORK
60658,"Hadapsar, Pune - IITM",18.5018,73.9275,Eastern Commercial / Mixed Suburban Corridor,1371998661,residential,Unnamed,1,no,,,no,no,3,14.73,669.91,STATIC_ROAD_NETWORK
60658,"Hadapsar, Pune - IITM",18.5018,73.9275,Eastern Commercial / Mixed Suburban Corridor,1371998662,residential,Unnamed,1,no,,,no,no,11,186.83,675.07,STATIC_ROAD_NETWORK
60658,"Hadapsar, Pune - IITM",18.5018,73.9275,Eastern Commercial / Mixed Suburban Corridor,1371998663,residential,Unnamed,1,no,,,no,no,2,36.36,776.82,STATIC_ROAD_NETWORK
60658,"Hadapsar, Pune - IITM",18.5018,73.9275,Eastern Commercial / Mixed Suburban Corridor,1371998664,residential,Unnamed,1,no,,,no,no,2,69.72,508.56,STATIC_ROAD_NETWORK
60658,"Hadapsar, Pune - IITM",18.5018,73.9275,Eastern Commercial / Mixed Suburban Corridor,1415090079,residential,Unnamed,1,no,,,no,no,4,41.91,825.29,STATIC_ROAD_NETWORK
60658,"Hadapsar, Pune - IITM",18.5018,73.9275,Eastern Commercial / Mixed Suburban Corridor,1415117751,trunk_link,Unnamed,1,yes,,,no,no,5,88.21,1123.5,STATIC_ROAD_NETWORK
60658,"Hadapsar, Pune - IITM",18.5018,73.9275,Eastern Commercial / Mixed Suburban Corridor,1433511917,tertiary,Tupe Patil Road,1,no,,,no,no,7,120.6,1057.58,STATIC_ROAD_NETWORK
60658,"Hadapsar, Pune - IITM",18.5018,73.9275,Eastern Commercial / Mixed Suburban Corridor,1433512339,residential,Unnamed,1,no,,,no,no,14,410.61,1435.11,STATIC_ROAD_NETWORK
60658,"Hadapsar, Pune - IITM",18.5018,73.9275,Eastern Commercial / Mixed Suburban Corridor,1433532509,residential,Grevillea Road,1,no,20,,no,no,7,287.99,946.49,STATIC_ROAD_NETWORK
60658,"Hadapsar, Pune - IITM",18.5018,73.9275,Eastern Commercial / Mixed Suburban Corridor,1433533532,residential,Unnamed,1,no,,,no,no,2,204.17,391.81,STATIC_ROAD_NETWORK
60658,"Hadapsar, Pune - IITM",18.5018,73.9275,Eastern Commercial / Mixed Suburban Corridor,1433536351,residential,Unnamed,1,no,,,no,no,10,232.12,1254.72,STATIC_ROAD_NETWORK
60658,"Hadapsar, Pune - IITM",18.5018,73.9275,Eastern Commercial / Mixed Suburban Corridor,1433536352,residential,Unnamed,1,no,,,no,no,7,140.91,1254.72,STATIC_ROAD_NETWORK
60658,"Hadapsar, Pune - IITM",18.5018,73.9275,Eastern Commercial / Mixed Suburban Corridor,1433536353,residential,Tupe Patil Road,1,no,,,no,no,3,49.61,1212.62,STATIC_ROAD_NETWORK
60658,"Hadapsar, Pune - IITM",18.5018,73.9275,Eastern Commercial / Mixed Suburban Corridor,1433536354,residential,Tupe Patil Road,1,no,,,no,no,2,33.7,1399.19,STATIC_ROAD_NETWORK
60658,"Hadapsar, Pune - IITM",18.5018,73.9275,Eastern Commercial / Mixed Suburban Corridor,1433536355,tertiary,Malwadi Road,2,no,,asphalt,no,no,32,753.91,1418.27,STATIC_ROAD_NETWORK
60658,"Hadapsar, Pune - IITM",18.5018,73.9275,Eastern Commercial / Mixed Suburban Corridor,1433536356,tertiary,Unnamed,1,yes,,,no,no,7,120.28,815.2,STATIC_ROAD_NETWORK
60658,"Hadapsar, Pune - IITM",18.5018,73.9275,Eastern Commercial / Mixed Suburban Corridor,1433536357,tertiary,Unnamed,1,yes,,,no,no,5,120.41,815.2,STATIC_ROAD_NETWORK
60658,"Hadapsar, Pune - IITM",18.5018,73.9275,Eastern Commercial / Mixed Suburban Corridor,1465008535,residential,Unnamed,1,no,,,no,no,2,11.23,683.16,STATIC_ROAD_NETWORK
60658,"Hadapsar, Pune - IITM",18.5018,73.9275,Eastern Commercial / Mixed Suburban Corridor,1465008536,trunk,Solapur Road,2,yes,,,no,no,2,21.63,663.0,STATIC_ROAD_NETWORK
60658,"Hadapsar, Pune - IITM",18.5018,73.9275,Eastern Commercial / Mixed Suburban Corridor,1465008537,trunk,Solapur Road,3,yes,,,no,no,2,36.17,682.54,STATIC_ROAD_NETWORK
60658,"Hadapsar, Pune - IITM",18.5018,73.9275,Eastern Commercial / Mixed Suburban Corridor,1465008538,trunk,Solapur Road,3,yes,,,no,no,2,14.17,668.41,STATIC_ROAD_NETWORK
60658,"Hadapsar, Pune - IITM",18.5018,73.9275,Eastern Commercial / Mixed Suburban Corridor,1465008539,residential,Unnamed,1,no,,,no,no,2,25.28,684.55,STATIC_ROAD_NETWORK
60658,"Hadapsar, Pune - IITM",18.5018,73.9275,Eastern Commercial / Mixed Suburban Corridor,1465008540,residential,Unnamed,1,no,,,no,no,2,7.78,682.54,STATIC_ROAD_NETWORK
60658,"Hadapsar, Pune - IITM",18.5018,73.9275,Eastern Commercial / Mixed Suburban Corridor,1490526500,trunk,Solapur Road,3,yes,,,no,no,2,7.04,661.38,STATIC_ROAD_NETWORK
60658,"Hadapsar, Pune - IITM",18.5018,73.9275,Eastern Commercial / Mixed Suburban Corridor,1490531334,trunk,Magarpatta Road Flyover,1,yes,,,yes,no,2,9.12,71.6,STATIC_ROAD_NETWORK
60658,"Hadapsar, Pune - IITM",18.5018,73.9275,Eastern Commercial / Mixed Suburban Corridor,1490531335,trunk,Magarpatta Road Flyover,2,yes,,,no,no,2,89.03,129.08,STATIC_ROAD_NETWORK
60658,"Hadapsar, Pune - IITM",18.5018,73.9275,Eastern Commercial / Mixed Suburban Corridor,1490531336,trunk,Magarpatta Road Flyover,2,yes,,,no,no,2,68.89,149.51,STATIC_ROAD_NETWORK
60658,"Hadapsar, Pune - IITM",18.5018,73.9275,Eastern Commercial / Mixed Suburban Corridor,1490531337,trunk,Magarpatta Road Flyover,2,yes,,,yes,no,6,137.85,76.71,STATIC_ROAD_NETWORK
60658,"Hadapsar, Pune - IITM",18.5018,73.9275,Eastern Commercial / Mixed Suburban Corridor,1490531338,trunk,Magarpatta Road Flyover,2,yes,,,yes,no,6,141.68,71.6,STATIC_ROAD_NETWORK
60658,"Hadapsar, Pune - IITM",18.5018,73.9275,Eastern Commercial / Mixed Suburban Corridor,1490531339,trunk_link,Unnamed,1,no,,,no,no,2,20.9,202.0,STATIC_ROAD_NETWORK
60658,"Hadapsar, Pune - IITM",18.5018,73.9275,Eastern Commercial / Mixed Suburban Corridor,1490537583,trunk,Solapur Road Flyover,2,yes,,,no,no,2,143.93,406.18,STATIC_ROAD_NETWORK
60658,"Hadapsar, Pune - IITM",18.5018,73.9275,Eastern Commercial / Mixed Suburban Corridor,1490537584,trunk,Solapur Road Flyover,2,yes,,,no,no,2,143.16,406.93,STATIC_ROAD_NETWORK
60658,"Hadapsar, Pune - IITM",18.5018,73.9275,Eastern Commercial / Mixed Suburban Corridor,1490953975,residential,Unnamed,2,no,,asphalt,no,no,2,115.32,111.7,STATIC_ROAD_NETWORK
60658,"Hadapsar, Pune - IITM",18.5018,73.9275,Eastern Commercial / Mixed Suburban Corridor,1490953977,residential,Unnamed,2,no,,concrete,yes,no,2,15.72,145.85,STATIC_ROAD_NETWORK
60658,"Hadapsar, Pune - IITM",18.5018,73.9275,Eastern Commercial / Mixed Suburban Corridor,1490953978,residential,Unnamed,2,no,,asphalt,no,no,5,98.7,158.94,STATIC_ROAD_NETWORK
60658,"Hadapsar, Pune - IITM",18.5018,73.9275,Eastern Commercial / Mixed Suburban Corridor,1490953979,residential,Unnamed,4,no,,concrete,yes,no,2,35.93,253.73,STATIC_ROAD_NETWORK
60658,"Hadapsar, Pune - IITM",18.5018,73.9275,Eastern Commercial / Mixed Suburban Corridor,1501339454,tertiary,Unnamed,2,no,,asphalt,no,no,2,9.27,340.34,STATIC_ROAD_NETWORK
60658,"Hadapsar, Pune - IITM",18.5018,73.9275,Eastern Commercial / Mixed Suburban Corridor,1501339455,tertiary,Unnamed,2,no,,asphalt,no,no,2,13.08,911.51,STATIC_ROAD_NETWORK
60658,"Hadapsar, Pune - IITM",18.5018,73.9275,Eastern Commercial / Mixed Suburban Corridor,1504412844,residential,Unnamed,1,no,,,no,no,3,31.85,1088.27,STATIC_ROAD_NETWORK
60658,"Hadapsar, Pune - IITM",18.5018,73.9275,Eastern Commercial / Mixed Suburban Corridor,1506580486,trunk_link,Unnamed,1,no,,,no,no,2,9.91,992.93,STATIC_ROAD_NETWORK
60658,"Hadapsar, Pune - IITM",18.5018,73.9275,Eastern Commercial / Mixed Suburban Corridor,1509703078,residential,Unnamed,1,yes,,,no,no,2,11.42,965.53,STATIC_ROAD_NETWORK
60658,"Hadapsar, Pune - IITM",18.5018,73.9275,Eastern Commercial / Mixed Suburban Corridor,1509703079,residential,Unnamed,1,yes,,,no,yes,2,22.37,973.81,STATIC_ROAD_NETWORK
60658,"Hadapsar, Pune - IITM",18.5018,73.9275,Eastern Commercial / Mixed Suburban Corridor,1509703080,residential,Unnamed,1,yes,,,no,no,6,16.19,989.35,STATIC_ROAD_NETWORK
60658,"Hadapsar, Pune - IITM",18.5018,73.9275,Eastern Commercial / Mixed Suburban Corridor,1510445795,residential,Unnamed,1,no,,,no,no,2,66.15,1340.07,STATIC_ROAD_NETWORK
60658,"Hadapsar, Pune - IITM",18.5018,73.9275,Eastern Commercial / Mixed Suburban Corridor,1516889763,residential,Unnamed,1,no,,,no,no,12,113.93,1438.13,STATIC_ROAD_NETWORK
60658,"Hadapsar, Pune - IITM",18.5018,73.9275,Eastern Commercial / Mixed Suburban Corridor,1530577484,trunk,Saswad Road,1,yes,,,no,no,2,2.77,1461.45,STATIC_ROAD_NETWORK
60658,"Hadapsar, Pune - IITM",18.5018,73.9275,Eastern Commercial / Mixed Suburban Corridor,1531631403,tertiary,Unnamed,1,yes,,,no,no,2,10.33,742.28,STATIC_ROAD_NETWORK
60658,"Hadapsar, Pune - IITM",18.5018,73.9275,Eastern Commercial / Mixed Suburban Corridor,1539012807,residential,Unnamed,1,no,,,no,no,2,92.06,447.17,STATIC_ROAD_NETWORK
60658,"Hadapsar, Pune - IITM",18.5018,73.9275,Eastern Commercial / Mixed Suburban Corridor,1545912825,trunk,Mundhwa Road,2,yes,,asphalt,no,no,44,1421.77,416.43,STATIC_ROAD_NETWORK
60658,"Hadapsar, Pune - IITM",18.5018,73.9275,Eastern Commercial / Mixed Suburban Corridor,1548572702,residential,Unnamed,1,no,,,no,no,13,109.07,560.88,STATIC_ROAD_NETWORK
60658,"Hadapsar, Pune - IITM",18.5018,73.9275,Eastern Commercial / Mixed Suburban Corridor,1548572703,residential,Unnamed,1,no,,,no,no,2,32.44,596.7,STATIC_ROAD_NETWORK
60658,"Hadapsar, Pune - IITM",18.5018,73.9275,Eastern Commercial / Mixed Suburban Corridor,1552482428,trunk,Solapur Road,3,yes,,,no,no,2,5.58,53.63,STATIC_ROAD_NETWORK
60658,"Hadapsar, Pune - IITM",18.5018,73.9275,Eastern Commercial / Mixed Suburban Corridor,1552482429,trunk,Solapur Road,3,yes,,,no,no,2,36.21,74.72,STATIC_ROAD_NETWORK
60658,"Hadapsar, Pune - IITM",18.5018,73.9275,Eastern Commercial / Mixed Suburban Corridor,1552482430,trunk_link,Unnamed,2,yes,,,no,no,3,19.77,83.14,STATIC_ROAD_NETWORK
60658,"Hadapsar, Pune - IITM",18.5018,73.9275,Eastern Commercial / Mixed Suburban Corridor,1552482431,trunk,Kharadi Bypass,2,yes,,asphalt,no,no,5,24.01,91.52,STATIC_ROAD_NETWORK
60658,"Hadapsar, Pune - IITM",18.5018,73.9275,Eastern Commercial / Mixed Suburban Corridor,1552482432,trunk,Solapur Road,3,yes,,,no,no,2,16.7,83.14,STATIC_ROAD_NETWORK
60658,"Hadapsar, Pune - IITM",18.5018,73.9275,Eastern Commercial / Mixed Suburban Corridor,1552482433,trunk,Solapur Road,3,yes,,,no,no,2,24.04,63.73,STATIC_ROAD_NETWORK
60658,"Hadapsar, Pune - IITM",18.5018,73.9275,Eastern Commercial / Mixed Suburban Corridor,1552482436,trunk,Solapur Road,3,yes,,,no,no,2,19.86,53.63,STATIC_ROAD_NETWORK
60658,"Hadapsar, Pune - IITM",18.5018,73.9275,Eastern Commercial / Mixed Suburban Corridor,1552753514,trunk,Magarpatta Road Flyover,1,yes,,,yes,no,2,8.03,68.14,STATIC_ROAD_NETWORK
60658,"Hadapsar, Pune - IITM",18.5018,73.9275,Eastern Commercial / Mixed Suburban Corridor,1553771541,primary,Solapur Road,2,yes,,,no,no,9,253.34,363.9,STATIC_ROAD_NETWORK
60658,"Hadapsar, Pune - IITM",18.5018,73.9275,Eastern Commercial / Mixed Suburban Corridor,1553771542,primary,Solapur Road,2,yes,,,no,no,2,14.56,615.24,STATIC_ROAD_NETWORK
60658,"Hadapsar, Pune - IITM",18.5018,73.9275,Eastern Commercial / Mixed Suburban Corridor,1553771543,primary,Solapur Road,2,yes,,,no,no,9,262.42,363.02,STATIC_ROAD_NETWORK
60658,"Hadapsar, Pune - IITM",18.5018,73.9275,Eastern Commercial / Mixed Suburban Corridor,1553771544,tertiary,Unnamed,1,no,,,no,no,2,11.94,638.5,STATIC_ROAD_NETWORK
60658,"Hadapsar, Pune - IITM",18.5018,73.9275,Eastern Commercial / Mixed Suburban Corridor,1553771545,primary,Solapur Road,2,yes,,,no,no,2,14.75,623.79,STATIC_ROAD_NETWORK
60658,"Hadapsar, Pune - IITM",18.5018,73.9275,Eastern Commercial / Mixed Suburban Corridor,1557566079,tertiary,Unnamed,1,yes,,,no,no,6,146.38,1262.05,STATIC_ROAD_NETWORK
60658,"Hadapsar, Pune - IITM",18.5018,73.9275,Eastern Commercial / Mixed Suburban Corridor,1557566080,tertiary,Unnamed,1,yes,,,no,no,7,114.8,1148.49,STATIC_ROAD_NETWORK
60658,"Hadapsar, Pune - IITM",18.5018,73.9275,Eastern Commercial / Mixed Suburban Corridor,1557566081,tertiary,Unnamed,1,no,,,no,no,6,231.65,1283.56,STATIC_ROAD_NETWORK
60658,"Hadapsar, Pune - IITM",18.5018,73.9275,Eastern Commercial / Mixed Suburban Corridor,1557566082,tertiary,Unnamed,1,no,,,yes,no,4,93.68,1262.05,STATIC_ROAD_NETWORK
60658,"Hadapsar, Pune - IITM",18.5018,73.9275,Eastern Commercial / Mixed Suburban Corridor,1557566083,tertiary,Unnamed,2,no,40,asphalt,no,no,20,344.57,1158.29,STATIC_ROAD_NETWORK
60658,"Hadapsar, Pune - IITM",18.5018,73.9275,Eastern Commercial / Mixed Suburban Corridor,1557566084,tertiary,Magarpatta Rear Approach Road,2,yes,30,asphalt,no,no,19,867.29,1392.81,STATIC_ROAD_NETWORK
60658,"Hadapsar, Pune - IITM",18.5018,73.9275,Eastern Commercial / Mixed Suburban Corridor,1557566085,tertiary,Magarpatta Rear Approach Road,2,yes,30,asphalt,no,no,2,250.13,1148.49,STATIC_ROAD_NETWORK
60658,"Hadapsar, Pune - IITM",18.5018,73.9275,Eastern Commercial / Mixed Suburban Corridor,1558098665,tertiary,Unnamed,1,no,,,no,no,9,315.59,801.66,STATIC_ROAD_NETWORK
60658,"Hadapsar, Pune - IITM",18.5018,73.9275,Eastern Commercial / Mixed Suburban Corridor,1558098666,trunk,Solapur Road Flyover,3,yes,,,no,no,2,61.74,740.09,STATIC_ROAD_NETWORK
60658,"Hadapsar, Pune - IITM",18.5018,73.9275,Eastern Commercial / Mixed Suburban Corridor,1558098667,tertiary,Unnamed,1,no,,,no,no,3,49.69,1104.3,STATIC_ROAD_NETWORK
60658,"Hadapsar, Pune - IITM",18.5018,73.9275,Eastern Commercial / Mixed Suburban Corridor,1559856501,residential,Unnamed,1,no,,,no,no,2,8.16,862.76,STATIC_ROAD_NETWORK
60658,"Hadapsar, Pune - IITM",18.5018,73.9275,Eastern Commercial / Mixed Suburban Corridor,1559856502,residential,Unnamed,1,no,,,no,no,4,9.42,854.1,STATIC_ROAD_NETWORK
60658,"Hadapsar, Pune - IITM",18.5018,73.9275,Eastern Commercial / Mixed Suburban Corridor,1559856503,residential,Unnamed,1,no,,,no,no,2,7.9,831.78,STATIC_ROAD_NETWORK
3409331,"Bhosari, Pune - IITM",18.6401,73.849,Northern Heavy Industrial / Highway Hub (PCMC),97699164,trunk,Pune Nashik Road,1,yes,,,no,no,134,4028.33,858.73,STATIC_ROAD_NETWORK
3409331,"Bhosari, Pune - IITM",18.6401,73.849,Northern Heavy Industrial / Highway Hub (PCMC),106621754,tertiary,Unnamed,2,yes,,,no,no,12,1004.26,471.76,STATIC_ROAD_NETWORK
3409331,"Bhosari, Pune - IITM",18.6401,73.849,Northern Heavy Industrial / Highway Hub (PCMC),106621786,secondary,Indrayani Nagar Road,1,yes,,,no,no,10,691.63,1382.59,STATIC_ROAD_NETWORK
3409331,"Bhosari, Pune - IITM",18.6401,73.849,Northern Heavy Industrial / Highway Hub (PCMC),106621849,secondary,Anandrao Lande Road,1,no,,,no,no,10,549.88,963.47,STATIC_ROAD_NETWORK
3409331,"Bhosari, Pune - IITM",18.6401,73.849,Northern Heavy Industrial / Highway Hub (PCMC),106621951,tertiary,Unnamed,1,no,,,no,no,3,354.53,1168.17,STATIC_ROAD_NETWORK
3409331,"Bhosari, Pune - IITM",18.6401,73.849,Northern Heavy Industrial / Highway Hub (PCMC),106622070,residential,Unnamed,1,no,,,no,no,7,331.21,780.25,STATIC_ROAD_NETWORK
3409331,"Bhosari, Pune - IITM",18.6401,73.849,Northern Heavy Industrial / Highway Hub (PCMC),190904796,tertiary,Spine Road,2,yes,,asphalt,no,no,31,2030.9,863.0,STATIC_ROAD_NETWORK
3409331,"Bhosari, Pune - IITM",18.6401,73.849,Northern Heavy Industrial / Highway Hub (PCMC),191165924,secondary,Unnamed,2,yes,,,no,no,19,904.78,893.71,STATIC_ROAD_NETWORK
3409331,"Bhosari, Pune - IITM",18.6401,73.849,Northern Heavy Industrial / Highway Hub (PCMC),191165929,secondary,Anandrao Lande Road,1,no,,,no,no,7,496.03,1118.58,STATIC_ROAD_NETWORK
3409331,"Bhosari, Pune - IITM",18.6401,73.849,Northern Heavy Industrial / Highway Hub (PCMC),191165960,secondary,Unnamed,2,yes,,,no,no,28,1997.43,548.6,STATIC_ROAD_NETWORK
3409331,"Bhosari, Pune - IITM",18.6401,73.849,Northern Heavy Industrial / Highway Hub (PCMC),191165964,secondary,Unnamed,2,yes,,,no,no,8,457.81,701.5,STATIC_ROAD_NETWORK
3409331,"Bhosari, Pune - IITM",18.6401,73.849,Northern Heavy Industrial / Highway Hub (PCMC),211598942,trunk,Bhosari Flyover,1,yes,40,,viaduct,no,26,1480.02,1310.51,STATIC_ROAD_NETWORK
3409331,"Bhosari, Pune - IITM",18.6401,73.849,Northern Heavy Industrial / Highway Hub (PCMC),211598943,trunk,Bhosari Flyover,1,yes,40,,viaduct,no,26,1459.12,1312.26,STATIC_ROAD_NETWORK
3409331,"Bhosari, Pune - IITM",18.6401,73.849,Northern Heavy Industrial / Highway Hub (PCMC),211598948,trunk,Pune Nashik Road,1,yes,,,no,no,72,2177.89,138.29,STATIC_ROAD_NETWORK
3409331,"Bhosari, Pune - IITM",18.6401,73.849,Northern Heavy Industrial / Highway Hub (PCMC),211598950,trunk,Pune Nashik Road,1,yes,,,no,no,65,2159.85,158.5,STATIC_ROAD_NETWORK
3409331,"Bhosari, Pune - IITM",18.6401,73.849,Northern Heavy Industrial / Highway Hub (PCMC),211598956,trunk,Pune Nashik Road,1,yes,,,no,no,137,4026.93,853.38,STATIC_ROAD_NETWORK
3409331,"Bhosari, Pune - IITM",18.6401,73.849,Northern Heavy Industrial / Highway Hub (PCMC),211598957,primary,Unnamed,1,yes,,,no,no,47,1501.29,1274.79,STATIC_ROAD_NETWORK
3409331,"Bhosari, Pune - IITM",18.6401,73.849,Northern Heavy Industrial / Highway Hub (PCMC),236168414,primary,Spine Road,2,yes,,asphalt,no,no,34,2561.89,802.38,STATIC_ROAD_NETWORK
3409331,"Bhosari, Pune - IITM",18.6401,73.849,Northern Heavy Industrial / Highway Hub (PCMC),236168415,primary,Spine Road,2,yes,,asphalt,no,no,30,2553.41,824.85,STATIC_ROAD_NETWORK
3409331,"Bhosari, Pune - IITM",18.6401,73.849,Northern Heavy Industrial / Highway Hub (PCMC),236168419,tertiary,Unnamed,1,no,,,no,no,4,61.79,807.1,STATIC_ROAD_NETWORK
3409331,"Bhosari, Pune - IITM",18.6401,73.849,Northern Heavy Industrial / Highway Hub (PCMC),236170460,secondary,MIDC Road,2,yes,,,no,no,19,660.95,1472.05,STATIC_ROAD_NETWORK
3409331,"Bhosari, Pune - IITM",18.6401,73.849,Northern Heavy Industrial / Highway Hub (PCMC),236170461,secondary,MIDC Road,2,yes,,,no,no,19,666.37,1464.83,STATIC_ROAD_NETWORK
3409331,"Bhosari, Pune - IITM",18.6401,73.849,Northern Heavy Industrial / Highway Hub (PCMC),236170471,secondary,Unnamed,2,yes,,,no,no,18,905.39,889.71,STATIC_ROAD_NETWORK
3409331,"Bhosari, Pune - IITM",18.6401,73.849,Northern Heavy Industrial / Highway Hub (PCMC),236173672,residential,Unnamed,1,no,,,no,no,15,469.98,1275.52,STATIC_ROAD_NETWORK
3409331,"Bhosari, Pune - IITM",18.6401,73.849,Northern Heavy Industrial / Highway Hub (PCMC),236173673,residential,Unnamed,1,no,,,no,no,23,874.92,868.18,STATIC_ROAD_NETWORK
3409331,"Bhosari, Pune - IITM",18.6401,73.849,Northern Heavy Industrial / Highway Hub (PCMC),236173676,residential,Unnamed,1,no,,,no,no,3,326.46,948.77,STATIC_ROAD_NETWORK
3409331,"Bhosari, Pune - IITM",18.6401,73.849,Northern Heavy Industrial / Highway Hub (PCMC),236173677,residential,Unnamed,1,no,,,no,no,5,274.27,1016.83,STATIC_ROAD_NETWORK
3409331,"Bhosari, Pune - IITM",18.6401,73.849,Northern Heavy Industrial / Highway Hub (PCMC),236173678,residential,Unnamed,1,no,,,no,no,2,104.47,1464.89,STATIC_ROAD_NETWORK
3409331,"Bhosari, Pune - IITM",18.6401,73.849,Northern Heavy Industrial / Highway Hub (PCMC),236173685,residential,Unnamed,1,no,,,no,no,2,37.04,1396.93,STATIC_ROAD_NETWORK
3409331,"Bhosari, Pune - IITM",18.6401,73.849,Northern Heavy Industrial / Highway Hub (PCMC),236173687,residential,Unnamed,1,no,,,no,no,10,291.19,1367.35,STATIC_ROAD_NETWORK
3409331,"Bhosari, Pune - IITM",18.6401,73.849,Northern Heavy Industrial / Highway Hub (PCMC),236173689,residential,Unnamed,1,no,,,no,no,2,116.24,1275.59,STATIC_ROAD_NETWORK
3409331,"Bhosari, Pune - IITM",18.6401,73.849,Northern Heavy Industrial / Highway Hub (PCMC),236173692,residential,Unnamed,1,no,,,no,no,2,174.5,927.54,STATIC_ROAD_NETWORK
3409331,"Bhosari, Pune - IITM",18.6401,73.849,Northern Heavy Industrial / Highway Hub (PCMC),236173694,residential,Unnamed,1,no,,,no,no,5,95.48,1153.54,STATIC_ROAD_NETWORK
3409331,"Bhosari, Pune - IITM",18.6401,73.849,Northern Heavy Industrial / Highway Hub (PCMC),236173695,residential,Unnamed,1,no,,,no,no,17,198.78,986.79,STATIC_ROAD_NETWORK
3409331,"Bhosari, Pune - IITM",18.6401,73.849,Northern Heavy Industrial / Highway Hub (PCMC),236173696,residential,Unnamed,1,no,,,no,no,3,120.0,1157.87,STATIC_ROAD_NETWORK
3409331,"Bhosari, Pune - IITM",18.6401,73.849,Northern Heavy Industrial / Highway Hub (PCMC),236173697,residential,Unnamed,1,no,,,no,no,4,71.88,1433.8,STATIC_ROAD_NETWORK
3409331,"Bhosari, Pune - IITM",18.6401,73.849,Northern Heavy Industrial / Highway Hub (PCMC),236173699,residential,Unnamed,1,no,,,no,no,5,208.26,1431.18,STATIC_ROAD_NETWORK
3409331,"Bhosari, Pune - IITM",18.6401,73.849,Northern Heavy Industrial / Highway Hub (PCMC),236173701,residential,Unnamed,1,no,,,no,no,3,183.89,1333.83,STATIC_ROAD_NETWORK
3409331,"Bhosari, Pune - IITM",18.6401,73.849,Northern Heavy Industrial / Highway Hub (PCMC),236173702,residential,Unnamed,1,no,,,no,no,2,164.32,965.77,STATIC_ROAD_NETWORK
3409331,"Bhosari, Pune - IITM",18.6401,73.849,Northern Heavy Industrial / Highway Hub (PCMC),236173705,residential,Unnamed,1,no,,,no,no,7,158.42,1430.15,STATIC_ROAD_NETWORK
3409331,"Bhosari, Pune - IITM",18.6401,73.849,Northern Heavy Industrial / Highway Hub (PCMC),236173707,residential,Unnamed,1,no,,,no,no,9,448.68,1291.26,STATIC_ROAD_NETWORK
3409331,"Bhosari, Pune - IITM",18.6401,73.849,Northern Heavy Industrial / Highway Hub (PCMC),236173711,residential,Unnamed,1,no,,,no,no,8,266.85,1185.28,STATIC_ROAD_NETWORK
3409331,"Bhosari, Pune - IITM",18.6401,73.849,Northern Heavy Industrial / Highway Hub (PCMC),236173726,residential,Unnamed,1,no,,,no,no,6,249.55,1151.04,STATIC_ROAD_NETWORK
3409331,"Bhosari, Pune - IITM",18.6401,73.849,Northern Heavy Industrial / Highway Hub (PCMC),236173727,residential,Unnamed,1,no,,,no,no,9,376.83,1227.36,STATIC_ROAD_NETWORK
3409331,"Bhosari, Pune - IITM",18.6401,73.849,Northern Heavy Industrial / Highway Hub (PCMC),236173729,residential,Unnamed,1,no,,,no,no,5,229.92,906.22,STATIC_ROAD_NETWORK
3409331,"Bhosari, Pune - IITM",18.6401,73.849,Northern Heavy Industrial / Highway Hub (PCMC),236173731,residential,Unnamed,1,no,,,no,no,8,428.2,1316.24,STATIC_ROAD_NETWORK
3409331,"Bhosari, Pune - IITM",18.6401,73.849,Northern Heavy Industrial / Highway Hub (PCMC),236173734,residential,Jalvayu Road,1,no,,,no,no,15,447.84,1222.51,STATIC_ROAD_NETWORK
3409331,"Bhosari, Pune - IITM",18.6401,73.849,Northern Heavy Industrial / Highway Hub (PCMC),236173737,residential,Unnamed,1,no,,,no,no,14,251.11,1085.78,STATIC_ROAD_NETWORK
3409331,"Bhosari, Pune - IITM",18.6401,73.849,Northern Heavy Industrial / Highway Hub (PCMC),236173740,residential,Unnamed,1,no,,,no,no,10,451.31,838.45,STATIC_ROAD_NETWORK
3409331,"Bhosari, Pune - IITM",18.6401,73.849,Northern Heavy Industrial / Highway Hub (PCMC),237620890,secondary,Vaishnao Mata Marg,2,yes,,,no,no,15,770.18,423.08,STATIC_ROAD_NETWORK
3409331,"Bhosari, Pune - IITM",18.6401,73.849,Northern Heavy Industrial / Highway Hub (PCMC),237620892,secondary,Unnamed,2,yes,,,no,no,20,1460.12,963.47,STATIC_ROAD_NETWORK
3409331,"Bhosari, Pune - IITM",18.6401,73.849,Northern Heavy Industrial / Highway Hub (PCMC),237620893,secondary,MIDC Road,2,yes,,,no,no,41,2011.0,1414.8,STATIC_ROAD_NETWORK
3409331,"Bhosari, Pune - IITM",18.6401,73.849,Northern Heavy Industrial / Highway Hub (PCMC),237620894,secondary,MIDC Road,2,yes,,,no,no,30,1306.91,1407.81,STATIC_ROAD_NETWORK
3409331,"Bhosari, Pune - IITM",18.6401,73.849,Northern Heavy Industrial / Highway Hub (PCMC),237620895,secondary,Lakshmi Road,1,no,,,no,no,20,553.35,275.21,STATIC_ROAD_NETWORK
3409331,"Bhosari, Pune - IITM",18.6401,73.849,Northern Heavy Industrial / Highway Hub (PCMC),237620899,tertiary,Unnamed,2,yes,,,no,no,4,19.78,909.64,STATIC_ROAD_NETWORK
3409331,"Bhosari, Pune - IITM",18.6401,73.849,Northern Heavy Industrial / Highway Hub (PCMC),237620901,secondary,Vaishnao Mata Marg,2,yes,,,no,no,24,763.1,410.13,STATIC_ROAD_NETWORK
3409331,"Bhosari, Pune - IITM",18.6401,73.849,Northern Heavy Industrial / Highway Hub (PCMC),237620902,tertiary,Unnamed,2,yes,,,no,no,7,553.08,915.12,STATIC_ROAD_NETWORK
3409331,"Bhosari, Pune - IITM",18.6401,73.849,Northern Heavy Industrial / Highway Hub (PCMC),237621662,residential,Unnamed,1,no,,,no,no,5,117.73,576.02,STATIC_ROAD_NETWORK
3409331,"Bhosari, Pune - IITM",18.6401,73.849,Northern Heavy Industrial / Highway Hub (PCMC),237621664,residential,Unnamed,1,no,,,no,no,3,172.11,611.3,STATIC_ROAD_NETWORK
3409331,"Bhosari, Pune - IITM",18.6401,73.849,Northern Heavy Industrial / Highway Hub (PCMC),237621666,residential,Unnamed,1,no,,,no,no,4,175.57,611.05,STATIC_ROAD_NETWORK
3409331,"Bhosari, Pune - IITM",18.6401,73.849,Northern Heavy Industrial / Highway Hub (PCMC),237621677,residential,Indrayani Nagar Road,1,no,,,no,no,2,137.78,688.49,STATIC_ROAD_NETWORK
3409331,"Bhosari, Pune - IITM",18.6401,73.849,Northern Heavy Industrial / Highway Hub (PCMC),237621680,residential,Unnamed,1,no,,,no,no,2,28.76,636.61,STATIC_ROAD_NETWORK
3409331,"Bhosari, Pune - IITM",18.6401,73.849,Northern Heavy Industrial / Highway Hub (PCMC),237621682,residential,Unnamed,1,no,,,no,no,5,79.9,481.8,STATIC_ROAD_NETWORK
3409331,"Bhosari, Pune - IITM",18.6401,73.849,Northern Heavy Industrial / Highway Hub (PCMC),237621683,residential,Unnamed,1,no,,,no,no,4,103.87,739.18,STATIC_ROAD_NETWORK
3409331,"Bhosari, Pune - IITM",18.6401,73.849,Northern Heavy Industrial / Highway Hub (PCMC),237621684,residential,Unnamed,1,no,,,no,no,12,257.37,594.46,STATIC_ROAD_NETWORK
3409331,"Bhosari, Pune - IITM",18.6401,73.849,Northern Heavy Industrial / Highway Hub (PCMC),237621690,residential,Unnamed,1,no,,,no,no,3,114.56,527.58,STATIC_ROAD_NETWORK
3409331,"Bhosari, Pune - IITM",18.6401,73.849,Northern Heavy Industrial / Highway Hub (PCMC),237621693,residential,Unnamed,1,no,,,no,no,12,487.72,419.25,STATIC_ROAD_NETWORK
3409331,"Bhosari, Pune - IITM",18.6401,73.849,Northern Heavy Industrial / Highway Hub (PCMC),237621718,unclassified,Veer Nariman Marg,1,no,,,no,no,14,660.17,1428.54,STATIC_ROAD_NETWORK
3409331,"Bhosari, Pune - IITM",18.6401,73.849,Northern Heavy Industrial / Highway Hub (PCMC),237621719,unclassified,Unnamed,1,no,,,no,no,6,275.04,1469.17,STATIC_ROAD_NETWORK
3409331,"Bhosari, Pune - IITM",18.6401,73.849,Northern Heavy Industrial / Highway Hub (PCMC),237621722,unclassified,Unnamed,1,no,,,no,no,9,646.69,1434.77,STATIC_ROAD_NETWORK
3409331,"Bhosari, Pune - IITM",18.6401,73.849,Northern Heavy Industrial / Highway Hub (PCMC),242011047,residential,Unnamed,1,no,,,no,no,16,697.74,790.56,STATIC_ROAD_NETWORK
3409331,"Bhosari, Pune - IITM",18.6401,73.849,Northern Heavy Industrial / Highway Hub (PCMC),242011054,residential,Unnamed,1,no,,,no,no,2,68.05,978.89,STATIC_ROAD_NETWORK
3409331,"Bhosari, Pune - IITM",18.6401,73.849,Northern Heavy Industrial / Highway Hub (PCMC),242011060,unclassified,Unnamed,1,no,,,no,no,2,229.36,1412.8,STATIC_ROAD_NETWORK
3409331,"Bhosari, Pune - IITM",18.6401,73.849,Northern Heavy Industrial / Highway Hub (PCMC),242011061,residential,Unnamed,1,no,,,no,no,2,166.85,768.99,STATIC_ROAD_NETWORK
3409331,"Bhosari, Pune - IITM",18.6401,73.849,Northern Heavy Industrial / Highway Hub (PCMC),242011063,residential,Unnamed,1,no,,,no,no,4,144.11,705.37,STATIC_ROAD_NETWORK
3409331,"Bhosari, Pune - IITM",18.6401,73.849,Northern Heavy Industrial / Highway Hub (PCMC),242011066,residential,Unnamed,1,no,,,no,no,2,193.89,939.03,STATIC_ROAD_NETWORK
3409331,"Bhosari, Pune - IITM",18.6401,73.849,Northern Heavy Industrial / Highway Hub (PCMC),242011074,residential,Unnamed,1,no,,,no,no,2,75.27,1148.84,STATIC_ROAD_NETWORK
3409331,"Bhosari, Pune - IITM",18.6401,73.849,Northern Heavy Industrial / Highway Hub (PCMC),242011075,unclassified,Unnamed,1,no,,,no,no,2,228.61,1411.27,STATIC_ROAD_NETWORK
3409331,"Bhosari, Pune - IITM",18.6401,73.849,Northern Heavy Industrial / Highway Hub (PCMC),242011079,unclassified,Unnamed,1,no,,,no,no,2,228.0,1419.34,STATIC_ROAD_NETWORK
3409331,"Bhosari, Pune - IITM",18.6401,73.849,Northern Heavy Industrial / Highway Hub (PCMC),242011081,residential,Unnamed,1,no,,,no,no,2,71.46,1212.07,STATIC_ROAD_NETWORK
3409331,"Bhosari, Pune - IITM",18.6401,73.849,Northern Heavy Industrial / Highway Hub (PCMC),242011082,residential,Unnamed,1,no,,,no,no,2,57.52,917.54,STATIC_ROAD_NETWORK
3409331,"Bhosari, Pune - IITM",18.6401,73.849,Northern Heavy Industrial / Highway Hub (PCMC),242011086,residential,Unnamed,1,no,,,no,no,3,125.21,987.78,STATIC_ROAD_NETWORK
3409331,"Bhosari, Pune - IITM",18.6401,73.849,Northern Heavy Industrial / Highway Hub (PCMC),242011092,residential,Unnamed,1,no,,,no,no,4,237.42,626.21,STATIC_ROAD_NETWORK
3409331,"Bhosari, Pune - IITM",18.6401,73.849,Northern Heavy Industrial / Highway Hub (PCMC),242011095,residential,Unnamed,1,no,,,no,no,5,368.17,813.71,STATIC_ROAD_NETWORK
3409331,"Bhosari, Pune - IITM",18.6401,73.849,Northern Heavy Industrial / Highway Hub (PCMC),242011098,residential,Unnamed,1,no,,,no,no,3,131.01,750.38,STATIC_ROAD_NETWORK
3409331,"Bhosari, Pune - IITM",18.6401,73.849,Northern Heavy Industrial / Highway Hub (PCMC),242011099,tertiary,Unnamed,1,no,,,no,no,3,129.06,1442.15,STATIC_ROAD_NETWORK
3409331,"Bhosari, Pune - IITM",18.6401,73.849,Northern Heavy Industrial / Highway Hub (PCMC),242011102,residential,Unnamed,1,no,,,no,no,5,369.15,847.36,STATIC_ROAD_NETWORK
3409331,"Bhosari, Pune - IITM",18.6401,73.849,Northern Heavy Industrial / Highway Hub (PCMC),242011105,residential,Unnamed,1,no,,,no,no,8,370.38,1051.41,STATIC_ROAD_NETWORK
3409331,"Bhosari, Pune - IITM",18.6401,73.849,Northern Heavy Industrial / Highway Hub (PCMC),242011107,tertiary,Unnamed,2,yes,,,no,no,12,790.14,1448.57,STATIC_ROAD_NETWORK
3409331,"Bhosari, Pune - IITM",18.6401,73.849,Northern Heavy Industrial / Highway Hub (PCMC),242011109,residential,Unnamed,1,no,,,no,no,4,225.72,590.84,STATIC_ROAD_NETWORK
3409331,"Bhosari, Pune - IITM",18.6401,73.849,Northern Heavy Industrial / Highway Hub (PCMC),242011110,secondary,Unnamed,2,yes,,,no,no,8,458.53,694.5,STATIC_ROAD_NETWORK
3409331,"Bhosari, Pune - IITM",18.6401,73.849,Northern Heavy Industrial / Highway Hub (PCMC),242011114,tertiary,Mahatma Phule Road,1,no,,,no,no,10,699.75,1442.15,STATIC_ROAD_NETWORK
3409331,"Bhosari, Pune - IITM",18.6401,73.849,Northern Heavy Industrial / Highway Hub (PCMC),242011117,residential,Unnamed,1,no,,,no,no,7,117.69,784.74,STATIC_ROAD_NETWORK
3409331,"Bhosari, Pune - IITM",18.6401,73.849,Northern Heavy Industrial / Highway Hub (PCMC),242011118,residential,Unnamed,1,no,,,no,no,11,321.12,707.27,STATIC_ROAD_NETWORK
3409331,"Bhosari, Pune - IITM",18.6401,73.849,Northern Heavy Industrial / Highway Hub (PCMC),242011119,unclassified,Unnamed,1,no,,,no,no,13,607.19,1433.34,STATIC_ROAD_NETWORK
3409331,"Bhosari, Pune - IITM",18.6401,73.849,Northern Heavy Industrial / Highway Hub (PCMC),242011120,residential,Unnamed,1,no,,,no,no,7,188.47,900.76,STATIC_ROAD_NETWORK
3409331,"Bhosari, Pune - IITM",18.6401,73.849,Northern Heavy Industrial / Highway Hub (PCMC),242011122,tertiary,Unnamed,1,no,,,no,no,10,449.31,1411.27,STATIC_ROAD_NETWORK
3409331,"Bhosari, Pune - IITM",18.6401,73.849,Northern Heavy Industrial / Highway Hub (PCMC),242052497,residential,Narayan Dhawade Marg,1,no,,,no,no,15,357.98,1293.62,STATIC_ROAD_NETWORK
3409331,"Bhosari, Pune - IITM",18.6401,73.849,Northern Heavy Industrial / Highway Hub (PCMC),251882355,residential,Unnamed,1,no,,,no,no,14,316.75,586.23,STATIC_ROAD_NETWORK
3409331,"Bhosari, Pune - IITM",18.6401,73.849,Northern Heavy Industrial / Highway Hub (PCMC),251882356,residential,Unnamed,1,no,,,no,no,15,352.87,516.91,STATIC_ROAD_NETWORK
3409331,"Bhosari, Pune - IITM",18.6401,73.849,Northern Heavy Industrial / Highway Hub (PCMC),251882357,residential,Unnamed,1,no,,,no,no,26,605.02,716.97,STATIC_ROAD_NETWORK
3409331,"Bhosari, Pune - IITM",18.6401,73.849,Northern Heavy Industrial / Highway Hub (PCMC),251882358,residential,Unnamed,1,no,,,no,no,15,406.13,465.48,STATIC_ROAD_NETWORK
3409331,"Bhosari, Pune - IITM",18.6401,73.849,Northern Heavy Industrial / Highway Hub (PCMC),251882360,residential,Unnamed,1,no,,,no,no,18,534.4,608.18,STATIC_ROAD_NETWORK
3409331,"Bhosari, Pune - IITM",18.6401,73.849,Northern Heavy Industrial / Highway Hub (PCMC),251882361,residential,Unnamed,1,no,,,no,no,2,97.47,858.0,STATIC_ROAD_NETWORK
3409331,"Bhosari, Pune - IITM",18.6401,73.849,Northern Heavy Industrial / Highway Hub (PCMC),251882363,residential,Unnamed,1,no,,,yes,no,2,7.6,916.49,STATIC_ROAD_NETWORK
3409331,"Bhosari, Pune - IITM",18.6401,73.849,Northern Heavy Industrial / Highway Hub (PCMC),251882364,residential,Unnamed,1,no,,,no,no,2,54.75,622.08,STATIC_ROAD_NETWORK
3409331,"Bhosari, Pune - IITM",18.6401,73.849,Northern Heavy Industrial / Highway Hub (PCMC),251882366,residential,Unnamed,1,no,,,no,no,3,77.59,1237.56,STATIC_ROAD_NETWORK
3409331,"Bhosari, Pune - IITM",18.6401,73.849,Northern Heavy Industrial / Highway Hub (PCMC),251882367,residential,Unnamed,1,no,,,no,no,2,138.67,674.37,STATIC_ROAD_NETWORK
3409331,"Bhosari, Pune - IITM",18.6401,73.849,Northern Heavy Industrial / Highway Hub (PCMC),251882369,residential,Unnamed,1,no,,,yes,no,2,26.66,700.66,STATIC_ROAD_NETWORK
3409331,"Bhosari, Pune - IITM",18.6401,73.849,Northern Heavy Industrial / Highway Hub (PCMC),251882370,residential,Unnamed,1,no,,,no,no,4,97.76,543.82,STATIC_ROAD_NETWORK
3409331,"Bhosari, Pune - IITM",18.6401,73.849,Northern Heavy Industrial / Highway Hub (PCMC),251882372,residential,Unnamed,1,no,,,no,no,2,80.88,525.01,STATIC_ROAD_NETWORK
3409331,"Bhosari, Pune - IITM",18.6401,73.849,Northern Heavy Industrial / Highway Hub (PCMC),251882373,residential,Unnamed,1,no,,,no,no,3,51.05,823.5,STATIC_ROAD_NETWORK
3409331,"Bhosari, Pune - IITM",18.6401,73.849,Northern Heavy Industrial / Highway Hub (PCMC),251882374,residential,Unnamed,1,no,,,no,no,2,78.52,1213.29,STATIC_ROAD_NETWORK
3409331,"Bhosari, Pune - IITM",18.6401,73.849,Northern Heavy Industrial / Highway Hub (PCMC),251882375,residential,Unnamed,1,no,,,no,no,2,97.84,935.6,STATIC_ROAD_NETWORK
3409331,"Bhosari, Pune - IITM",18.6401,73.849,Northern Heavy Industrial / Highway Hub (PCMC),251882376,residential,Unnamed,1,no,,,no,no,3,23.69,914.11,STATIC_ROAD_NETWORK
3409331,"Bhosari, Pune - IITM",18.6401,73.849,Northern Heavy Industrial / Highway Hub (PCMC),251882377,residential,Unnamed,1,no,,,no,no,2,59.57,412.62,STATIC_ROAD_NETWORK
3409331,"Bhosari, Pune - IITM",18.6401,73.849,Northern Heavy Industrial / Highway Hub (PCMC),251882378,residential,Unnamed,1,no,,,no,no,13,226.45,693.11,STATIC_ROAD_NETWORK
3409331,"Bhosari, Pune - IITM",18.6401,73.849,Northern Heavy Industrial / Highway Hub (PCMC),251882379,residential,Unnamed,1,no,,,no,no,2,80.58,546.95,STATIC_ROAD_NETWORK
3409331,"Bhosari, Pune - IITM",18.6401,73.849,Northern Heavy Industrial / Highway Hub (PCMC),251882380,residential,Unnamed,1,no,,,no,no,8,247.63,520.39,STATIC_ROAD_NETWORK
3409331,"Bhosari, Pune - IITM",18.6401,73.849,Northern Heavy Industrial / Highway Hub (PCMC),251882381,residential,Unnamed,1,no,,,no,no,2,175.63,1300.04,STATIC_ROAD_NETWORK
3409331,"Bhosari, Pune - IITM",18.6401,73.849,Northern Heavy Industrial / Highway Hub (PCMC),251882383,residential,Unnamed,1,no,,,no,no,2,55.76,621.96,STATIC_ROAD_NETWORK
3409331,"Bhosari, Pune - IITM",18.6401,73.849,Northern Heavy Industrial / Highway Hub (PCMC),251882384,residential,Unnamed,1,no,,,no,no,2,46.58,715.38,STATIC_ROAD_NETWORK
3409331,"Bhosari, Pune - IITM",18.6401,73.849,Northern Heavy Industrial / Highway Hub (PCMC),251882385,residential,Unnamed,1,no,,,no,no,2,42.25,664.64,STATIC_ROAD_NETWORK
3409331,"Bhosari, Pune - IITM",18.6401,73.849,Northern Heavy Industrial / Highway Hub (PCMC),251882387,residential,Unnamed,1,no,,,no,no,2,34.87,575.95,STATIC_ROAD_NETWORK
3409331,"Bhosari, Pune - IITM",18.6401,73.849,Northern Heavy Industrial / Highway Hub (PCMC),251882388,residential,Unnamed,1,no,,,no,no,2,100.36,898.17,STATIC_ROAD_NETWORK
3409331,"Bhosari, Pune - IITM",18.6401,73.849,Northern Heavy Industrial / Highway Hub (PCMC),251882389,residential,Unnamed,1,no,,,no,no,3,208.75,740.87,STATIC_ROAD_NETWORK
3409331,"Bhosari, Pune - IITM",18.6401,73.849,Northern Heavy Industrial / Highway Hub (PCMC),251882391,residential,Unnamed,1,no,,,no,no,2,127.63,615.66,STATIC_ROAD_NETWORK
3409331,"Bhosari, Pune - IITM",18.6401,73.849,Northern Heavy Industrial / Highway Hub (PCMC),251882392,residential,Unnamed,1,no,,,no,no,2,53.69,530.85,STATIC_ROAD_NETWORK
3409331,"Bhosari, Pune - IITM",18.6401,73.849,Northern Heavy Industrial / Highway Hub (PCMC),251882393,residential,Unnamed,1,no,,,no,no,7,219.63,478.85,STATIC_ROAD_NETWORK
3409331,"Bhosari, Pune - IITM",18.6401,73.849,Northern Heavy Industrial / Highway Hub (PCMC),251882394,residential,Unnamed,1,no,,,no,no,3,118.14,442.56,STATIC_ROAD_NETWORK
3409331,"Bhosari, Pune - IITM",18.6401,73.849,Northern Heavy Industrial / Highway Hub (PCMC),251882395,residential,Unnamed,1,no,,,no,no,2,80.99,535.22,STATIC_ROAD_NETWORK
3409331,"Bhosari, Pune - IITM",18.6401,73.849,Northern Heavy Industrial / Highway Hub (PCMC),251882396,residential,Unnamed,1,no,,,no,no,3,110.14,797.33,STATIC_ROAD_NETWORK
3409331,"Bhosari, Pune - IITM",18.6401,73.849,Northern Heavy Industrial / Highway Hub (PCMC),251882397,residential,Unnamed,1,no,,,no,no,2,53.06,509.7,STATIC_ROAD_NETWORK
3409331,"Bhosari, Pune - IITM",18.6401,73.849,Northern Heavy Industrial / Highway Hub (PCMC),251882398,residential,Unnamed,1,no,,,no,no,2,76.63,1224.93,STATIC_ROAD_NETWORK
3409331,"Bhosari, Pune - IITM",18.6401,73.849,Northern Heavy Industrial / Highway Hub (PCMC),251882399,residential,Unnamed,1,no,,,no,no,2,131.58,608.18,STATIC_ROAD_NETWORK
3409331,"Bhosari, Pune - IITM",18.6401,73.849,Northern Heavy Industrial / Highway Hub (PCMC),251882400,residential,Unnamed,1,no,,,no,no,7,251.68,1312.88,STATIC_ROAD_NETWORK
3409331,"Bhosari, Pune - IITM",18.6401,73.849,Northern Heavy Industrial / Highway Hub (PCMC),251882401,residential,Unnamed,1,no,,,no,no,2,72.55,791.24,STATIC_ROAD_NETWORK
3409331,"Bhosari, Pune - IITM",18.6401,73.849,Northern Heavy Industrial / Highway Hub (PCMC),251882403,residential,Unnamed,1,no,,,no,no,3,88.91,1311.76,STATIC_ROAD_NETWORK
3409331,"Bhosari, Pune - IITM",18.6401,73.849,Northern Heavy Industrial / Highway Hub (PCMC),251882405,residential,Unnamed,1,no,,,no,no,2,79.15,361.43,STATIC_ROAD_NETWORK
3409331,"Bhosari, Pune - IITM",18.6401,73.849,Northern Heavy Industrial / Highway Hub (PCMC),251882406,residential,Unnamed,1,no,,,no,no,2,129.65,496.09,STATIC_ROAD_NETWORK
3409331,"Bhosari, Pune - IITM",18.6401,73.849,Northern Heavy Industrial / Highway Hub (PCMC),251882407,residential,Unnamed,1,no,,,no,no,3,68.29,686.3,STATIC_ROAD_NETWORK
3409331,"Bhosari, Pune - IITM",18.6401,73.849,Northern Heavy Industrial / Highway Hub (PCMC),251882408,residential,Unnamed,1,no,,,no,no,3,39.71,606.06,STATIC_ROAD_NETWORK
3409331,"Bhosari, Pune - IITM",18.6401,73.849,Northern Heavy Industrial / Highway Hub (PCMC),251882409,residential,Unnamed,1,no,,,no,no,2,29.57,885.82,STATIC_ROAD_NETWORK
3409331,"Bhosari, Pune - IITM",18.6401,73.849,Northern Heavy Industrial / Highway Hub (PCMC),251882410,residential,Unnamed,1,no,,,no,no,2,82.11,559.79,STATIC_ROAD_NETWORK
3409331,"Bhosari, Pune - IITM",18.6401,73.849,Northern Heavy Industrial / Highway Hub (PCMC),251882411,residential,Unnamed,1,no,,,no,no,2,130.09,609.43,STATIC_ROAD_NETWORK
3409331,"Bhosari, Pune - IITM",18.6401,73.849,Northern Heavy Industrial / Highway Hub (PCMC),251882412,residential,Unnamed,1,no,,,no,no,5,191.2,299.03,STATIC_ROAD_NETWORK
3409331,"Bhosari, Pune - IITM",18.6401,73.849,Northern Heavy Industrial / Highway Hub (PCMC),251882413,residential,Unnamed,1,no,,,no,no,3,40.49,564.92,STATIC_ROAD_NETWORK
3409331,"Bhosari, Pune - IITM",18.6401,73.849,Northern Heavy Industrial / Highway Hub (PCMC),251882414,residential,Unnamed,1,no,,,no,no,5,139.73,428.01,STATIC_ROAD_NETWORK
3409331,"Bhosari, Pune - IITM",18.6401,73.849,Northern Heavy Industrial / Highway Hub (PCMC),251882415,residential,Unnamed,1,no,,,no,no,3,109.77,754.38,STATIC_ROAD_NETWORK
3409331,"Bhosari, Pune - IITM",18.6401,73.849,Northern Heavy Industrial / Highway Hub (PCMC),251882416,residential,Unnamed,1,no,,,no,no,13,451.28,1335.96,STATIC_ROAD_NETWORK
3409331,"Bhosari, Pune - IITM",18.6401,73.849,Northern Heavy Industrial / Highway Hub (PCMC),251882417,residential,Unnamed,1,no,,,no,no,6,239.41,306.85,STATIC_ROAD_NETWORK
3409331,"Bhosari, Pune - IITM",18.6401,73.849,Northern Heavy Industrial / Highway Hub (PCMC),251882418,residential,"4, Anandrao Lande Rd, Indrayani Nagar, Sector Number 7, Bhosari, Pimpri-Chinchwad, Maharashtra 411026, India",1,no,,,no,no,6,146.44,566.46,STATIC_ROAD_NETWORK
3409331,"Bhosari, Pune - IITM",18.6401,73.849,Northern Heavy Industrial / Highway Hub (PCMC),251882419,residential,Unnamed,1,no,,,no,no,9,299.02,314.8,STATIC_ROAD_NETWORK
3409331,"Bhosari, Pune - IITM",18.6401,73.849,Northern Heavy Industrial / Highway Hub (PCMC),251882421,residential,Unnamed,1,no,,,no,no,5,83.95,388.33,STATIC_ROAD_NETWORK
3409331,"Bhosari, Pune - IITM",18.6401,73.849,Northern Heavy Industrial / Highway Hub (PCMC),251882422,residential,Unnamed,1,no,,,no,no,4,207.43,659.47,STATIC_ROAD_NETWORK
3409331,"Bhosari, Pune - IITM",18.6401,73.849,Northern Heavy Industrial / Highway Hub (PCMC),251882423,residential,Unnamed,1,no,,,no,no,15,535.09,1260.26,STATIC_ROAD_NETWORK
3409331,"Bhosari, Pune - IITM",18.6401,73.849,Northern Heavy Industrial / Highway Hub (PCMC),251882424,residential,Unnamed,1,no,,,no,no,5,276.74,790.65,STATIC_ROAD_NETWORK
3409331,"Bhosari, Pune - IITM",18.6401,73.849,Northern Heavy Industrial / Highway Hub (PCMC),251882425,residential,Unnamed,1,no,,,no,no,5,198.33,299.03,STATIC_ROAD_NETWORK
3409331,"Bhosari, Pune - IITM",18.6401,73.849,Northern Heavy Industrial / Highway Hub (PCMC),251882426,residential,Unnamed,1,no,,,no,no,7,164.95,657.93,STATIC_ROAD_NETWORK
3409331,"Bhosari, Pune - IITM",18.6401,73.849,Northern Heavy Industrial / Highway Hub (PCMC),251882427,residential,Swami Vivekanand Road,1,no,,,no,no,5,170.31,819.99,STATIC_ROAD_NETWORK
3409331,"Bhosari, Pune - IITM",18.6401,73.849,Northern Heavy Industrial / Highway Hub (PCMC),251882430,residential,Unnamed,1,no,,,no,no,6,196.11,571.49,STATIC_ROAD_NETWORK
3409331,"Bhosari, Pune - IITM",18.6401,73.849,Northern Heavy Industrial / Highway Hub (PCMC),251882433,residential,Unnamed,1,no,,,no,no,12,325.49,838.38,STATIC_ROAD_NETWORK
3409331,"Bhosari, Pune - IITM",18.6401,73.849,Northern Heavy Industrial / Highway Hub (PCMC),280739102,tertiary,Golden cafe,2,yes,50,asphalt,no,no,42,2002.74,893.71,STATIC_ROAD_NETWORK
3409331,"Bhosari, Pune - IITM",18.6401,73.849,Northern Heavy Industrial / Highway Hub (PCMC),448100622,residential,Unnamed,1,no,,,no,no,15,442.0,1388.67,STATIC_ROAD_NETWORK
3409331,"Bhosari, Pune - IITM",18.6401,73.849,Northern Heavy Industrial / Highway Hub (PCMC),448100624,residential,Roshal Garden road,1,no,,,no,no,6,306.67,1274.93,STATIC_ROAD_NETWORK
3409331,"Bhosari, Pune - IITM",18.6401,73.849,Northern Heavy Industrial / Highway Hub (PCMC),448100625,residential,Unnamed,1,no,,,no,no,15,257.01,1016.05,STATIC_ROAD_NETWORK
3409331,"Bhosari, Pune - IITM",18.6401,73.849,Northern Heavy Industrial / Highway Hub (PCMC),448100626,residential,Unnamed,1,no,,,no,no,2,58.18,1033.75,STATIC_ROAD_NETWORK
3409331,"Bhosari, Pune - IITM",18.6401,73.849,Northern Heavy Industrial / Highway Hub (PCMC),448100627,residential,Unnamed,1,no,,,no,no,10,113.68,1117.13,STATIC_ROAD_NETWORK
3409331,"Bhosari, Pune - IITM",18.6401,73.849,Northern Heavy Industrial / Highway Hub (PCMC),448100628,residential,Unnamed,1,no,,,no,no,14,287.3,1156.82,STATIC_ROAD_NETWORK
3409331,"Bhosari, Pune - IITM",18.6401,73.849,Northern Heavy Industrial / Highway Hub (PCMC),448100629,residential,Unnamed,1,no,,,no,no,4,166.12,1212.19,STATIC_ROAD_NETWORK
3409331,"Bhosari, Pune - IITM",18.6401,73.849,Northern Heavy Industrial / Highway Hub (PCMC),448100630,residential,Unnamed,1,no,,,no,no,2,28.86,1254.69,STATIC_ROAD_NETWORK
3409331,"Bhosari, Pune - IITM",18.6401,73.849,Northern Heavy Industrial / Highway Hub (PCMC),448116597,residential,Unnamed,1,no,,,no,no,7,105.85,1221.42,STATIC_ROAD_NETWORK
3409331,"Bhosari, Pune - IITM",18.6401,73.849,Northern Heavy Industrial / Highway Hub (PCMC),448116598,residential,Unnamed,1,no,,,no,no,6,216.78,1328.73,STATIC_ROAD_NETWORK
3409331,"Bhosari, Pune - IITM",18.6401,73.849,Northern Heavy Industrial / Highway Hub (PCMC),448116599,residential,Unnamed,1,no,,,no,no,6,250.81,1469.04,STATIC_ROAD_NETWORK
3409331,"Bhosari, Pune - IITM",18.6401,73.849,Northern Heavy Industrial / Highway Hub (PCMC),448116600,residential,Chakrapani Vasahat Road,1,no,40,,no,no,30,526.23,1250.23,STATIC_ROAD_NETWORK
3409331,"Bhosari, Pune - IITM",18.6401,73.849,Northern Heavy Industrial / Highway Hub (PCMC),448116601,residential,Unnamed,1,no,,,no,no,2,142.14,1336.17,STATIC_ROAD_NETWORK
3409331,"Bhosari, Pune - IITM",18.6401,73.849,Northern Heavy Industrial / Highway Hub (PCMC),448116602,residential,Unnamed,1,no,,,no,no,12,210.34,1285.4,STATIC_ROAD_NETWORK
3409331,"Bhosari, Pune - IITM",18.6401,73.849,Northern Heavy Industrial / Highway Hub (PCMC),448116603,residential,Unnamed,1,no,,,no,no,3,170.44,1287.57,STATIC_ROAD_NETWORK
3409331,"Bhosari, Pune - IITM",18.6401,73.849,Northern Heavy Industrial / Highway Hub (PCMC),448116604,residential,Unnamed,1,no,,,no,no,2,164.28,1264.12,STATIC_ROAD_NETWORK
3409331,"Bhosari, Pune - IITM",18.6401,73.849,Northern Heavy Industrial / Highway Hub (PCMC),448116605,residential,Unnamed,1,no,,,no,no,5,164.03,1239.81,STATIC_ROAD_NETWORK
3409331,"Bhosari, Pune - IITM",18.6401,73.849,Northern Heavy Industrial / Highway Hub (PCMC),448116606,residential,Unnamed,1,no,,,no,no,5,252.06,1383.15,STATIC_ROAD_NETWORK
3409331,"Bhosari, Pune - IITM",18.6401,73.849,Northern Heavy Industrial / Highway Hub (PCMC),448116607,residential,Unnamed,1,no,,,no,no,6,263.51,1415.21,STATIC_ROAD_NETWORK
3409331,"Bhosari, Pune - IITM",18.6401,73.849,Northern Heavy Industrial / Highway Hub (PCMC),448116608,residential,Unnamed,1,no,,,no,no,2,100.86,1398.19,STATIC_ROAD_NETWORK
3409331,"Bhosari, Pune - IITM",18.6401,73.849,Northern Heavy Industrial / Highway Hub (PCMC),448116609,residential,Unnamed,1,no,,,no,no,7,369.83,1434.32,STATIC_ROAD_NETWORK
3409331,"Bhosari, Pune - IITM",18.6401,73.849,Northern Heavy Industrial / Highway Hub (PCMC),448116611,residential,Unnamed,1,no,,,no,no,21,522.83,1482.46,STATIC_ROAD_NETWORK
3409331,"Bhosari, Pune - IITM",18.6401,73.849,Northern Heavy Industrial / Highway Hub (PCMC),448117800,residential,Unnamed,1,no,,,no,no,2,168.36,1474.2,STATIC_ROAD_NETWORK
3409331,"Bhosari, Pune - IITM",18.6401,73.849,Northern Heavy Industrial / Highway Hub (PCMC),448117801,residential,Unnamed,1,no,,,no,no,4,191.59,1449.32,STATIC_ROAD_NETWORK
3409331,"Bhosari, Pune - IITM",18.6401,73.849,Northern Heavy Industrial / Highway Hub (PCMC),448117802,residential,Unnamed,1,no,,,no,no,4,210.99,1422.66,STATIC_ROAD_NETWORK
3409331,"Bhosari, Pune - IITM",18.6401,73.849,Northern Heavy Industrial / Highway Hub (PCMC),448117803,residential,Unnamed,1,no,,,no,no,4,216.3,1402.92,STATIC_ROAD_NETWORK
3409331,"Bhosari, Pune - IITM",18.6401,73.849,Northern Heavy Industrial / Highway Hub (PCMC),476077255,residential,Unnamed,1,no,,,no,no,3,54.71,599.4,STATIC_ROAD_NETWORK
3409331,"Bhosari, Pune - IITM",18.6401,73.849,Northern Heavy Industrial / Highway Hub (PCMC),476077256,residential,Unnamed,1,no,,,no,no,3,58.81,648.71,STATIC_ROAD_NETWORK
3409331,"Bhosari, Pune - IITM",18.6401,73.849,Northern Heavy Industrial / Highway Hub (PCMC),476077257,residential,Unnamed,1,no,,,no,no,3,53.77,596.25,STATIC_ROAD_NETWORK
3409331,"Bhosari, Pune - IITM",18.6401,73.849,Northern Heavy Industrial / Highway Hub (PCMC),476077258,residential,Unnamed,1,no,,,no,no,5,128.67,520.79,STATIC_ROAD_NETWORK
3409331,"Bhosari, Pune - IITM",18.6401,73.849,Northern Heavy Industrial / Highway Hub (PCMC),476077259,residential,Unnamed,1,no,,,no,no,15,284.05,423.08,STATIC_ROAD_NETWORK
3409331,"Bhosari, Pune - IITM",18.6401,73.849,Northern Heavy Industrial / Highway Hub (PCMC),476077260,residential,Unnamed,1,no,,,no,no,2,71.72,452.33,STATIC_ROAD_NETWORK
3409331,"Bhosari, Pune - IITM",18.6401,73.849,Northern Heavy Industrial / Highway Hub (PCMC),476077262,residential,Unnamed,1,no,,,no,no,2,19.67,565.95,STATIC_ROAD_NETWORK
3409331,"Bhosari, Pune - IITM",18.6401,73.849,Northern Heavy Industrial / Highway Hub (PCMC),476077263,residential,Unnamed,1,no,,,no,no,4,61.29,448.37,STATIC_ROAD_NETWORK
3409331,"Bhosari, Pune - IITM",18.6401,73.849,Northern Heavy Industrial / Highway Hub (PCMC),476077264,residential,Unnamed,1,no,,,no,no,10,205.77,460.69,STATIC_ROAD_NETWORK
3409331,"Bhosari, Pune - IITM",18.6401,73.849,Northern Heavy Industrial / Highway Hub (PCMC),476077265,residential,Unnamed,1,no,,,no,no,4,58.89,428.19,STATIC_ROAD_NETWORK
3409331,"Bhosari, Pune - IITM",18.6401,73.849,Northern Heavy Industrial / Highway Hub (PCMC),476077285,residential,Hanuman Nagar Road,1,no,,,no,no,11,386.31,1146.16,STATIC_ROAD_NETWORK
3409331,"Bhosari, Pune - IITM",18.6401,73.849,Northern Heavy Industrial / Highway Hub (PCMC),476082030,residential,Unnamed,1,no,,,no,no,13,417.44,991.88,STATIC_ROAD_NETWORK
3409331,"Bhosari, Pune - IITM",18.6401,73.849,Northern Heavy Industrial / Highway Hub (PCMC),476082031,residential,Unnamed,1,no,,,no,no,2,100.39,979.03,STATIC_ROAD_NETWORK
3409331,"Bhosari, Pune - IITM",18.6401,73.849,Northern Heavy Industrial / Highway Hub (PCMC),476082032,residential,Unnamed,1,no,,,no,no,5,113.43,998.03,STATIC_ROAD_NETWORK
3409331,"Bhosari, Pune - IITM",18.6401,73.849,Northern Heavy Industrial / Highway Hub (PCMC),476082035,residential,Unnamed,1,no,,,no,no,8,162.98,1065.6,STATIC_ROAD_NETWORK
3409331,"Bhosari, Pune - IITM",18.6401,73.849,Northern Heavy Industrial / Highway Hub (PCMC),476082036,residential,Unnamed,1,no,,,no,no,2,42.77,1176.44,STATIC_ROAD_NETWORK
3409331,"Bhosari, Pune - IITM",18.6401,73.849,Northern Heavy Industrial / Highway Hub (PCMC),476082037,residential,Unnamed,1,no,,,no,no,4,73.21,1131.02,STATIC_ROAD_NETWORK
3409331,"Bhosari, Pune - IITM",18.6401,73.849,Northern Heavy Industrial / Highway Hub (PCMC),476082038,residential,Unnamed,1,no,,,no,no,8,299.07,1102.4,STATIC_ROAD_NETWORK
3409331,"Bhosari, Pune - IITM",18.6401,73.849,Northern Heavy Industrial / Highway Hub (PCMC),476082039,residential,Unnamed,1,no,,,no,no,4,171.85,1141.38,STATIC_ROAD_NETWORK
3409331,"Bhosari, Pune - IITM",18.6401,73.849,Northern Heavy Industrial / Highway Hub (PCMC),476082040,residential,Unnamed,1,no,,,no,no,2,27.62,1126.96,STATIC_ROAD_NETWORK
3409331,"Bhosari, Pune - IITM",18.6401,73.849,Northern Heavy Industrial / Highway Hub (PCMC),476082041,residential,Unnamed,1,no,,,no,no,4,126.63,1045.09,STATIC_ROAD_NETWORK
3409331,"Bhosari, Pune - IITM",18.6401,73.849,Northern Heavy Industrial / Highway Hub (PCMC),476082042,residential,Unnamed,1,no,,,no,no,4,113.96,1004.75,STATIC_ROAD_NETWORK
3409331,"Bhosari, Pune - IITM",18.6401,73.849,Northern Heavy Industrial / Highway Hub (PCMC),476082043,residential,Unnamed,1,no,,,no,no,3,102.33,1035.73,STATIC_ROAD_NETWORK
3409331,"Bhosari, Pune - IITM",18.6401,73.849,Northern Heavy Industrial / Highway Hub (PCMC),476082044,residential,Unnamed,1,no,,,no,no,3,75.03,1060.11,STATIC_ROAD_NETWORK
3409331,"Bhosari, Pune - IITM",18.6401,73.849,Northern Heavy Industrial / Highway Hub (PCMC),476082045,residential,Unnamed,1,no,,,no,no,2,67.41,1088.62,STATIC_ROAD_NETWORK
3409331,"Bhosari, Pune - IITM",18.6401,73.849,Northern Heavy Industrial / Highway Hub (PCMC),476082046,residential,Unnamed,1,no,,,no,no,3,145.7,996.21,STATIC_ROAD_NETWORK
3409331,"Bhosari, Pune - IITM",18.6401,73.849,Northern Heavy Industrial / Highway Hub (PCMC),476082047,residential,Unnamed,1,no,,,no,no,7,111.95,1004.63,STATIC_ROAD_NETWORK
3409331,"Bhosari, Pune - IITM",18.6401,73.849,Northern Heavy Industrial / Highway Hub (PCMC),476082049,residential,Unnamed,1,no,,,no,no,6,352.58,1069.6,STATIC_ROAD_NETWORK
3409331,"Bhosari, Pune - IITM",18.6401,73.849,Northern Heavy Industrial / Highway Hub (PCMC),476082050,residential,Unnamed,1,no,,,no,no,7,375.83,1035.66,STATIC_ROAD_NETWORK
3409331,"Bhosari, Pune - IITM",18.6401,73.849,Northern Heavy Industrial / Highway Hub (PCMC),476082051,residential,Unnamed,1,no,,,no,no,8,389.25,1004.72,STATIC_ROAD_NETWORK
3409331,"Bhosari, Pune - IITM",18.6401,73.849,Northern Heavy Industrial / Highway Hub (PCMC),476082052,residential,Unnamed,1,no,,,no,no,2,79.66,1029.9,STATIC_ROAD_NETWORK
3409331,"Bhosari, Pune - IITM",18.6401,73.849,Northern Heavy Industrial / Highway Hub (PCMC),476082053,residential,Unnamed,1,no,,,no,no,14,236.08,995.41,STATIC_ROAD_NETWORK
3409331,"Bhosari, Pune - IITM",18.6401,73.849,Northern Heavy Industrial / Highway Hub (PCMC),476082054,residential,Unnamed,1,no,,,no,no,3,39.55,928.35,STATIC_ROAD_NETWORK
3409331,"Bhosari, Pune - IITM",18.6401,73.849,Northern Heavy Industrial / Highway Hub (PCMC),476082055,residential,Unnamed,1,no,,,no,no,2,50.96,881.61,STATIC_ROAD_NETWORK
3409331,"Bhosari, Pune - IITM",18.6401,73.849,Northern Heavy Industrial / Highway Hub (PCMC),476082056,residential,Unnamed,1,no,,,no,no,4,179.78,1146.41,STATIC_ROAD_NETWORK
3409331,"Bhosari, Pune - IITM",18.6401,73.849,Northern Heavy Industrial / Highway Hub (PCMC),476082057,residential,Unnamed,1,no,,,no,no,4,198.65,1147.74,STATIC_ROAD_NETWORK
3409331,"Bhosari, Pune - IITM",18.6401,73.849,Northern Heavy Industrial / Highway Hub (PCMC),476082058,residential,Unnamed,1,no,,,no,no,3,218.32,1150.02,STATIC_ROAD_NETWORK
3409331,"Bhosari, Pune - IITM",18.6401,73.849,Northern Heavy Industrial / Highway Hub (PCMC),476082059,residential,Unnamed,1,no,,,no,no,5,248.31,1153.18,STATIC_ROAD_NETWORK
3409331,"Bhosari, Pune - IITM",18.6401,73.849,Northern Heavy Industrial / Highway Hub (PCMC),476082061,residential,Narayan Dhawade Marg,1,no,,,no,no,7,136.96,1338.45,STATIC_ROAD_NETWORK
3409331,"Bhosari, Pune - IITM",18.6401,73.849,Northern Heavy Industrial / Highway Hub (PCMC),476082062,residential,Unnamed,1,no,,,no,no,3,100.75,1156.07,STATIC_ROAD_NETWORK
3409331,"Bhosari, Pune - IITM",18.6401,73.849,Northern Heavy Industrial / Highway Hub (PCMC),476082063,residential,Unnamed,1,no,,,no,no,3,75.74,1155.53,STATIC_ROAD_NETWORK
3409331,"Bhosari, Pune - IITM",18.6401,73.849,Northern Heavy Industrial / Highway Hub (PCMC),476082064,residential,Unnamed,1,no,,,no,no,7,326.91,1185.42,STATIC_ROAD_NETWORK
3409331,"Bhosari, Pune - IITM",18.6401,73.849,Northern Heavy Industrial / Highway Hub (PCMC),476082065,residential,Unnamed,1,no,,,no,no,3,45.4,1146.16,STATIC_ROAD_NETWORK
3409331,"Bhosari, Pune - IITM",18.6401,73.849,Northern Heavy Industrial / Highway Hub (PCMC),476082066,residential,Unnamed,1,no,,,no,no,2,66.82,1248.5,STATIC_ROAD_NETWORK
3409331,"Bhosari, Pune - IITM",18.6401,73.849,Northern Heavy Industrial / Highway Hub (PCMC),476082067,residential,Unnamed,1,no,,,no,no,2,61.71,1174.63,STATIC_ROAD_NETWORK
3409331,"Bhosari, Pune - IITM",18.6401,73.849,Northern Heavy Industrial / Highway Hub (PCMC),476082068,residential,Unnamed,1,no,,,no,no,12,298.19,1213.55,STATIC_ROAD_NETWORK
3409331,"Bhosari, Pune - IITM",18.6401,73.849,Northern Heavy Industrial / Highway Hub (PCMC),476082069,residential,Unnamed,1,no,,,no,no,7,223.65,1296.29,STATIC_ROAD_NETWORK
3409331,"Bhosari, Pune - IITM",18.6401,73.849,Northern Heavy Industrial / Highway Hub (PCMC),476082071,residential,Unnamed,1,no,,,no,no,6,141.03,1372.64,STATIC_ROAD_NETWORK
3409331,"Bhosari, Pune - IITM",18.6401,73.849,Northern Heavy Industrial / Highway Hub (PCMC),476082072,residential,Unnamed,1,no,,,no,no,4,108.42,1293.34,STATIC_ROAD_NETWORK
3409331,"Bhosari, Pune - IITM",18.6401,73.849,Northern Heavy Industrial / Highway Hub (PCMC),476082073,residential,Unnamed,1,no,,,no,no,14,320.9,159.41,STATIC_ROAD_NETWORK
3409331,"Bhosari, Pune - IITM",18.6401,73.849,Northern Heavy Industrial / Highway Hub (PCMC),476082074,residential,Unnamed,1,no,,,no,no,2,88.92,87.56,STATIC_ROAD_NETWORK
3409331,"Bhosari, Pune - IITM",18.6401,73.849,Northern Heavy Industrial / Highway Hub (PCMC),476082075,residential,Unnamed,1,no,,,no,no,4,191.19,150.02,STATIC_ROAD_NETWORK
3409331,"Bhosari, Pune - IITM",18.6401,73.849,Northern Heavy Industrial / Highway Hub (PCMC),476082076,residential,Unnamed,1,no,,,no,no,2,84.18,178.61,STATIC_ROAD_NETWORK
3409331,"Bhosari, Pune - IITM",18.6401,73.849,Northern Heavy Industrial / Highway Hub (PCMC),476082077,residential,Unnamed,1,no,,,no,no,2,141.15,122.73,STATIC_ROAD_NETWORK
3409331,"Bhosari, Pune - IITM",18.6401,73.849,Northern Heavy Industrial / Highway Hub (PCMC),476082078,residential,Unnamed,1,no,,,no,no,2,159.6,94.25,STATIC_ROAD_NETWORK
3409331,"Bhosari, Pune - IITM",18.6401,73.849,Northern Heavy Industrial / Highway Hub (PCMC),476082079,residential,Unnamed,1,no,,,no,no,2,85.31,76.12,STATIC_ROAD_NETWORK
3409331,"Bhosari, Pune - IITM",18.6401,73.849,Northern Heavy Industrial / Highway Hub (PCMC),476082080,residential,Unnamed,1,no,,,no,no,13,185.62,317.0,STATIC_ROAD_NETWORK
3409331,"Bhosari, Pune - IITM",18.6401,73.849,Northern Heavy Industrial / Highway Hub (PCMC),476082083,residential,Unnamed,1,no,,,no,no,2,60.4,1055.34,STATIC_ROAD_NETWORK
3409331,"Bhosari, Pune - IITM",18.6401,73.849,Northern Heavy Industrial / Highway Hub (PCMC),476082084,residential,Unnamed,1,no,,,no,no,2,60.67,1047.17,STATIC_ROAD_NETWORK
3409331,"Bhosari, Pune - IITM",18.6401,73.849,Northern Heavy Industrial / Highway Hub (PCMC),476082085,residential,Unnamed,1,no,,,no,no,3,147.25,867.58,STATIC_ROAD_NETWORK
3409331,"Bhosari, Pune - IITM",18.6401,73.849,Northern Heavy Industrial / Highway Hub (PCMC),476082086,residential,Unnamed,1,no,,,no,no,4,58.69,916.29,STATIC_ROAD_NETWORK
3409331,"Bhosari, Pune - IITM",18.6401,73.849,Northern Heavy Industrial / Highway Hub (PCMC),476082087,residential,Unnamed,1,no,,,no,no,2,46.36,929.53,STATIC_ROAD_NETWORK
3409331,"Bhosari, Pune - IITM",18.6401,73.849,Northern Heavy Industrial / Highway Hub (PCMC),476082089,residential,Unnamed,1,no,,,no,no,3,57.72,1130.75,STATIC_ROAD_NETWORK
3409331,"Bhosari, Pune - IITM",18.6401,73.849,Northern Heavy Industrial / Highway Hub (PCMC),476082090,residential,Unnamed,1,no,,,no,no,2,25.18,1164.61,STATIC_ROAD_NETWORK
3409331,"Bhosari, Pune - IITM",18.6401,73.849,Northern Heavy Industrial / Highway Hub (PCMC),476082091,residential,Unnamed,1,no,,,no,no,3,95.39,1107.29,STATIC_ROAD_NETWORK
3409331,"Bhosari, Pune - IITM",18.6401,73.849,Northern Heavy Industrial / Highway Hub (PCMC),476082093,residential,Unnamed,1,no,,,no,no,2,62.07,1376.76,STATIC_ROAD_NETWORK
3409331,"Bhosari, Pune - IITM",18.6401,73.849,Northern Heavy Industrial / Highway Hub (PCMC),476082094,residential,Unnamed,1,no,,,no,no,4,77.31,1496.72,STATIC_ROAD_NETWORK
3409331,"Bhosari, Pune - IITM",18.6401,73.849,Northern Heavy Industrial / Highway Hub (PCMC),476082095,residential,Unnamed,1,no,,,no,no,2,18.78,1478.16,STATIC_ROAD_NETWORK
3409331,"Bhosari, Pune - IITM",18.6401,73.849,Northern Heavy Industrial / Highway Hub (PCMC),476090113,residential,Unnamed,1,no,,,no,no,25,720.45,448.73,STATIC_ROAD_NETWORK
3409331,"Bhosari, Pune - IITM",18.6401,73.849,Northern Heavy Industrial / Highway Hub (PCMC),476090118,residential,Unnamed,1,no,,,no,no,2,102.28,446.75,STATIC_ROAD_NETWORK
3409331,"Bhosari, Pune - IITM",18.6401,73.849,Northern Heavy Industrial / Highway Hub (PCMC),476090120,residential,Unnamed,1,no,,,no,no,2,111.18,464.54,STATIC_ROAD_NETWORK
3409331,"Bhosari, Pune - IITM",18.6401,73.849,Northern Heavy Industrial / Highway Hub (PCMC),476090121,residential,Unnamed,1,no,,,no,no,5,138.26,438.17,STATIC_ROAD_NETWORK
3409331,"Bhosari, Pune - IITM",18.6401,73.849,Northern Heavy Industrial / Highway Hub (PCMC),476090122,residential,Unnamed,1,no,,,no,no,2,90.63,357.63,STATIC_ROAD_NETWORK
3409331,"Bhosari, Pune - IITM",18.6401,73.849,Northern Heavy Industrial / Highway Hub (PCMC),476090124,residential,Unnamed,1,no,,,no,no,6,294.83,451.89,STATIC_ROAD_NETWORK
3409331,"Bhosari, Pune - IITM",18.6401,73.849,Northern Heavy Industrial / Highway Hub (PCMC),476090125,residential,Unnamed,1,no,,,no,no,2,307.56,440.44,STATIC_ROAD_NETWORK
3409331,"Bhosari, Pune - IITM",18.6401,73.849,Northern Heavy Industrial / Highway Hub (PCMC),476090126,residential,Unnamed,1,no,,,no,no,2,104.65,699.4,STATIC_ROAD_NETWORK
3409331,"Bhosari, Pune - IITM",18.6401,73.849,Northern Heavy Industrial / Highway Hub (PCMC),476090128,residential,Unnamed,1,no,,,no,no,2,100.96,711.37,STATIC_ROAD_NETWORK
3409331,"Bhosari, Pune - IITM",18.6401,73.849,Northern Heavy Industrial / Highway Hub (PCMC),476090129,residential,Unnamed,1,no,,,no,no,10,282.37,465.65,STATIC_ROAD_NETWORK
3409331,"Bhosari, Pune - IITM",18.6401,73.849,Northern Heavy Industrial / Highway Hub (PCMC),476090130,residential,Unnamed,1,no,,,no,no,4,189.11,561.08,STATIC_ROAD_NETWORK
3409331,"Bhosari, Pune - IITM",18.6401,73.849,Northern Heavy Industrial / Highway Hub (PCMC),476090132,residential,Unnamed,1,no,,,no,no,2,103.51,457.38,STATIC_ROAD_NETWORK
3409331,"Bhosari, Pune - IITM",18.6401,73.849,Northern Heavy Industrial / Highway Hub (PCMC),476090135,residential,Unnamed,1,no,,,no,no,2,50.0,488.82,STATIC_ROAD_NETWORK
3409331,"Bhosari, Pune - IITM",18.6401,73.849,Northern Heavy Industrial / Highway Hub (PCMC),476090136,residential,Unnamed,1,no,,,no,no,7,234.59,512.9,STATIC_ROAD_NETWORK
3409331,"Bhosari, Pune - IITM",18.6401,73.849,Northern Heavy Industrial / Highway Hub (PCMC),476090138,residential,Unnamed,1,no,,,no,no,3,195.56,531.07,STATIC_ROAD_NETWORK
3409331,"Bhosari, Pune - IITM",18.6401,73.849,Northern Heavy Industrial / Highway Hub (PCMC),476090139,residential,Unnamed,1,no,,,no,no,10,205.51,286.63,STATIC_ROAD_NETWORK
3409331,"Bhosari, Pune - IITM",18.6401,73.849,Northern Heavy Industrial / Highway Hub (PCMC),476090141,residential,Unnamed,1,no,,,no,no,6,149.61,158.5,STATIC_ROAD_NETWORK
3409331,"Bhosari, Pune - IITM",18.6401,73.849,Northern Heavy Industrial / Highway Hub (PCMC),476090144,residential,Unnamed,1,no,,,no,no,2,74.05,336.75,STATIC_ROAD_NETWORK
3409331,"Bhosari, Pune - IITM",18.6401,73.849,Northern Heavy Industrial / Highway Hub (PCMC),476090145,residential,Unnamed,1,no,,,no,no,12,149.6,641.03,STATIC_ROAD_NETWORK
3409331,"Bhosari, Pune - IITM",18.6401,73.849,Northern Heavy Industrial / Highway Hub (PCMC),476090147,residential,Unnamed,1,no,,,no,no,3,61.94,717.39,STATIC_ROAD_NETWORK
3409331,"Bhosari, Pune - IITM",18.6401,73.849,Northern Heavy Industrial / Highway Hub (PCMC),476090148,residential,Unnamed,1,no,,,no,no,5,113.92,980.84,STATIC_ROAD_NETWORK
3409331,"Bhosari, Pune - IITM",18.6401,73.849,Northern Heavy Industrial / Highway Hub (PCMC),476090150,residential,Unnamed,1,no,,,no,no,2,261.85,1071.44,STATIC_ROAD_NETWORK
3409331,"Bhosari, Pune - IITM",18.6401,73.849,Northern Heavy Industrial / Highway Hub (PCMC),476093014,residential,Unnamed,1,no,,,no,no,5,205.06,872.44,STATIC_ROAD_NETWORK
3409331,"Bhosari, Pune - IITM",18.6401,73.849,Northern Heavy Industrial / Highway Hub (PCMC),476093015,residential,Unnamed,1,no,,,no,no,2,114.86,1008.42,STATIC_ROAD_NETWORK
3409331,"Bhosari, Pune - IITM",18.6401,73.849,Northern Heavy Industrial / Highway Hub (PCMC),476093016,residential,Unnamed,1,no,,,no,no,3,135.7,952.83,STATIC_ROAD_NETWORK
3409331,"Bhosari, Pune - IITM",18.6401,73.849,Northern Heavy Industrial / Highway Hub (PCMC),476093017,residential,Unnamed,1,no,,,no,no,3,94.57,913.92,STATIC_ROAD_NETWORK
3409331,"Bhosari, Pune - IITM",18.6401,73.849,Northern Heavy Industrial / Highway Hub (PCMC),668595639,tertiary,Unnamed,1,no,,,no,no,13,428.55,860.43,STATIC_ROAD_NETWORK
3409331,"Bhosari, Pune - IITM",18.6401,73.849,Northern Heavy Industrial / Highway Hub (PCMC),668634281,residential,Unnamed,1,no,,,no,no,8,162.55,294.8,STATIC_ROAD_NETWORK
3409331,"Bhosari, Pune - IITM",18.6401,73.849,Northern Heavy Industrial / Highway Hub (PCMC),668634282,residential,Unnamed,1,no,,,no,no,6,166.03,351.26,STATIC_ROAD_NETWORK
3409331,"Bhosari, Pune - IITM",18.6401,73.849,Northern Heavy Industrial / Highway Hub (PCMC),668795055,residential,Unnamed,1,no,,,no,no,4,161.13,442.56,STATIC_ROAD_NETWORK
3409331,"Bhosari, Pune - IITM",18.6401,73.849,Northern Heavy Industrial / Highway Hub (PCMC),670155898,residential,Unnamed,1,no,,,no,no,5,86.77,1287.99,STATIC_ROAD_NETWORK
3409331,"Bhosari, Pune - IITM",18.6401,73.849,Northern Heavy Industrial / Highway Hub (PCMC),670155980,residential,Unnamed,1,no,,,no,no,11,263.52,581.73,STATIC_ROAD_NETWORK
3409331,"Bhosari, Pune - IITM",18.6401,73.849,Northern Heavy Industrial / Highway Hub (PCMC),670161047,residential,Unnamed,1,no,,,no,no,2,53.77,850.8,STATIC_ROAD_NETWORK
3409331,"Bhosari, Pune - IITM",18.6401,73.849,Northern Heavy Industrial / Highway Hub (PCMC),819476920,residential,Bhosari New PCMC Hospital,1,yes,,,no,no,12,611.17,1497.24,STATIC_ROAD_NETWORK
3409331,"Bhosari, Pune - IITM",18.6401,73.849,Northern Heavy Industrial / Highway Hub (PCMC),819476931,residential,Unnamed,1,no,,,no,no,3,18.41,1490.01,STATIC_ROAD_NETWORK
3409331,"Bhosari, Pune - IITM",18.6401,73.849,Northern Heavy Industrial / Highway Hub (PCMC),855820234,residential,Unnamed,1,no,,,no,no,12,127.52,1394.29,STATIC_ROAD_NETWORK
3409331,"Bhosari, Pune - IITM",18.6401,73.849,Northern Heavy Industrial / Highway Hub (PCMC),855820235,residential,Unnamed,1,no,,,no,no,3,69.31,1414.86,STATIC_ROAD_NETWORK
3409331,"Bhosari, Pune - IITM",18.6401,73.849,Northern Heavy Industrial / Highway Hub (PCMC),855820236,residential,Unnamed,1,no,,,no,no,6,111.38,1315.08,STATIC_ROAD_NETWORK
3409331,"Bhosari, Pune - IITM",18.6401,73.849,Northern Heavy Industrial / Highway Hub (PCMC),855820237,residential,Unnamed,1,no,,,no,no,2,51.64,1327.13,STATIC_ROAD_NETWORK
3409331,"Bhosari, Pune - IITM",18.6401,73.849,Northern Heavy Industrial / Highway Hub (PCMC),855820238,residential,Unnamed,1,no,,,no,no,2,84.06,1217.66,STATIC_ROAD_NETWORK
3409331,"Bhosari, Pune - IITM",18.6401,73.849,Northern Heavy Industrial / Highway Hub (PCMC),855820241,residential,Unnamed,1,no,,,no,no,4,115.72,1096.47,STATIC_ROAD_NETWORK
3409331,"Bhosari, Pune - IITM",18.6401,73.849,Northern Heavy Industrial / Highway Hub (PCMC),855830729,residential,Unnamed,1,no,,,no,no,8,185.88,1190.68,STATIC_ROAD_NETWORK
3409331,"Bhosari, Pune - IITM",18.6401,73.849,Northern Heavy Industrial / Highway Hub (PCMC),855830733,residential,Unnamed,1,no,,,no,no,2,58.52,1024.81,STATIC_ROAD_NETWORK
3409331,"Bhosari, Pune - IITM",18.6401,73.849,Northern Heavy Industrial / Highway Hub (PCMC),855855224,residential,Unnamed,1,no,,,no,no,2,80.1,1471.16,STATIC_ROAD_NETWORK
3409331,"Bhosari, Pune - IITM",18.6401,73.849,Northern Heavy Industrial / Highway Hub (PCMC),855855226,residential,Unnamed,1,no,,,no,no,6,93.72,1192.46,STATIC_ROAD_NETWORK
3409331,"Bhosari, Pune - IITM",18.6401,73.849,Northern Heavy Industrial / Highway Hub (PCMC),855855227,residential,Unnamed,1,no,,,no,no,7,123.46,1272.92,STATIC_ROAD_NETWORK
3409331,"Bhosari, Pune - IITM",18.6401,73.849,Northern Heavy Industrial / Highway Hub (PCMC),855855228,residential,Unnamed,1,no,,,no,no,4,79.52,1232.6,STATIC_ROAD_NETWORK
3409331,"Bhosari, Pune - IITM",18.6401,73.849,Northern Heavy Industrial / Highway Hub (PCMC),855855229,residential,Unnamed,1,no,,,no,no,2,49.63,1181.48,STATIC_ROAD_NETWORK
3409331,"Bhosari, Pune - IITM",18.6401,73.849,Northern Heavy Industrial / Highway Hub (PCMC),855855230,residential,Unnamed,1,no,,,no,no,3,49.41,1207.35,STATIC_ROAD_NETWORK
3409331,"Bhosari, Pune - IITM",18.6401,73.849,Northern Heavy Industrial / Highway Hub (PCMC),855862617,residential,Unnamed,1,no,,,no,no,4,145.44,1498.32,STATIC_ROAD_NETWORK
3409331,"Bhosari, Pune - IITM",18.6401,73.849,Northern Heavy Industrial / Highway Hub (PCMC),855906514,residential,Unnamed,1,no,,,no,no,3,68.35,1362.44,STATIC_ROAD_NETWORK
3409331,"Bhosari, Pune - IITM",18.6401,73.849,Northern Heavy Industrial / Highway Hub (PCMC),855906515,residential,Unnamed,1,no,,,no,no,3,163.34,1396.46,STATIC_ROAD_NETWORK
3409331,"Bhosari, Pune - IITM",18.6401,73.849,Northern Heavy Industrial / Highway Hub (PCMC),855914336,residential,Unnamed,1,no,,,no,no,9,77.82,1180.14,STATIC_ROAD_NETWORK
3409331,"Bhosari, Pune - IITM",18.6401,73.849,Northern Heavy Industrial / Highway Hub (PCMC),855931512,residential,Narayan Dhawade Marg,1,no,,,no,no,7,189.53,1154.8,STATIC_ROAD_NETWORK
3409331,"Bhosari, Pune - IITM",18.6401,73.849,Northern Heavy Industrial / Highway Hub (PCMC),855931513,residential,Unnamed,1,no,,,no,no,3,87.09,1420.45,STATIC_ROAD_NETWORK
3409331,"Bhosari, Pune - IITM",18.6401,73.849,Northern Heavy Industrial / Highway Hub (PCMC),855931514,residential,Unnamed,1,no,,,no,no,9,79.29,1426.05,STATIC_ROAD_NETWORK
3409331,"Bhosari, Pune - IITM",18.6401,73.849,Northern Heavy Industrial / Highway Hub (PCMC),855941142,residential,Unnamed,1,no,,,no,no,10,121.96,1251.57,STATIC_ROAD_NETWORK
3409331,"Bhosari, Pune - IITM",18.6401,73.849,Northern Heavy Industrial / Highway Hub (PCMC),857023517,residential,Unnamed,1,no,,,no,no,24,848.88,1471.47,STATIC_ROAD_NETWORK
3409331,"Bhosari, Pune - IITM",18.6401,73.849,Northern Heavy Industrial / Highway Hub (PCMC),857023518,residential,Unnamed,1,no,,,no,no,2,66.47,1485.42,STATIC_ROAD_NETWORK
3409331,"Bhosari, Pune - IITM",18.6401,73.849,Northern Heavy Industrial / Highway Hub (PCMC),857039085,residential,Unnamed,1,no,,,no,no,6,237.07,1397.43,STATIC_ROAD_NETWORK
3409331,"Bhosari, Pune - IITM",18.6401,73.849,Northern Heavy Industrial / Highway Hub (PCMC),857045004,residential,Unnamed,1,no,,,no,no,7,156.63,1332.93,STATIC_ROAD_NETWORK
3409331,"Bhosari, Pune - IITM",18.6401,73.849,Northern Heavy Industrial / Highway Hub (PCMC),857058517,residential,Unnamed,1,no,,,no,no,2,59.86,1452.91,STATIC_ROAD_NETWORK
3409331,"Bhosari, Pune - IITM",18.6401,73.849,Northern Heavy Industrial / Highway Hub (PCMC),857058518,residential,Unnamed,1,no,,,no,no,2,66.71,1430.51,STATIC_ROAD_NETWORK
3409331,"Bhosari, Pune - IITM",18.6401,73.849,Northern Heavy Industrial / Highway Hub (PCMC),857058535,residential,Unnamed,1,no,,,no,no,4,69.78,1467.27,STATIC_ROAD_NETWORK
3409331,"Bhosari, Pune - IITM",18.6401,73.849,Northern Heavy Industrial / Highway Hub (PCMC),857965252,secondary,Unnamed,2,no,,,no,no,2,9.55,1109.51,STATIC_ROAD_NETWORK
3409331,"Bhosari, Pune - IITM",18.6401,73.849,Northern Heavy Industrial / Highway Hub (PCMC),857975273,residential,Unnamed,1,no,,,no,no,11,176.14,739.22,STATIC_ROAD_NETWORK
3409331,"Bhosari, Pune - IITM",18.6401,73.849,Northern Heavy Industrial / Highway Hub (PCMC),857977553,residential,Unnamed,1,no,,,no,no,4,67.01,551.84,STATIC_ROAD_NETWORK
3409331,"Bhosari, Pune - IITM",18.6401,73.849,Northern Heavy Industrial / Highway Hub (PCMC),857977554,residential,Unnamed,1,no,,,no,no,6,115.68,593.63,STATIC_ROAD_NETWORK
3409331,"Bhosari, Pune - IITM",18.6401,73.849,Northern Heavy Industrial / Highway Hub (PCMC),857977555,residential,Unnamed,1,no,,,no,no,4,190.47,751.72,STATIC_ROAD_NETWORK
3409331,"Bhosari, Pune - IITM",18.6401,73.849,Northern Heavy Industrial / Highway Hub (PCMC),857980684,residential,Unnamed,1,no,,,no,no,2,96.77,730.83,STATIC_ROAD_NETWORK
3409331,"Bhosari, Pune - IITM",18.6401,73.849,Northern Heavy Industrial / Highway Hub (PCMC),857986258,residential,Unnamed,1,no,,,no,no,9,259.46,410.95,STATIC_ROAD_NETWORK
3409331,"Bhosari, Pune - IITM",18.6401,73.849,Northern Heavy Industrial / Highway Hub (PCMC),857988107,residential,Unnamed,1,no,,,no,no,26,621.97,1364.37,STATIC_ROAD_NETWORK
3409331,"Bhosari, Pune - IITM",18.6401,73.849,Northern Heavy Industrial / Highway Hub (PCMC),857994859,residential,Unnamed,1,no,,,no,no,6,146.56,946.21,STATIC_ROAD_NETWORK
3409331,"Bhosari, Pune - IITM",18.6401,73.849,Northern Heavy Industrial / Highway Hub (PCMC),857994860,residential,Unnamed,1,no,,,no,no,4,128.06,739.44,STATIC_ROAD_NETWORK
3409331,"Bhosari, Pune - IITM",18.6401,73.849,Northern Heavy Industrial / Highway Hub (PCMC),857994861,residential,Unnamed,1,no,,,no,no,50,739.59,774.94,STATIC_ROAD_NETWORK
3409331,"Bhosari, Pune - IITM",18.6401,73.849,Northern Heavy Industrial / Highway Hub (PCMC),857994863,residential,Unnamed,1,no,,,no,no,20,368.14,788.52,STATIC_ROAD_NETWORK
3409331,"Bhosari, Pune - IITM",18.6401,73.849,Northern Heavy Industrial / Highway Hub (PCMC),857994864,residential,Unnamed,1,no,,,no,no,11,194.84,744.06,STATIC_ROAD_NETWORK
3409331,"Bhosari, Pune - IITM",18.6401,73.849,Northern Heavy Industrial / Highway Hub (PCMC),857994865,residential,Unnamed,1,no,,,no,no,2,32.19,743.46,STATIC_ROAD_NETWORK
3409331,"Bhosari, Pune - IITM",18.6401,73.849,Northern Heavy Industrial / Highway Hub (PCMC),857994866,residential,Unnamed,1,no,,,no,no,2,29.75,760.79,STATIC_ROAD_NETWORK
3409331,"Bhosari, Pune - IITM",18.6401,73.849,Northern Heavy Industrial / Highway Hub (PCMC),857994867,residential,Unnamed,1,no,,,no,no,2,27.29,777.12,STATIC_ROAD_NETWORK
3409331,"Bhosari, Pune - IITM",18.6401,73.849,Northern Heavy Industrial / Highway Hub (PCMC),857994868,residential,Unnamed,1,no,,,no,no,6,247.5,966.05,STATIC_ROAD_NETWORK
3409331,"Bhosari, Pune - IITM",18.6401,73.849,Northern Heavy Industrial / Highway Hub (PCMC),857994869,residential,Unnamed,1,no,,,no,no,6,81.32,853.49,STATIC_ROAD_NETWORK
3409331,"Bhosari, Pune - IITM",18.6401,73.849,Northern Heavy Industrial / Highway Hub (PCMC),857994870,residential,Unnamed,1,no,,,no,no,2,118.08,878.66,STATIC_ROAD_NETWORK
3409331,"Bhosari, Pune - IITM",18.6401,73.849,Northern Heavy Industrial / Highway Hub (PCMC),857994871,residential,Unnamed,1,no,,,no,no,6,114.4,764.97,STATIC_ROAD_NETWORK
3409331,"Bhosari, Pune - IITM",18.6401,73.849,Northern Heavy Industrial / Highway Hub (PCMC),857994877,residential,Unnamed,1,no,,,no,no,12,123.26,956.12,STATIC_ROAD_NETWORK
3409331,"Bhosari, Pune - IITM",18.6401,73.849,Northern Heavy Industrial / Highway Hub (PCMC),857994878,residential,Unnamed,1,no,,,no,no,2,69.77,987.92,STATIC_ROAD_NETWORK
3409331,"Bhosari, Pune - IITM",18.6401,73.849,Northern Heavy Industrial / Highway Hub (PCMC),857994880,residential,Unnamed,1,no,,,no,no,2,34.0,1027.19,STATIC_ROAD_NETWORK
3409331,"Bhosari, Pune - IITM",18.6401,73.849,Northern Heavy Industrial / Highway Hub (PCMC),857994881,residential,Unnamed,1,no,,,no,no,2,49.48,1038.72,STATIC_ROAD_NETWORK
3409331,"Bhosari, Pune - IITM",18.6401,73.849,Northern Heavy Industrial / Highway Hub (PCMC),857994882,residential,Unnamed,1,no,,,no,no,2,63.22,1043.14,STATIC_ROAD_NETWORK
3409331,"Bhosari, Pune - IITM",18.6401,73.849,Northern Heavy Industrial / Highway Hub (PCMC),857994883,residential,Unnamed,1,no,,,no,no,2,61.23,1063.23,STATIC_ROAD_NETWORK
3409331,"Bhosari, Pune - IITM",18.6401,73.849,Northern Heavy Industrial / Highway Hub (PCMC),857994884,residential,Unnamed,1,no,,,no,no,2,56.78,1056.07,STATIC_ROAD_NETWORK
3409331,"Bhosari, Pune - IITM",18.6401,73.849,Northern Heavy Industrial / Highway Hub (PCMC),858000350,residential,Unnamed,1,no,,,no,no,9,124.56,1060.84,STATIC_ROAD_NETWORK
3409331,"Bhosari, Pune - IITM",18.6401,73.849,Northern Heavy Industrial / Highway Hub (PCMC),858000351,residential,Unnamed,1,no,,,no,no,10,125.36,1071.74,STATIC_ROAD_NETWORK
3409331,"Bhosari, Pune - IITM",18.6401,73.849,Northern Heavy Industrial / Highway Hub (PCMC),858000352,residential,Unnamed,1,no,,,no,no,3,73.24,1094.74,STATIC_ROAD_NETWORK
3409331,"Bhosari, Pune - IITM",18.6401,73.849,Northern Heavy Industrial / Highway Hub (PCMC),858000353,residential,Unnamed,1,no,,,no,no,4,99.99,1143.89,STATIC_ROAD_NETWORK
3409331,"Bhosari, Pune - IITM",18.6401,73.849,Northern Heavy Industrial / Highway Hub (PCMC),858000354,residential,Unnamed,1,no,,,no,no,2,38.31,1137.08,STATIC_ROAD_NETWORK
3409331,"Bhosari, Pune - IITM",18.6401,73.849,Northern Heavy Industrial / Highway Hub (PCMC),858000355,residential,Unnamed,1,no,,,no,no,2,70.38,1135.34,STATIC_ROAD_NETWORK
3409331,"Bhosari, Pune - IITM",18.6401,73.849,Northern Heavy Industrial / Highway Hub (PCMC),858000356,residential,Unnamed,1,no,,,no,no,11,84.68,1110.77,STATIC_ROAD_NETWORK
3409331,"Bhosari, Pune - IITM",18.6401,73.849,Northern Heavy Industrial / Highway Hub (PCMC),858000358,residential,Unnamed,1,no,,,no,no,5,87.66,1239.81,STATIC_ROAD_NETWORK
3409331,"Bhosari, Pune - IITM",18.6401,73.849,Northern Heavy Industrial / Highway Hub (PCMC),858000362,residential,Unnamed,1,no,,,no,no,6,98.37,1229.14,STATIC_ROAD_NETWORK
3409331,"Bhosari, Pune - IITM",18.6401,73.849,Northern Heavy Industrial / Highway Hub (PCMC),858000363,residential,Unnamed,1,no,,,no,no,10,221.15,1229.5,STATIC_ROAD_NETWORK
3409331,"Bhosari, Pune - IITM",18.6401,73.849,Northern Heavy Industrial / Highway Hub (PCMC),858000364,residential,Unnamed,1,no,,,no,no,22,508.93,1115.36,STATIC_ROAD_NETWORK
3409331,"Bhosari, Pune - IITM",18.6401,73.849,Northern Heavy Industrial / Highway Hub (PCMC),858000365,residential,Unnamed,1,no,,,no,no,3,62.78,1130.95,STATIC_ROAD_NETWORK
3409331,"Bhosari, Pune - IITM",18.6401,73.849,Northern Heavy Industrial / Highway Hub (PCMC),858000366,residential,Unnamed,1,no,,,no,no,2,36.07,1161.01,STATIC_ROAD_NETWORK
3409331,"Bhosari, Pune - IITM",18.6401,73.849,Northern Heavy Industrial / Highway Hub (PCMC),858000368,residential,Unnamed,1,no,,,no,no,6,72.91,1160.59,STATIC_ROAD_NETWORK
3409331,"Bhosari, Pune - IITM",18.6401,73.849,Northern Heavy Industrial / Highway Hub (PCMC),858000369,residential,Unnamed,1,no,,,no,no,4,69.7,1173.46,STATIC_ROAD_NETWORK
3409331,"Bhosari, Pune - IITM",18.6401,73.849,Northern Heavy Industrial / Highway Hub (PCMC),858000370,residential,Unnamed,1,no,,,no,no,49,1052.8,808.87,STATIC_ROAD_NETWORK
3409331,"Bhosari, Pune - IITM",18.6401,73.849,Northern Heavy Industrial / Highway Hub (PCMC),858000371,residential,Unnamed,1,no,,,no,no,18,253.62,878.67,STATIC_ROAD_NETWORK
3409331,"Bhosari, Pune - IITM",18.6401,73.849,Northern Heavy Industrial / Highway Hub (PCMC),858000372,residential,Unnamed,1,no,,,no,no,11,404.93,499.51,STATIC_ROAD_NETWORK
3409331,"Bhosari, Pune - IITM",18.6401,73.849,Northern Heavy Industrial / Highway Hub (PCMC),858003945,residential,Unnamed,1,no,,,no,no,2,142.48,1104.35,STATIC_ROAD_NETWORK
3409331,"Bhosari, Pune - IITM",18.6401,73.849,Northern Heavy Industrial / Highway Hub (PCMC),858003946,residential,Unnamed,1,no,,,no,no,2,124.24,1118.4,STATIC_ROAD_NETWORK
3409331,"Bhosari, Pune - IITM",18.6401,73.849,Northern Heavy Industrial / Highway Hub (PCMC),858003947,residential,Unnamed,1,no,,,no,no,2,133.83,1106.01,STATIC_ROAD_NETWORK
3409331,"Bhosari, Pune - IITM",18.6401,73.849,Northern Heavy Industrial / Highway Hub (PCMC),858003948,residential,Unnamed,1,no,,,no,no,2,103.47,1132.5,STATIC_ROAD_NETWORK
3409331,"Bhosari, Pune - IITM",18.6401,73.849,Northern Heavy Industrial / Highway Hub (PCMC),858003949,residential,Unnamed,1,no,,,no,no,2,120.33,1112.49,STATIC_ROAD_NETWORK
3409331,"Bhosari, Pune - IITM",18.6401,73.849,Northern Heavy Industrial / Highway Hub (PCMC),858003950,residential,Unnamed,1,no,,,no,no,2,229.07,1355.1,STATIC_ROAD_NETWORK
3409331,"Bhosari, Pune - IITM",18.6401,73.849,Northern Heavy Industrial / Highway Hub (PCMC),858003951,residential,Unnamed,1,no,,,no,no,2,99.8,1233.88,STATIC_ROAD_NETWORK
3409331,"Bhosari, Pune - IITM",18.6401,73.849,Northern Heavy Industrial / Highway Hub (PCMC),858003952,residential,Unnamed,1,no,,,no,no,2,59.66,1371.24,STATIC_ROAD_NETWORK
3409331,"Bhosari, Pune - IITM",18.6401,73.849,Northern Heavy Industrial / Highway Hub (PCMC),858003953,residential,Unnamed,1,no,,,no,no,2,23.35,1492.25,STATIC_ROAD_NETWORK
3409331,"Bhosari, Pune - IITM",18.6401,73.849,Northern Heavy Industrial / Highway Hub (PCMC),858003954,residential,Unnamed,1,no,,,no,no,3,70.27,1474.42,STATIC_ROAD_NETWORK
3409331,"Bhosari, Pune - IITM",18.6401,73.849,Northern Heavy Industrial / Highway Hub (PCMC),858003956,residential,Unnamed,1,no,,,no,no,2,68.77,1036.03,STATIC_ROAD_NETWORK
3409331,"Bhosari, Pune - IITM",18.6401,73.849,Northern Heavy Industrial / Highway Hub (PCMC),858003957,residential,Unnamed,1,no,,,no,no,2,59.0,1047.54,STATIC_ROAD_NETWORK
3409331,"Bhosari, Pune - IITM",18.6401,73.849,Northern Heavy Industrial / Highway Hub (PCMC),858003958,residential,Unnamed,1,no,,,no,no,2,53.43,1060.19,STATIC_ROAD_NETWORK
3409331,"Bhosari, Pune - IITM",18.6401,73.849,Northern Heavy Industrial / Highway Hub (PCMC),858017685,residential,Unnamed,1,no,,,no,no,7,155.03,473.67,STATIC_ROAD_NETWORK
3409331,"Bhosari, Pune - IITM",18.6401,73.849,Northern Heavy Industrial / Highway Hub (PCMC),858017686,residential,Unnamed,1,no,,,no,no,2,112.46,526.95,STATIC_ROAD_NETWORK
3409331,"Bhosari, Pune - IITM",18.6401,73.849,Northern Heavy Industrial / Highway Hub (PCMC),858017687,residential,Unnamed,1,no,,,no,no,2,132.31,499.51,STATIC_ROAD_NETWORK
3409331,"Bhosari, Pune - IITM",18.6401,73.849,Northern Heavy Industrial / Highway Hub (PCMC),858024638,residential,Unnamed,1,no,,,no,no,16,518.88,514.44,STATIC_ROAD_NETWORK
3409331,"Bhosari, Pune - IITM",18.6401,73.849,Northern Heavy Industrial / Highway Hub (PCMC),858024640,residential,Unnamed,1,no,,,no,no,36,877.15,831.39,STATIC_ROAD_NETWORK
3409331,"Bhosari, Pune - IITM",18.6401,73.849,Northern Heavy Industrial / Highway Hub (PCMC),858024641,residential,Unnamed,1,no,,,no,no,2,24.92,849.36,STATIC_ROAD_NETWORK
3409331,"Bhosari, Pune - IITM",18.6401,73.849,Northern Heavy Industrial / Highway Hub (PCMC),858024642,residential,Unnamed,1,no,,,no,no,2,26.42,864.4,STATIC_ROAD_NETWORK
3409331,"Bhosari, Pune - IITM",18.6401,73.849,Northern Heavy Industrial / Highway Hub (PCMC),858024643,residential,Unnamed,1,no,,,no,no,2,25.0,882.73,STATIC_ROAD_NETWORK
3409331,"Bhosari, Pune - IITM",18.6401,73.849,Northern Heavy Industrial / Highway Hub (PCMC),858024644,residential,Unnamed,1,no,,,no,no,2,21.47,903.21,STATIC_ROAD_NETWORK
3409331,"Bhosari, Pune - IITM",18.6401,73.849,Northern Heavy Industrial / Highway Hub (PCMC),858024645,residential,Unnamed,1,no,,,no,no,11,369.17,1078.77,STATIC_ROAD_NETWORK
3409331,"Bhosari, Pune - IITM",18.6401,73.849,Northern Heavy Industrial / Highway Hub (PCMC),858024646,residential,Unnamed,1,no,,,no,no,12,462.85,1280.55,STATIC_ROAD_NETWORK
3409331,"Bhosari, Pune - IITM",18.6401,73.849,Northern Heavy Industrial / Highway Hub (PCMC),858024651,residential,Unnamed,1,no,,,no,no,9,400.64,1315.28,STATIC_ROAD_NETWORK
3409331,"Bhosari, Pune - IITM",18.6401,73.849,Northern Heavy Industrial / Highway Hub (PCMC),858024652,residential,Unnamed,1,no,,,no,no,4,93.87,1430.82,STATIC_ROAD_NETWORK
3409331,"Bhosari, Pune - IITM",18.6401,73.849,Northern Heavy Industrial / Highway Hub (PCMC),858024653,residential,Unnamed,1,no,,,no,no,14,537.1,1391.83,STATIC_ROAD_NETWORK
3409331,"Bhosari, Pune - IITM",18.6401,73.849,Northern Heavy Industrial / Highway Hub (PCMC),858024654,residential,Unnamed,1,no,,,no,no,10,224.56,1114.49,STATIC_ROAD_NETWORK
3409331,"Bhosari, Pune - IITM",18.6401,73.849,Northern Heavy Industrial / Highway Hub (PCMC),858024655,residential,Unnamed,1,no,,,no,no,2,138.11,1087.92,STATIC_ROAD_NETWORK
3409331,"Bhosari, Pune - IITM",18.6401,73.849,Northern Heavy Industrial / Highway Hub (PCMC),858024656,residential,Unnamed,1,no,,,no,no,2,78.01,1105.09,STATIC_ROAD_NETWORK
3409331,"Bhosari, Pune - IITM",18.6401,73.849,Northern Heavy Industrial / Highway Hub (PCMC),858031494,residential,Unnamed,1,no,,,no,no,2,92.27,605.75,STATIC_ROAD_NETWORK
3409331,"Bhosari, Pune - IITM",18.6401,73.849,Northern Heavy Industrial / Highway Hub (PCMC),858031495,residential,Unnamed,1,no,,,no,no,2,73.23,629.79,STATIC_ROAD_NETWORK
3409331,"Bhosari, Pune - IITM",18.6401,73.849,Northern Heavy Industrial / Highway Hub (PCMC),858031496,residential,Unnamed,1,no,,,no,no,7,277.27,661.55,STATIC_ROAD_NETWORK
3409331,"Bhosari, Pune - IITM",18.6401,73.849,Northern Heavy Industrial / Highway Hub (PCMC),858031497,residential,Unnamed,1,no,,,no,no,3,219.78,763.07,STATIC_ROAD_NETWORK
3409331,"Bhosari, Pune - IITM",18.6401,73.849,Northern Heavy Industrial / Highway Hub (PCMC),858031498,residential,Unnamed,1,no,,,no,no,16,231.31,817.57,STATIC_ROAD_NETWORK
3409331,"Bhosari, Pune - IITM",18.6401,73.849,Northern Heavy Industrial / Highway Hub (PCMC),858031499,residential,Unnamed,1,no,,,no,no,2,33.63,789.91,STATIC_ROAD_NETWORK
3409331,"Bhosari, Pune - IITM",18.6401,73.849,Northern Heavy Industrial / Highway Hub (PCMC),858031500,residential,Unnamed,1,no,,,no,no,10,216.44,837.46,STATIC_ROAD_NETWORK
3409331,"Bhosari, Pune - IITM",18.6401,73.849,Northern Heavy Industrial / Highway Hub (PCMC),858031501,residential,Unnamed,1,no,,,no,no,2,99.14,824.65,STATIC_ROAD_NETWORK
3409331,"Bhosari, Pune - IITM",18.6401,73.849,Northern Heavy Industrial / Highway Hub (PCMC),858031502,residential,Unnamed,1,no,,,no,no,5,181.28,833.31,STATIC_ROAD_NETWORK
3409331,"Bhosari, Pune - IITM",18.6401,73.849,Northern Heavy Industrial / Highway Hub (PCMC),858031503,residential,Unnamed,1,no,,,no,no,2,62.45,825.74,STATIC_ROAD_NETWORK
3409331,"Bhosari, Pune - IITM",18.6401,73.849,Northern Heavy Industrial / Highway Hub (PCMC),858031504,residential,Unnamed,1,no,,,no,no,3,95.48,821.15,STATIC_ROAD_NETWORK
3409331,"Bhosari, Pune - IITM",18.6401,73.849,Northern Heavy Industrial / Highway Hub (PCMC),858031505,residential,Unnamed,1,no,,,no,no,2,60.09,955.64,STATIC_ROAD_NETWORK
3409331,"Bhosari, Pune - IITM",18.6401,73.849,Northern Heavy Industrial / Highway Hub (PCMC),858031506,residential,Unnamed,1,no,,,no,no,8,215.69,850.49,STATIC_ROAD_NETWORK
3409331,"Bhosari, Pune - IITM",18.6401,73.849,Northern Heavy Industrial / Highway Hub (PCMC),858031507,residential,Unnamed,1,no,,,no,no,2,126.86,939.65,STATIC_ROAD_NETWORK
3409331,"Bhosari, Pune - IITM",18.6401,73.849,Northern Heavy Industrial / Highway Hub (PCMC),858035479,residential,Unnamed,1,no,,,no,no,3,301.44,1022.22,STATIC_ROAD_NETWORK
3409331,"Bhosari, Pune - IITM",18.6401,73.849,Northern Heavy Industrial / Highway Hub (PCMC),858035480,residential,Unnamed,1,no,,,no,no,2,219.03,1052.38,STATIC_ROAD_NETWORK
3409331,"Bhosari, Pune - IITM",18.6401,73.849,Northern Heavy Industrial / Highway Hub (PCMC),858035481,residential,Unnamed,1,no,,,no,no,2,172.98,1080.76,STATIC_ROAD_NETWORK
3409331,"Bhosari, Pune - IITM",18.6401,73.849,Northern Heavy Industrial / Highway Hub (PCMC),858035482,residential,Unnamed,1,no,,,no,no,2,170.71,1104.28,STATIC_ROAD_NETWORK
3409331,"Bhosari, Pune - IITM",18.6401,73.849,Northern Heavy Industrial / Highway Hub (PCMC),858035483,residential,Unnamed,1,no,,,no,no,2,186.85,1122.41,STATIC_ROAD_NETWORK
3409331,"Bhosari, Pune - IITM",18.6401,73.849,Northern Heavy Industrial / Highway Hub (PCMC),858035484,residential,Unnamed,1,no,,,no,no,2,164.39,1136.28,STATIC_ROAD_NETWORK
3409331,"Bhosari, Pune - IITM",18.6401,73.849,Northern Heavy Industrial / Highway Hub (PCMC),858041687,residential,Unnamed,1,no,,,no,no,2,40.73,1234.97,STATIC_ROAD_NETWORK
3409331,"Bhosari, Pune - IITM",18.6401,73.849,Northern Heavy Industrial / Highway Hub (PCMC),858041688,residential,Unnamed,1,no,,,no,no,2,71.29,1115.06,STATIC_ROAD_NETWORK
3409331,"Bhosari, Pune - IITM",18.6401,73.849,Northern Heavy Industrial / Highway Hub (PCMC),858041699,residential,Unnamed,1,no,,,no,no,7,179.67,1001.57,STATIC_ROAD_NETWORK
3409331,"Bhosari, Pune - IITM",18.6401,73.849,Northern Heavy Industrial / Highway Hub (PCMC),858052696,tertiary,Unnamed,2,yes,,,no,no,4,20.43,906.18,STATIC_ROAD_NETWORK
3409331,"Bhosari, Pune - IITM",18.6401,73.849,Northern Heavy Industrial / Highway Hub (PCMC),858052702,residential,Unnamed,1,no,,,no,no,3,55.22,681.51,STATIC_ROAD_NETWORK
3409331,"Bhosari, Pune - IITM",18.6401,73.849,Northern Heavy Industrial / Highway Hub (PCMC),858052703,residential,Unnamed,1,no,,,no,no,5,53.39,653.74,STATIC_ROAD_NETWORK
3409331,"Bhosari, Pune - IITM",18.6401,73.849,Northern Heavy Industrial / Highway Hub (PCMC),858052707,residential,Unnamed,1,no,,,no,no,3,71.11,588.77,STATIC_ROAD_NETWORK
3409331,"Bhosari, Pune - IITM",18.6401,73.849,Northern Heavy Industrial / Highway Hub (PCMC),858052708,residential,Unnamed,1,no,,,no,no,3,67.95,595.92,STATIC_ROAD_NETWORK
3409331,"Bhosari, Pune - IITM",18.6401,73.849,Northern Heavy Industrial / Highway Hub (PCMC),858052709,residential,Unnamed,1,no,,,no,no,4,87.16,439.51,STATIC_ROAD_NETWORK
3409331,"Bhosari, Pune - IITM",18.6401,73.849,Northern Heavy Industrial / Highway Hub (PCMC),858052710,residential,Unnamed,1,no,,dirt,no,no,19,286.57,595.55,STATIC_ROAD_NETWORK
3409331,"Bhosari, Pune - IITM",18.6401,73.849,Northern Heavy Industrial / Highway Hub (PCMC),858066181,residential,Unnamed,1,no,,,no,no,3,75.09,726.26,STATIC_ROAD_NETWORK
3409331,"Bhosari, Pune - IITM",18.6401,73.849,Northern Heavy Industrial / Highway Hub (PCMC),858066183,residential,Unnamed,1,no,,,no,no,4,176.81,531.93,STATIC_ROAD_NETWORK
3409331,"Bhosari, Pune - IITM",18.6401,73.849,Northern Heavy Industrial / Highway Hub (PCMC),858066184,residential,Unnamed,1,no,,,no,no,3,36.59,683.14,STATIC_ROAD_NETWORK
3409331,"Bhosari, Pune - IITM",18.6401,73.849,Northern Heavy Industrial / Highway Hub (PCMC),858066187,residential,Unnamed,1,no,,,no,no,2,48.68,522.06,STATIC_ROAD_NETWORK
3409331,"Bhosari, Pune - IITM",18.6401,73.849,Northern Heavy Industrial / Highway Hub (PCMC),858066188,residential,Unnamed,1,no,,,no,no,3,87.86,486.62,STATIC_ROAD_NETWORK
3409331,"Bhosari, Pune - IITM",18.6401,73.849,Northern Heavy Industrial / Highway Hub (PCMC),858066193,residential,Unnamed,1,no,,unpaved,no,no,2,99.48,298.17,STATIC_ROAD_NETWORK
3409331,"Bhosari, Pune - IITM",18.6401,73.849,Northern Heavy Industrial / Highway Hub (PCMC),858066197,residential,Unnamed,1,no,,,no,no,8,440.91,195.03,STATIC_ROAD_NETWORK
3409331,"Bhosari, Pune - IITM",18.6401,73.849,Northern Heavy Industrial / Highway Hub (PCMC),858072949,residential,Unnamed,1,no,,,no,no,6,117.92,791.89,STATIC_ROAD_NETWORK
3409331,"Bhosari, Pune - IITM",18.6401,73.849,Northern Heavy Industrial / Highway Hub (PCMC),858072950,residential,Unnamed,1,no,,,no,no,2,98.4,889.6,STATIC_ROAD_NETWORK
3409331,"Bhosari, Pune - IITM",18.6401,73.849,Northern Heavy Industrial / Highway Hub (PCMC),858072951,residential,Unnamed,1,no,,,no,no,6,125.38,847.17,STATIC_ROAD_NETWORK
3409331,"Bhosari, Pune - IITM",18.6401,73.849,Northern Heavy Industrial / Highway Hub (PCMC),858072956,residential,Unnamed,1,no,,,no,no,3,65.16,1083.4,STATIC_ROAD_NETWORK
3409331,"Bhosari, Pune - IITM",18.6401,73.849,Northern Heavy Industrial / Highway Hub (PCMC),858072957,residential,Unnamed,1,no,,,no,no,2,57.29,1052.87,STATIC_ROAD_NETWORK
3409331,"Bhosari, Pune - IITM",18.6401,73.849,Northern Heavy Industrial / Highway Hub (PCMC),858072958,residential,Unnamed,1,no,,,no,no,3,100.45,906.75,STATIC_ROAD_NETWORK
3409331,"Bhosari, Pune - IITM",18.6401,73.849,Northern Heavy Industrial / Highway Hub (PCMC),858072960,residential,Unnamed,1,no,,,no,no,6,81.66,930.59,STATIC_ROAD_NETWORK
3409331,"Bhosari, Pune - IITM",18.6401,73.849,Northern Heavy Industrial / Highway Hub (PCMC),858072961,living_street,Unnamed,1,no,,,no,no,2,56.15,944.93,STATIC_ROAD_NETWORK
3409331,"Bhosari, Pune - IITM",18.6401,73.849,Northern Heavy Industrial / Highway Hub (PCMC),858072962,living_street,Unnamed,1,no,,,no,no,2,51.4,948.62,STATIC_ROAD_NETWORK
3409331,"Bhosari, Pune - IITM",18.6401,73.849,Northern Heavy Industrial / Highway Hub (PCMC),858077258,residential,Unnamed,1,no,,,no,no,8,152.42,452.15,STATIC_ROAD_NETWORK
3409331,"Bhosari, Pune - IITM",18.6401,73.849,Northern Heavy Industrial / Highway Hub (PCMC),858077259,residential,Unnamed,1,no,,,no,no,2,64.1,523.36,STATIC_ROAD_NETWORK
3409331,"Bhosari, Pune - IITM",18.6401,73.849,Northern Heavy Industrial / Highway Hub (PCMC),858077260,residential,Unnamed,1,no,,,no,no,3,71.6,480.06,STATIC_ROAD_NETWORK
3409331,"Bhosari, Pune - IITM",18.6401,73.849,Northern Heavy Industrial / Highway Hub (PCMC),858088896,residential,Unnamed,1,no,,,no,no,6,73.89,1009.71,STATIC_ROAD_NETWORK
3409331,"Bhosari, Pune - IITM",18.6401,73.849,Northern Heavy Industrial / Highway Hub (PCMC),858088898,residential,Unnamed,1,no,,,no,no,3,32.38,988.42,STATIC_ROAD_NETWORK
3409331,"Bhosari, Pune - IITM",18.6401,73.849,Northern Heavy Industrial / Highway Hub (PCMC),858088899,residential,Unnamed,1,no,,,no,no,2,49.72,967.09,STATIC_ROAD_NETWORK
3409331,"Bhosari, Pune - IITM",18.6401,73.849,Northern Heavy Industrial / Highway Hub (PCMC),858088912,residential,Unnamed,1,no,,,no,no,13,139.24,729.48,STATIC_ROAD_NETWORK
3409331,"Bhosari, Pune - IITM",18.6401,73.849,Northern Heavy Industrial / Highway Hub (PCMC),858088918,residential,Unnamed,1,no,,,no,no,8,98.56,507.36,STATIC_ROAD_NETWORK
3409331,"Bhosari, Pune - IITM",18.6401,73.849,Northern Heavy Industrial / Highway Hub (PCMC),858426965,residential,Unnamed,1,no,,,no,no,8,140.04,1296.7,STATIC_ROAD_NETWORK
3409331,"Bhosari, Pune - IITM",18.6401,73.849,Northern Heavy Industrial / Highway Hub (PCMC),859579583,residential,Unnamed,1,no,,,no,no,23,178.02,1291.66,STATIC_ROAD_NETWORK
3409331,"Bhosari, Pune - IITM",18.6401,73.849,Northern Heavy Industrial / Highway Hub (PCMC),860581690,tertiary,Unnamed,1,yes,,,no,no,11,656.22,1448.57,STATIC_ROAD_NETWORK
3409331,"Bhosari, Pune - IITM",18.6401,73.849,Northern Heavy Industrial / Highway Hub (PCMC),867923158,residential,Unnamed,2,no,,,no,no,2,14.36,1118.58,STATIC_ROAD_NETWORK
3409331,"Bhosari, Pune - IITM",18.6401,73.849,Northern Heavy Industrial / Highway Hub (PCMC),867923159,secondary,Indrayani Nagar Road,1,yes,,,no,no,9,694.73,1378.5,STATIC_ROAD_NETWORK
3409331,"Bhosari, Pune - IITM",18.6401,73.849,Northern Heavy Industrial / Highway Hub (PCMC),1073763351,residential,Unnamed,1,no,,,no,no,2,32.6,1326.6,STATIC_ROAD_NETWORK
3409331,"Bhosari, Pune - IITM",18.6401,73.849,Northern Heavy Industrial / Highway Hub (PCMC),1073763352,residential,Unnamed,1,no,,,no,no,5,151.07,1326.6,STATIC_ROAD_NETWORK
3409331,"Bhosari, Pune - IITM",18.6401,73.849,Northern Heavy Industrial / Highway Hub (PCMC),1073763353,residential,Unnamed,1,no,,,no,no,4,122.2,1420.74,STATIC_ROAD_NETWORK
3409331,"Bhosari, Pune - IITM",18.6401,73.849,Northern Heavy Industrial / Highway Hub (PCMC),1073763354,residential,Unnamed,1,no,,,no,no,5,102.08,1390.88,STATIC_ROAD_NETWORK
3409331,"Bhosari, Pune - IITM",18.6401,73.849,Northern Heavy Industrial / Highway Hub (PCMC),1074120498,residential,Unnamed,1,no,,,no,no,3,31.61,977.18,STATIC_ROAD_NETWORK
3409331,"Bhosari, Pune - IITM",18.6401,73.849,Northern Heavy Industrial / Highway Hub (PCMC),1074120499,residential,Unnamed,1,no,,,no,no,4,42.0,981.75,STATIC_ROAD_NETWORK
3409331,"Bhosari, Pune - IITM",18.6401,73.849,Northern Heavy Industrial / Highway Hub (PCMC),1074120500,residential,Unnamed,1,no,,,no,no,6,43.15,990.21,STATIC_ROAD_NETWORK
3409331,"Bhosari, Pune - IITM",18.6401,73.849,Northern Heavy Industrial / Highway Hub (PCMC),1077915948,tertiary,Unnamed,1,yes,,,no,no,26,1268.83,1156.9,STATIC_ROAD_NETWORK
3409331,"Bhosari, Pune - IITM",18.6401,73.849,Northern Heavy Industrial / Highway Hub (PCMC),1080264872,living_street,Unnamed,1,no,,,no,no,2,55.54,988.05,STATIC_ROAD_NETWORK
3409331,"Bhosari, Pune - IITM",18.6401,73.849,Northern Heavy Industrial / Highway Hub (PCMC),1094270334,residential,Unnamed,1,no,,,no,no,8,537.35,1287.63,STATIC_ROAD_NETWORK
3409331,"Bhosari, Pune - IITM",18.6401,73.849,Northern Heavy Industrial / Highway Hub (PCMC),1101427489,residential,Unnamed,1,no,,,no,no,3,170.52,1460.38,STATIC_ROAD_NETWORK
3409331,"Bhosari, Pune - IITM",18.6401,73.849,Northern Heavy Industrial / Highway Hub (PCMC),1116012652,residential,Unnamed,1,no,,,no,no,4,126.11,233.02,STATIC_ROAD_NETWORK
3409331,"Bhosari, Pune - IITM",18.6401,73.849,Northern Heavy Industrial / Highway Hub (PCMC),1119762969,residential,Unnamed,1,no,,,no,no,4,71.9,1084.32,STATIC_ROAD_NETWORK
3409331,"Bhosari, Pune - IITM",18.6401,73.849,Northern Heavy Industrial / Highway Hub (PCMC),1119762970,residential,Unnamed,1,no,,,no,no,2,26.94,1175.55,STATIC_ROAD_NETWORK
3409331,"Bhosari, Pune - IITM",18.6401,73.849,Northern Heavy Industrial / Highway Hub (PCMC),1119762971,residential,Unnamed,1,no,,,no,no,2,27.43,1237.3,STATIC_ROAD_NETWORK
3409331,"Bhosari, Pune - IITM",18.6401,73.849,Northern Heavy Industrial / Highway Hub (PCMC),1119762972,residential,Unnamed,1,no,,,no,no,5,86.18,1229.67,STATIC_ROAD_NETWORK
3409331,"Bhosari, Pune - IITM",18.6401,73.849,Northern Heavy Industrial / Highway Hub (PCMC),1119762973,residential,Unnamed,1,no,,,no,no,3,58.86,1305.57,STATIC_ROAD_NETWORK
3409331,"Bhosari, Pune - IITM",18.6401,73.849,Northern Heavy Industrial / Highway Hub (PCMC),1119762974,residential,Unnamed,1,no,,,no,no,6,119.0,1312.11,STATIC_ROAD_NETWORK
3409331,"Bhosari, Pune - IITM",18.6401,73.849,Northern Heavy Industrial / Highway Hub (PCMC),1119768859,residential,Unnamed,1,no,,,no,no,2,28.87,1170.86,STATIC_ROAD_NETWORK
3409331,"Bhosari, Pune - IITM",18.6401,73.849,Northern Heavy Industrial / Highway Hub (PCMC),1119768860,residential,Unnamed,1,no,,,no,no,3,64.9,1193.48,STATIC_ROAD_NETWORK
3409331,"Bhosari, Pune - IITM",18.6401,73.849,Northern Heavy Industrial / Highway Hub (PCMC),1119768861,residential,Unnamed,1,no,,,no,no,2,20.23,1266.74,STATIC_ROAD_NETWORK
3409331,"Bhosari, Pune - IITM",18.6401,73.849,Northern Heavy Industrial / Highway Hub (PCMC),1119768862,residential,Unnamed,1,no,,,no,no,2,26.04,1256.1,STATIC_ROAD_NETWORK
3409331,"Bhosari, Pune - IITM",18.6401,73.849,Northern Heavy Industrial / Highway Hub (PCMC),1119797097,residential,Unnamed,1,no,,,no,no,2,149.79,1069.71,STATIC_ROAD_NETWORK
3409331,"Bhosari, Pune - IITM",18.6401,73.849,Northern Heavy Industrial / Highway Hub (PCMC),1119797098,residential,Unnamed,1,no,,,no,no,2,36.03,759.02,STATIC_ROAD_NETWORK
3409331,"Bhosari, Pune - IITM",18.6401,73.849,Northern Heavy Industrial / Highway Hub (PCMC),1119797099,residential,Unnamed,1,no,,,no,no,2,21.52,695.5,STATIC_ROAD_NETWORK
3409331,"Bhosari, Pune - IITM",18.6401,73.849,Northern Heavy Industrial / Highway Hub (PCMC),1119797101,residential,Unnamed,1,no,,,no,no,2,39.52,699.7,STATIC_ROAD_NETWORK
3409331,"Bhosari, Pune - IITM",18.6401,73.849,Northern Heavy Industrial / Highway Hub (PCMC),1119797102,residential,Unnamed,1,no,,,no,no,4,46.07,695.23,STATIC_ROAD_NETWORK
3409331,"Bhosari, Pune - IITM",18.6401,73.849,Northern Heavy Industrial / Highway Hub (PCMC),1119797103,residential,Unnamed,1,no,,,no,no,8,164.05,733.33,STATIC_ROAD_NETWORK
3409331,"Bhosari, Pune - IITM",18.6401,73.849,Northern Heavy Industrial / Highway Hub (PCMC),1119797104,living_street,Unnamed,1,no,,,no,no,3,40.79,999.44,STATIC_ROAD_NETWORK
3409331,"Bhosari, Pune - IITM",18.6401,73.849,Northern Heavy Industrial / Highway Hub (PCMC),1119797105,residential,Unnamed,1,no,,,no,no,5,64.62,1088.96,STATIC_ROAD_NETWORK
3409331,"Bhosari, Pune - IITM",18.6401,73.849,Northern Heavy Industrial / Highway Hub (PCMC),1119797106,residential,Unnamed,1,no,,,no,no,6,108.87,687.59,STATIC_ROAD_NETWORK
3409331,"Bhosari, Pune - IITM",18.6401,73.849,Northern Heavy Industrial / Highway Hub (PCMC),1119797110,residential,Unnamed,1,no,,,no,no,3,37.41,1009.46,STATIC_ROAD_NETWORK
3409331,"Bhosari, Pune - IITM",18.6401,73.849,Northern Heavy Industrial / Highway Hub (PCMC),1119797111,residential,Unnamed,1,no,,,no,no,2,54.05,1096.2,STATIC_ROAD_NETWORK
3409331,"Bhosari, Pune - IITM",18.6401,73.849,Northern Heavy Industrial / Highway Hub (PCMC),1119797112,residential,Unnamed,1,no,,,no,no,8,72.32,1022.51,STATIC_ROAD_NETWORK
3409331,"Bhosari, Pune - IITM",18.6401,73.849,Northern Heavy Industrial / Highway Hub (PCMC),1119797113,residential,Unnamed,1,no,,,no,no,3,53.71,1023.23,STATIC_ROAD_NETWORK
3409331,"Bhosari, Pune - IITM",18.6401,73.849,Northern Heavy Industrial / Highway Hub (PCMC),1119797114,residential,Unnamed,1,no,,,no,no,6,99.02,1105.32,STATIC_ROAD_NETWORK
3409331,"Bhosari, Pune - IITM",18.6401,73.849,Northern Heavy Industrial / Highway Hub (PCMC),1119797115,residential,Unnamed,1,no,,,no,no,4,75.8,1241.24,STATIC_ROAD_NETWORK
3409331,"Bhosari, Pune - IITM",18.6401,73.849,Northern Heavy Industrial / Highway Hub (PCMC),1119797116,residential,Unnamed,1,no,,,no,no,4,93.89,1205.68,STATIC_ROAD_NETWORK
3409331,"Bhosari, Pune - IITM",18.6401,73.849,Northern Heavy Industrial / Highway Hub (PCMC),1119797117,residential,Unnamed,1,no,,,no,no,2,44.24,1213.53,STATIC_ROAD_NETWORK
3409331,"Bhosari, Pune - IITM",18.6401,73.849,Northern Heavy Industrial / Highway Hub (PCMC),1119802466,residential,Unnamed,1,no,,,no,no,4,49.18,1326.15,STATIC_ROAD_NETWORK
3409331,"Bhosari, Pune - IITM",18.6401,73.849,Northern Heavy Industrial / Highway Hub (PCMC),1119802467,residential,Unnamed,1,no,,,no,no,3,47.02,1144.36,STATIC_ROAD_NETWORK
3409331,"Bhosari, Pune - IITM",18.6401,73.849,Northern Heavy Industrial / Highway Hub (PCMC),1119802468,residential,Unnamed,1,no,,,no,no,2,30.91,1109.29,STATIC_ROAD_NETWORK
3409331,"Bhosari, Pune - IITM",18.6401,73.849,Northern Heavy Industrial / Highway Hub (PCMC),1119806840,residential,Unnamed,1,no,,,no,no,2,51.5,487.39,STATIC_ROAD_NETWORK
3409331,"Bhosari, Pune - IITM",18.6401,73.849,Northern Heavy Industrial / Highway Hub (PCMC),1119806842,living_street,Unnamed,1,no,,,no,no,2,18.65,548.99,STATIC_ROAD_NETWORK
3409331,"Bhosari, Pune - IITM",18.6401,73.849,Northern Heavy Industrial / Highway Hub (PCMC),1119806843,residential,Unnamed,1,no,,,no,no,2,46.95,493.31,STATIC_ROAD_NETWORK
3409331,"Bhosari, Pune - IITM",18.6401,73.849,Northern Heavy Industrial / Highway Hub (PCMC),1119806845,residential,Unnamed,1,no,,,no,no,2,65.1,516.91,STATIC_ROAD_NETWORK
3409331,"Bhosari, Pune - IITM",18.6401,73.849,Northern Heavy Industrial / Highway Hub (PCMC),1119806846,residential,Unnamed,1,no,,,no,no,2,46.12,259.31,STATIC_ROAD_NETWORK
3409331,"Bhosari, Pune - IITM",18.6401,73.849,Northern Heavy Industrial / Highway Hub (PCMC),1119806849,residential,Unnamed,1,no,,,no,no,2,83.59,1027.24,STATIC_ROAD_NETWORK
3409331,"Bhosari, Pune - IITM",18.6401,73.849,Northern Heavy Industrial / Highway Hub (PCMC),1119806850,residential,Unnamed,1,no,,,no,no,5,89.96,1068.86,STATIC_ROAD_NETWORK
3409331,"Bhosari, Pune - IITM",18.6401,73.849,Northern Heavy Industrial / Highway Hub (PCMC),1119806852,residential,Unnamed,1,no,,,no,no,3,75.89,794.14,STATIC_ROAD_NETWORK
3409331,"Bhosari, Pune - IITM",18.6401,73.849,Northern Heavy Industrial / Highway Hub (PCMC),1119806853,residential,Unnamed,1,no,,,no,no,2,26.3,537.29,STATIC_ROAD_NETWORK
3409331,"Bhosari, Pune - IITM",18.6401,73.849,Northern Heavy Industrial / Highway Hub (PCMC),1119806854,residential,Unnamed,1,no,,,no,no,2,47.07,558.94,STATIC_ROAD_NETWORK
3409331,"Bhosari, Pune - IITM",18.6401,73.849,Northern Heavy Industrial / Highway Hub (PCMC),1119806855,residential,Unnamed,1,no,,,no,no,3,13.56,648.44,STATIC_ROAD_NETWORK
3409331,"Bhosari, Pune - IITM",18.6401,73.849,Northern Heavy Industrial / Highway Hub (PCMC),1119806856,residential,Unnamed,1,no,,,no,no,2,58.01,510.48,STATIC_ROAD_NETWORK
3409331,"Bhosari, Pune - IITM",18.6401,73.849,Northern Heavy Industrial / Highway Hub (PCMC),1119806857,residential,Unnamed,1,no,,,no,no,3,137.69,376.11,STATIC_ROAD_NETWORK
3409331,"Bhosari, Pune - IITM",18.6401,73.849,Northern Heavy Industrial / Highway Hub (PCMC),1119806859,residential,Unnamed,1,no,,,no,no,10,133.26,176.97,STATIC_ROAD_NETWORK
3409331,"Bhosari, Pune - IITM",18.6401,73.849,Northern Heavy Industrial / Highway Hub (PCMC),1119808323,residential,Unnamed,1,no,,,no,no,2,22.11,679.68,STATIC_ROAD_NETWORK
3409331,"Bhosari, Pune - IITM",18.6401,73.849,Northern Heavy Industrial / Highway Hub (PCMC),1119808324,residential,Unnamed,1,no,,,no,no,10,51.11,683.68,STATIC_ROAD_NETWORK
3409331,"Bhosari, Pune - IITM",18.6401,73.849,Northern Heavy Industrial / Highway Hub (PCMC),1119808331,residential,Unnamed,1,no,,,no,no,2,19.66,520.85,STATIC_ROAD_NETWORK
3409331,"Bhosari, Pune - IITM",18.6401,73.849,Northern Heavy Industrial / Highway Hub (PCMC),1119808332,residential,Unnamed,1,no,,,no,no,4,54.02,675.62,STATIC_ROAD_NETWORK
3409331,"Bhosari, Pune - IITM",18.6401,73.849,Northern Heavy Industrial / Highway Hub (PCMC),1119808333,residential,Unnamed,1,no,,,no,no,4,52.56,651.41,STATIC_ROAD_NETWORK
3409331,"Bhosari, Pune - IITM",18.6401,73.849,Northern Heavy Industrial / Highway Hub (PCMC),1119808334,residential,Unnamed,1,no,,,no,no,3,53.49,627.05,STATIC_ROAD_NETWORK
3409331,"Bhosari, Pune - IITM",18.6401,73.849,Northern Heavy Industrial / Highway Hub (PCMC),1119808741,residential,Unnamed,1,no,,,no,no,5,102.29,1309.74,STATIC_ROAD_NETWORK
3409331,"Bhosari, Pune - IITM",18.6401,73.849,Northern Heavy Industrial / Highway Hub (PCMC),1119808742,residential,Unnamed,1,no,,,no,no,3,40.49,1346.57,STATIC_ROAD_NETWORK
3409331,"Bhosari, Pune - IITM",18.6401,73.849,Northern Heavy Industrial / Highway Hub (PCMC),1119808743,residential,Unnamed,1,no,,,no,no,2,32.07,1285.28,STATIC_ROAD_NETWORK
3409331,"Bhosari, Pune - IITM",18.6401,73.849,Northern Heavy Industrial / Highway Hub (PCMC),1119808744,residential,Unnamed,1,no,,,no,no,3,42.94,1370.74,STATIC_ROAD_NETWORK
3409331,"Bhosari, Pune - IITM",18.6401,73.849,Northern Heavy Industrial / Highway Hub (PCMC),1119808745,living_street,Unnamed,1,no,,,no,no,3,61.44,1179.25,STATIC_ROAD_NETWORK
3409331,"Bhosari, Pune - IITM",18.6401,73.849,Northern Heavy Industrial / Highway Hub (PCMC),1119808746,residential,Unnamed,1,no,,,no,no,2,21.74,788.01,STATIC_ROAD_NETWORK
3409331,"Bhosari, Pune - IITM",18.6401,73.849,Northern Heavy Industrial / Highway Hub (PCMC),1119808747,residential,Unnamed,1,no,,,no,no,2,28.5,686.1,STATIC_ROAD_NETWORK
3409331,"Bhosari, Pune - IITM",18.6401,73.849,Northern Heavy Industrial / Highway Hub (PCMC),1119813082,residential,Unnamed,1,no,,,no,no,3,38.1,1004.77,STATIC_ROAD_NETWORK
3409331,"Bhosari, Pune - IITM",18.6401,73.849,Northern Heavy Industrial / Highway Hub (PCMC),1119813083,residential,Unnamed,1,no,,,no,no,2,16.39,1028.25,STATIC_ROAD_NETWORK
3409331,"Bhosari, Pune - IITM",18.6401,73.849,Northern Heavy Industrial / Highway Hub (PCMC),1119813084,residential,Unnamed,1,no,,,no,no,6,107.81,967.75,STATIC_ROAD_NETWORK
3409331,"Bhosari, Pune - IITM",18.6401,73.849,Northern Heavy Industrial / Highway Hub (PCMC),1119813086,residential,Unnamed,1,no,,,no,no,2,77.69,1102.05,STATIC_ROAD_NETWORK
3409331,"Bhosari, Pune - IITM",18.6401,73.849,Northern Heavy Industrial / Highway Hub (PCMC),1119813087,residential,Unnamed,1,no,,,no,no,2,52.83,1195.64,STATIC_ROAD_NETWORK
3409331,"Bhosari, Pune - IITM",18.6401,73.849,Northern Heavy Industrial / Highway Hub (PCMC),1120232013,residential,Unnamed,1,no,,,no,no,3,98.12,1129.46,STATIC_ROAD_NETWORK
3409331,"Bhosari, Pune - IITM",18.6401,73.849,Northern Heavy Industrial / Highway Hub (PCMC),1120232014,residential,Unnamed,1,no,,,no,no,2,106.2,1168.01,STATIC_ROAD_NETWORK
3409331,"Bhosari, Pune - IITM",18.6401,73.849,Northern Heavy Industrial / Highway Hub (PCMC),1120256004,residential,Unnamed,1,no,,,no,no,3,51.68,1496.34,STATIC_ROAD_NETWORK
3409331,"Bhosari, Pune - IITM",18.6401,73.849,Northern Heavy Industrial / Highway Hub (PCMC),1120256005,residential,Unnamed,1,no,,,no,no,2,50.5,1447.09,STATIC_ROAD_NETWORK
3409331,"Bhosari, Pune - IITM",18.6401,73.849,Northern Heavy Industrial / Highway Hub (PCMC),1120256006,residential,Unnamed,1,no,,,no,no,12,167.94,1456.87,STATIC_ROAD_NETWORK
3409331,"Bhosari, Pune - IITM",18.6401,73.849,Northern Heavy Industrial / Highway Hub (PCMC),1120256007,residential,Unnamed,1,no,,,no,no,2,42.15,1393.45,STATIC_ROAD_NETWORK
3409331,"Bhosari, Pune - IITM",18.6401,73.849,Northern Heavy Industrial / Highway Hub (PCMC),1120256513,residential,Unnamed,1,no,,,no,no,4,61.53,1271.68,STATIC_ROAD_NETWORK
3409331,"Bhosari, Pune - IITM",18.6401,73.849,Northern Heavy Industrial / Highway Hub (PCMC),1120256514,residential,Unnamed,1,no,,,no,no,5,69.71,1352.53,STATIC_ROAD_NETWORK
3409331,"Bhosari, Pune - IITM",18.6401,73.849,Northern Heavy Industrial / Highway Hub (PCMC),1120256516,residential,Unnamed,1,no,,,no,no,2,63.51,886.19,STATIC_ROAD_NETWORK
3409331,"Bhosari, Pune - IITM",18.6401,73.849,Northern Heavy Industrial / Highway Hub (PCMC),1120256517,residential,Unnamed,1,no,,,no,no,4,61.52,588.98,STATIC_ROAD_NETWORK
3409331,"Bhosari, Pune - IITM",18.6401,73.849,Northern Heavy Industrial / Highway Hub (PCMC),1120256518,residential,Unnamed,1,no,,,no,no,2,133.18,583.49,STATIC_ROAD_NETWORK
3409331,"Bhosari, Pune - IITM",18.6401,73.849,Northern Heavy Industrial / Highway Hub (PCMC),1120497343,residential,Unnamed,1,no,,,no,no,2,62.49,1440.84,STATIC_ROAD_NETWORK
3409331,"Bhosari, Pune - IITM",18.6401,73.849,Northern Heavy Industrial / Highway Hub (PCMC),1120497344,residential,Unnamed,1,no,,,no,no,2,29.89,1500.57,STATIC_ROAD_NETWORK
3409331,"Bhosari, Pune - IITM",18.6401,73.849,Northern Heavy Industrial / Highway Hub (PCMC),1124942650,residential,Unnamed,1,no,,,no,no,2,218.01,347.97,STATIC_ROAD_NETWORK
3409331,"Bhosari, Pune - IITM",18.6401,73.849,Northern Heavy Industrial / Highway Hub (PCMC),1159312002,tertiary,Unnamed,1,no,,,no,no,2,12.41,1258.7,STATIC_ROAD_NETWORK
3409331,"Bhosari, Pune - IITM",18.6401,73.849,Northern Heavy Industrial / Highway Hub (PCMC),1159312003,tertiary,Alankapuram Road,1,no,,,no,no,47,1164.29,863.92,STATIC_ROAD_NETWORK
3409331,"Bhosari, Pune - IITM",18.6401,73.849,Northern Heavy Industrial / Highway Hub (PCMC),1159334206,secondary,Unnamed,2,yes,,,no,no,2,8.28,542.98,STATIC_ROAD_NETWORK
3409331,"Bhosari, Pune - IITM",18.6401,73.849,Northern Heavy Industrial / Highway Hub (PCMC),1159334207,secondary,Lakshmi Road,2,yes,,,no,no,3,8.9,540.29,STATIC_ROAD_NETWORK
3409331,"Bhosari, Pune - IITM",18.6401,73.849,Northern Heavy Industrial / Highway Hub (PCMC),1159334208,secondary,Lakshmi Road,2,yes,,,no,no,3,8.76,540.29,STATIC_ROAD_NETWORK
3409331,"Bhosari, Pune - IITM",18.6401,73.849,Northern Heavy Industrial / Highway Hub (PCMC),1159334209,secondary,Unnamed,2,yes,,,no,no,7,441.19,604.33,STATIC_ROAD_NETWORK
3409331,"Bhosari, Pune - IITM",18.6401,73.849,Northern Heavy Industrial / Highway Hub (PCMC),1159334210,tertiary,Unnamed,1,no,,,no,no,9,504.12,899.54,STATIC_ROAD_NETWORK
3409331,"Bhosari, Pune - IITM",18.6401,73.849,Northern Heavy Industrial / Highway Hub (PCMC),1159334211,tertiary,Golden cafe,2,no,50,asphalt,no,no,11,509.81,838.45,STATIC_ROAD_NETWORK
3409331,"Bhosari, Pune - IITM",18.6401,73.849,Northern Heavy Industrial / Highway Hub (PCMC),1159334212,secondary,Vaishnao Mata Marg,2,yes,,,no,no,4,31.05,867.48,STATIC_ROAD_NETWORK
3409331,"Bhosari, Pune - IITM",18.6401,73.849,Northern Heavy Industrial / Highway Hub (PCMC),1159334213,secondary,Vaishnao Mata Marg,2,yes,,,no,no,4,31.07,863.0,STATIC_ROAD_NETWORK
3409331,"Bhosari, Pune - IITM",18.6401,73.849,Northern Heavy Industrial / Highway Hub (PCMC),1159334214,tertiary,Golden cafe,2,yes,50,asphalt,no,no,2,9.0,889.71,STATIC_ROAD_NETWORK
3409331,"Bhosari, Pune - IITM",18.6401,73.849,Northern Heavy Industrial / Highway Hub (PCMC),1162000203,residential,Unnamed,1,no,,,no,no,3,49.38,1244.72,STATIC_ROAD_NETWORK
3409331,"Bhosari, Pune - IITM",18.6401,73.849,Northern Heavy Industrial / Highway Hub (PCMC),1162784380,residential,Unnamed,1,no,,,no,no,5,83.73,1396.46,STATIC_ROAD_NETWORK
3409331,"Bhosari, Pune - IITM",18.6401,73.849,Northern Heavy Industrial / Highway Hub (PCMC),1182169406,residential,Unnamed,1,no,,unpaved,no,no,10,178.59,209.26,STATIC_ROAD_NETWORK
3409331,"Bhosari, Pune - IITM",18.6401,73.849,Northern Heavy Industrial / Highway Hub (PCMC),1182169407,residential,Unnamed,1,no,,unpaved,no,no,2,51.67,309.21,STATIC_ROAD_NETWORK
3409331,"Bhosari, Pune - IITM",18.6401,73.849,Northern Heavy Industrial / Highway Hub (PCMC),1182169583,residential,Unnamed,1,no,,,no,no,2,7.9,604.33,STATIC_ROAD_NETWORK
3409331,"Bhosari, Pune - IITM",18.6401,73.849,Northern Heavy Industrial / Highway Hub (PCMC),1182169584,secondary,Unnamed,2,yes,,,no,no,3,92.9,542.98,STATIC_ROAD_NETWORK
3409331,"Bhosari, Pune - IITM",18.6401,73.849,Northern Heavy Industrial / Highway Hub (PCMC),1183376228,living_street,Unnamed,1,no,,,no,no,2,43.16,1100.4,STATIC_ROAD_NETWORK
3409331,"Bhosari, Pune - IITM",18.6401,73.849,Northern Heavy Industrial / Highway Hub (PCMC),1186733544,primary,Unnamed,1,yes,,,no,no,14,415.39,1293.23,STATIC_ROAD_NETWORK
3409331,"Bhosari, Pune - IITM",18.6401,73.849,Northern Heavy Industrial / Highway Hub (PCMC),1187584746,residential,Unnamed,1,no,,,no,no,2,32.19,886.48,STATIC_ROAD_NETWORK
3409331,"Bhosari, Pune - IITM",18.6401,73.849,Northern Heavy Industrial / Highway Hub (PCMC),1187591003,residential,Unnamed,1,no,,,no,no,2,20.1,633.07,STATIC_ROAD_NETWORK
3409331,"Bhosari, Pune - IITM",18.6401,73.849,Northern Heavy Industrial / Highway Hub (PCMC),1201237702,residential,Unnamed,1,no,,,no,no,2,51.84,1302.35,STATIC_ROAD_NETWORK
3409331,"Bhosari, Pune - IITM",18.6401,73.849,Northern Heavy Industrial / Highway Hub (PCMC),1201238414,residential,Unnamed,1,no,,,no,no,2,32.43,1328.96,STATIC_ROAD_NETWORK
3409331,"Bhosari, Pune - IITM",18.6401,73.849,Northern Heavy Industrial / Highway Hub (PCMC),1201238559,residential,Unnamed,1,no,,,no,no,2,31.05,1404.2,STATIC_ROAD_NETWORK
3409331,"Bhosari, Pune - IITM",18.6401,73.849,Northern Heavy Industrial / Highway Hub (PCMC),1203912140,living_street,Unnamed,1,no,,,no,no,2,35.24,1141.38,STATIC_ROAD_NETWORK
3409331,"Bhosari, Pune - IITM",18.6401,73.849,Northern Heavy Industrial / Highway Hub (PCMC),1203912141,residential,Unnamed,1,no,,,no,no,3,118.82,1130.5,STATIC_ROAD_NETWORK
3409331,"Bhosari, Pune - IITM",18.6401,73.849,Northern Heavy Industrial / Highway Hub (PCMC),1205154189,residential,Indrayani Nagar Road,1,no,,,no,no,3,124.21,576.02,STATIC_ROAD_NETWORK
3409331,"Bhosari, Pune - IITM",18.6401,73.849,Northern Heavy Industrial / Highway Hub (PCMC),1205154190,residential,Unnamed,1,no,,,no,no,3,47.38,688.49,STATIC_ROAD_NETWORK
3409331,"Bhosari, Pune - IITM",18.6401,73.849,Northern Heavy Industrial / Highway Hub (PCMC),1207669957,living_street,Unnamed,1,no,,,no,no,2,12.42,1499.42,STATIC_ROAD_NETWORK
3409331,"Bhosari, Pune - IITM",18.6401,73.849,Northern Heavy Industrial / Highway Hub (PCMC),1207712851,residential,Unnamed,1,no,,,no,no,2,57.44,505.47,STATIC_ROAD_NETWORK
3409331,"Bhosari, Pune - IITM",18.6401,73.849,Northern Heavy Industrial / Highway Hub (PCMC),1207712852,residential,Unnamed,1,no,,,no,no,2,36.55,517.52,STATIC_ROAD_NETWORK
3409331,"Bhosari, Pune - IITM",18.6401,73.849,Northern Heavy Industrial / Highway Hub (PCMC),1225848446,living_street,Unnamed,1,no,,,no,no,2,43.36,631.27,STATIC_ROAD_NETWORK
3409331,"Bhosari, Pune - IITM",18.6401,73.849,Northern Heavy Industrial / Highway Hub (PCMC),1225848447,living_street,Unnamed,1,no,,,no,no,2,49.23,636.59,STATIC_ROAD_NETWORK
3409331,"Bhosari, Pune - IITM",18.6401,73.849,Northern Heavy Industrial / Highway Hub (PCMC),1225848448,living_street,Unnamed,1,no,,,no,no,2,52.31,641.63,STATIC_ROAD_NETWORK
3409331,"Bhosari, Pune - IITM",18.6401,73.849,Northern Heavy Industrial / Highway Hub (PCMC),1225848449,living_street,Unnamed,1,no,,,no,no,2,56.73,648.67,STATIC_ROAD_NETWORK
3409331,"Bhosari, Pune - IITM",18.6401,73.849,Northern Heavy Industrial / Highway Hub (PCMC),1225848450,residential,Unnamed,1,no,,,no,no,2,8.82,693.63,STATIC_ROAD_NETWORK
3409331,"Bhosari, Pune - IITM",18.6401,73.849,Northern Heavy Industrial / Highway Hub (PCMC),1225848451,living_street,Unnamed,1,no,,,no,no,3,20.57,636.59,STATIC_ROAD_NETWORK
3409331,"Bhosari, Pune - IITM",18.6401,73.849,Northern Heavy Industrial / Highway Hub (PCMC),1285463095,tertiary,Alankapuram Road,1,yes,,,no,no,4,43.95,852.16,STATIC_ROAD_NETWORK
3409331,"Bhosari, Pune - IITM",18.6401,73.849,Northern Heavy Industrial / Highway Hub (PCMC),1285463096,tertiary,Spine Road,2,yes,,asphalt,no,no,5,46.97,840.79,STATIC_ROAD_NETWORK
3409331,"Bhosari, Pune - IITM",18.6401,73.849,Northern Heavy Industrial / Highway Hub (PCMC),1285463097,trunk,Pune Nashik Road,1,yes,,,no,no,4,18.02,840.79,STATIC_ROAD_NETWORK
3409331,"Bhosari, Pune - IITM",18.6401,73.849,Northern Heavy Industrial / Highway Hub (PCMC),1293857403,residential,Unnamed,1,no,,,no,no,2,7.32,860.87,STATIC_ROAD_NETWORK
3409331,"Bhosari, Pune - IITM",18.6401,73.849,Northern Heavy Industrial / Highway Hub (PCMC),1293867777,residential,Unnamed,1,no,,,no,no,2,6.86,871.31,STATIC_ROAD_NETWORK
3409331,"Bhosari, Pune - IITM",18.6401,73.849,Northern Heavy Industrial / Highway Hub (PCMC),1297353602,residential,Unnamed,1,no,,,no,no,2,9.99,828.37,STATIC_ROAD_NETWORK
3409331,"Bhosari, Pune - IITM",18.6401,73.849,Northern Heavy Industrial / Highway Hub (PCMC),1297355507,residential,Unnamed,1,no,,,no,no,2,21.58,484.98,STATIC_ROAD_NETWORK
3409331,"Bhosari, Pune - IITM",18.6401,73.849,Northern Heavy Industrial / Highway Hub (PCMC),1298351672,residential,Unnamed,1,no,,,no,no,2,28.46,669.54,STATIC_ROAD_NETWORK
3409331,"Bhosari, Pune - IITM",18.6401,73.849,Northern Heavy Industrial / Highway Hub (PCMC),1298361146,living_street,Unnamed,1,no,,,no,no,3,38.8,682.09,STATIC_ROAD_NETWORK
3409331,"Bhosari, Pune - IITM",18.6401,73.849,Northern Heavy Industrial / Highway Hub (PCMC),1301891360,residential,Unnamed,1,no,,,no,no,2,56.15,1454.88,STATIC_ROAD_NETWORK
3409331,"Bhosari, Pune - IITM",18.6401,73.849,Northern Heavy Industrial / Highway Hub (PCMC),1301953690,residential,Unnamed,1,no,,,no,no,2,42.33,1233.19,STATIC_ROAD_NETWORK
3409331,"Bhosari, Pune - IITM",18.6401,73.849,Northern Heavy Industrial / Highway Hub (PCMC),1303257516,secondary_link,Unnamed,1,no,,,no,no,2,11.34,743.11,STATIC_ROAD_NETWORK
3409331,"Bhosari, Pune - IITM",18.6401,73.849,Northern Heavy Industrial / Highway Hub (PCMC),1307678122,tertiary,Unnamed,2,yes,,,no,no,2,8.99,915.12,STATIC_ROAD_NETWORK
3409331,"Bhosari, Pune - IITM",18.6401,73.849,Northern Heavy Industrial / Highway Hub (PCMC),1307678123,tertiary,Unnamed,2,yes,,,no,no,5,448.17,466.79,STATIC_ROAD_NETWORK
3409331,"Bhosari, Pune - IITM",18.6401,73.849,Northern Heavy Industrial / Highway Hub (PCMC),1307678124,tertiary,Unnamed,2,yes,,,no,no,2,8.98,906.22,STATIC_ROAD_NETWORK
3409331,"Bhosari, Pune - IITM",18.6401,73.849,Northern Heavy Industrial / Highway Hub (PCMC),1307678125,tertiary,Unnamed,2,yes,,,no,no,2,8.99,906.22,STATIC_ROAD_NETWORK
3409331,"Bhosari, Pune - IITM",18.6401,73.849,Northern Heavy Industrial / Highway Hub (PCMC),1323783982,residential,Unnamed,1,no,,,no,no,2,11.22,1499.01,STATIC_ROAD_NETWORK
3409331,"Bhosari, Pune - IITM",18.6401,73.849,Northern Heavy Industrial / Highway Hub (PCMC),1323783983,residential,Unnamed,1,no,,,no,no,3,11.44,1500.26,STATIC_ROAD_NETWORK
3409331,"Bhosari, Pune - IITM",18.6401,73.849,Northern Heavy Industrial / Highway Hub (PCMC),1356644168,tertiary,Spine Road,2,no,,asphalt,no,no,14,530.91,782.57,STATIC_ROAD_NETWORK
3409331,"Bhosari, Pune - IITM",18.6401,73.849,Northern Heavy Industrial / Highway Hub (PCMC),1359554067,tertiary,Unnamed,1,yes,,,no,no,39,1681.16,1144.79,STATIC_ROAD_NETWORK
3409331,"Bhosari, Pune - IITM",18.6401,73.849,Northern Heavy Industrial / Highway Hub (PCMC),1359554068,tertiary_link,Unnamed,1,no,,,no,no,2,8.18,1275.6,STATIC_ROAD_NETWORK
3409331,"Bhosari, Pune - IITM",18.6401,73.849,Northern Heavy Industrial / Highway Hub (PCMC),1359554069,tertiary_link,Unnamed,1,no,,,no,no,2,7.99,1349.7,STATIC_ROAD_NETWORK
3409331,"Bhosari, Pune - IITM",18.6401,73.849,Northern Heavy Industrial / Highway Hub (PCMC),1370250557,residential,Unnamed,1,no,,,no,no,2,2.66,1068.23,STATIC_ROAD_NETWORK
3409331,"Bhosari, Pune - IITM",18.6401,73.849,Northern Heavy Industrial / Highway Hub (PCMC),1370250558,residential,Unnamed,1,no,,,yes,no,2,11.33,1068.48,STATIC_ROAD_NETWORK
3409331,"Bhosari, Pune - IITM",18.6401,73.849,Northern Heavy Industrial / Highway Hub (PCMC),1386567895,residential,Unnamed,1,no,,,no,no,3,88.88,442.44,STATIC_ROAD_NETWORK
3409331,"Bhosari, Pune - IITM",18.6401,73.849,Northern Heavy Industrial / Highway Hub (PCMC),1386567896,residential,Unnamed,1,no,,,no,no,2,83.34,453.62,STATIC_ROAD_NETWORK
3409331,"Bhosari, Pune - IITM",18.6401,73.849,Northern Heavy Industrial / Highway Hub (PCMC),1432560909,residential,Shiv Ganesh Marg,1,no,,,no,no,17,276.54,916.58,STATIC_ROAD_NETWORK
3409331,"Bhosari, Pune - IITM",18.6401,73.849,Northern Heavy Industrial / Highway Hub (PCMC),1432560910,residential,Hanuman Nagar Road,1,no,,,no,no,12,367.14,1156.51,STATIC_ROAD_NETWORK
3409331,"Bhosari, Pune - IITM",18.6401,73.849,Northern Heavy Industrial / Highway Hub (PCMC),1468146955,secondary,Unnamed,1,no,,,no,no,2,9.53,298.83,STATIC_ROAD_NETWORK
3409331,"Bhosari, Pune - IITM",18.6401,73.849,Northern Heavy Industrial / Highway Hub (PCMC),1499857907,residential,Unnamed,1,no,,,no,no,3,10.41,1016.83,STATIC_ROAD_NETWORK
3409331,"Bhosari, Pune - IITM",18.6401,73.849,Northern Heavy Industrial / Highway Hub (PCMC),1499857908,residential,Unnamed,1,no,,,no,no,6,156.78,1009.18,STATIC_ROAD_NETWORK
3409331,"Bhosari, Pune - IITM",18.6401,73.849,Northern Heavy Industrial / Highway Hub (PCMC),1512966663,living_street,Unnamed,1,no,,,no,no,2,33.62,1335.28,STATIC_ROAD_NETWORK
3409331,"Bhosari, Pune - IITM",18.6401,73.849,Northern Heavy Industrial / Highway Hub (PCMC),1525411946,tertiary,Unnamed,1,yes,,,no,no,15,846.87,1154.78,STATIC_ROAD_NETWORK
3409331,"Bhosari, Pune - IITM",18.6401,73.849,Northern Heavy Industrial / Highway Hub (PCMC),1525411947,tertiary,Unnamed,1,yes,,,no,no,22,985.97,1092.97,STATIC_ROAD_NETWORK
3409331,"Bhosari, Pune - IITM",18.6401,73.849,Northern Heavy Industrial / Highway Hub (PCMC),1525411949,tertiary,Unnamed,1,no,,,no,no,2,17.42,1083.28,STATIC_ROAD_NETWORK
3409331,"Bhosari, Pune - IITM",18.6401,73.849,Northern Heavy Industrial / Highway Hub (PCMC),1525411953,tertiary,Unnamed,1,no,,,no,no,4,226.25,1486.07,STATIC_ROAD_NETWORK
3409331,"Bhosari, Pune - IITM",18.6401,73.849,Northern Heavy Industrial / Highway Hub (PCMC),1525411954,tertiary,Unnamed,1,no,,,no,no,2,15.18,1154.78,STATIC_ROAD_NETWORK
3409331,"Bhosari, Pune - IITM",18.6401,73.849,Northern Heavy Industrial / Highway Hub (PCMC),1525411955,tertiary,Unnamed,1,yes,,,no,no,4,161.57,1091.78,STATIC_ROAD_NETWORK
3409331,"Bhosari, Pune - IITM",18.6401,73.849,Northern Heavy Industrial / Highway Hub (PCMC),1528705076,residential,Unnamed,1,no,,,no,no,2,18.55,624.51,STATIC_ROAD_NETWORK
3409331,"Bhosari, Pune - IITM",18.6401,73.849,Northern Heavy Industrial / Highway Hub (PCMC),1528705077,residential,Unnamed,1,no,,,no,no,2,18.44,649.75,STATIC_ROAD_NETWORK
3409331,"Bhosari, Pune - IITM",18.6401,73.849,Northern Heavy Industrial / Highway Hub (PCMC),1528705078,residential,Unnamed,1,no,,,no,no,7,84.32,648.92,STATIC_ROAD_NETWORK
3409331,"Bhosari, Pune - IITM",18.6401,73.849,Northern Heavy Industrial / Highway Hub (PCMC),1533498385,secondary,Anandrao Lande Road,1,yes,,,no,no,5,184.33,1242.98,STATIC_ROAD_NETWORK
3409331,"Bhosari, Pune - IITM",18.6401,73.849,Northern Heavy Industrial / Highway Hub (PCMC),1533498386,secondary,Indrayani Nagar Road,1,yes,,,no,no,5,180.83,1242.98,STATIC_ROAD_NETWORK
3409331,"Bhosari, Pune - IITM",18.6401,73.849,Northern Heavy Industrial / Highway Hub (PCMC),1533498387,secondary_link,Unnamed,1,no,,,no,no,2,10.43,1317.13,STATIC_ROAD_NETWORK
3409331,"Bhosari, Pune - IITM",18.6401,73.849,Northern Heavy Industrial / Highway Hub (PCMC),1533498388,secondary,Indrayani Nagar Road,1,yes,,,no,no,2,6.91,1371.64,STATIC_ROAD_NETWORK
3409331,"Bhosari, Pune - IITM",18.6401,73.849,Northern Heavy Industrial / Highway Hub (PCMC),1533498389,secondary,Indrayani Nagar Road,1,yes,,,no,no,2,7.29,1375.4,STATIC_ROAD_NETWORK
3409331,"Bhosari, Pune - IITM",18.6401,73.849,Northern Heavy Industrial / Highway Hub (PCMC),1533498390,secondary,Anandrao Lande Road,1,no,,,no,no,2,10.82,1371.64,STATIC_ROAD_NETWORK
3409331,"Bhosari, Pune - IITM",18.6401,73.849,Northern Heavy Industrial / Highway Hub (PCMC),1534311773,unclassified,Unnamed,1,no,,,no,no,2,7.22,1421.32,STATIC_ROAD_NETWORK
3409331,"Bhosari, Pune - IITM",18.6401,73.849,Northern Heavy Industrial / Highway Hub (PCMC),1534784540,residential,Unnamed,1,no,,,no,no,7,64.13,1029.12,STATIC_ROAD_NETWORK
3409331,"Bhosari, Pune - IITM",18.6401,73.849,Northern Heavy Industrial / Highway Hub (PCMC),1538990077,residential,Unnamed,1,no,,,no,no,3,37.82,1458.21,STATIC_ROAD_NETWORK
3409331,"Bhosari, Pune - IITM",18.6401,73.849,Northern Heavy Industrial / Highway Hub (PCMC),1552239474,secondary,Vaishnao Mata Marg,2,yes,,,no,no,2,109.86,772.27,STATIC_ROAD_NETWORK
3409331,"Bhosari, Pune - IITM",18.6401,73.849,Northern Heavy Industrial / Highway Hub (PCMC),1552239475,secondary,Vaishnao Mata Marg,2,yes,,,no,no,2,131.74,747.76,STATIC_ROAD_NETWORK
3409331,"Bhosari, Pune - IITM",18.6401,73.849,Northern Heavy Industrial / Highway Hub (PCMC),1552239476,residential,Unnamed,1,no,,,no,no,2,11.58,640.61,STATIC_ROAD_NETWORK
3409331,"Bhosari, Pune - IITM",18.6401,73.849,Northern Heavy Industrial / Highway Hub (PCMC),1552239477,secondary,Vaishnao Mata Marg,2,yes,,,no,no,2,50.0,610.22,STATIC_ROAD_NETWORK
3409331,"Bhosari, Pune - IITM",18.6401,73.849,Northern Heavy Industrial / Highway Hub (PCMC),1552239478,secondary,Vaishnao Mata Marg,2,yes,,,no,no,2,50.37,602.13,STATIC_ROAD_NETWORK
3409331,"Bhosari, Pune - IITM",18.6401,73.849,Northern Heavy Industrial / Highway Hub (PCMC),1552239480,secondary,Vaishnao Mata Marg,2,yes,,,no,no,2,123.76,648.16,STATIC_ROAD_NETWORK
3409331,"Bhosari, Pune - IITM",18.6401,73.849,Northern Heavy Industrial / Highway Hub (PCMC),1552239481,secondary,Vaishnao Mata Marg,2,yes,,,no,no,4,130.47,640.61,STATIC_ROAD_NETWORK
3409331,"Bhosari, Pune - IITM",18.6401,73.849,Northern Heavy Industrial / Highway Hub (PCMC),1552239482,secondary,Vaishnao Mata Marg,2,yes,,,no,no,2,28.05,748.52,STATIC_ROAD_NETWORK
3409331,"Bhosari, Pune - IITM",18.6401,73.849,Northern Heavy Industrial / Highway Hub (PCMC),1555102785,residential,Unnamed,1,no,,,no,no,13,130.66,878.74,STATIC_ROAD_NETWORK
3409331,"Bhosari, Pune - IITM",18.6401,73.849,Northern Heavy Industrial / Highway Hub (PCMC),1557589315,residential,Unnamed,1,no,,,no,no,7,59.93,933.74,STATIC_ROAD_NETWORK
3409331,"Bhosari, Pune - IITM",18.6401,73.849,Northern Heavy Industrial / Highway Hub (PCMC),1557589316,residential,Unnamed,1,no,,,no,no,4,38.35,943.08,STATIC_ROAD_NETWORK
3409331,"Bhosari, Pune - IITM",18.6401,73.849,Northern Heavy Industrial / Highway Hub (PCMC),1557846928,secondary,Unnamed,2,yes,,,no,no,5,169.76,548.6,STATIC_ROAD_NETWORK
3409331,"Bhosari, Pune - IITM",18.6401,73.849,Northern Heavy Industrial / Highway Hub (PCMC),1557846929,residential,Unnamed,1,no,,,no,no,2,11.59,694.5,STATIC_ROAD_NETWORK
3409331,"Bhosari, Pune - IITM",18.6401,73.849,Northern Heavy Industrial / Highway Hub (PCMC),1557846930,secondary,Unnamed,2,yes,,,no,no,2,16.77,680.34,STATIC_ROAD_NETWORK
3409331,"Bhosari, Pune - IITM",18.6401,73.849,Northern Heavy Industrial / Highway Hub (PCMC),1557846931,secondary,Unnamed,2,yes,,,no,no,3,170.64,555.28,STATIC_ROAD_NETWORK
3409331,"Bhosari, Pune - IITM",18.6401,73.849,Northern Heavy Industrial / Highway Hub (PCMC),1557846932,secondary,Unnamed,2,yes,,,no,no,2,16.63,687.51,STATIC_ROAD_NETWORK
3409438,"Katraj Dairy, Pune - MPCB",18.4545,73.8542,Southern Highway Chokepoint / Ghat Gateway,22841404,trunk,Satara Road,2,yes,60,,no,no,3,25.77,817.39,STATIC_ROAD_NETWORK
3409438,"Katraj Dairy, Pune - MPCB",18.4545,73.8542,Southern Highway Chokepoint / Ghat Gateway,57008253,residential,Unnamed,2,no,30,,no,no,14,328.61,1326.59,STATIC_ROAD_NETWORK
3409438,"Katraj Dairy, Pune - MPCB",18.4545,73.8542,Southern Highway Chokepoint / Ghat Gateway,57008254,residential,Unnamed,1,no,,,no,no,14,322.07,1210.57,STATIC_ROAD_NETWORK
3409438,"Katraj Dairy, Pune - MPCB",18.4545,73.8542,Southern Highway Chokepoint / Ghat Gateway,57008256,residential,Unnamed,1,no,,,no,no,9,318.03,1303.0,STATIC_ROAD_NETWORK
3409438,"Katraj Dairy, Pune - MPCB",18.4545,73.8542,Southern Highway Chokepoint / Ghat Gateway,57008257,residential,KP Nagar Road,1,no,,,no,no,5,345.28,1379.54,STATIC_ROAD_NETWORK
3409438,"Katraj Dairy, Pune - MPCB",18.4545,73.8542,Southern Highway Chokepoint / Ghat Gateway,57008258,residential,Unnamed,1,no,,,no,no,7,327.54,1449.86,STATIC_ROAD_NETWORK
3409438,"Katraj Dairy, Pune - MPCB",18.4545,73.8542,Southern Highway Chokepoint / Ghat Gateway,57008260,residential,Unnamed,1,no,,,no,no,14,253.95,1404.88,STATIC_ROAD_NETWORK
3409438,"Katraj Dairy, Pune - MPCB",18.4545,73.8542,Southern Highway Chokepoint / Ghat Gateway,57008320,residential,Unnamed,1,no,,,no,no,5,180.86,1250.23,STATIC_ROAD_NETWORK
3409438,"Katraj Dairy, Pune - MPCB",18.4545,73.8542,Southern Highway Chokepoint / Ghat Gateway,57008449,residential,Bhakti Road Path,1,no,,,no,no,23,515.55,1215.65,STATIC_ROAD_NETWORK
3409438,"Katraj Dairy, Pune - MPCB",18.4545,73.8542,Southern Highway Chokepoint / Ghat Gateway,57008450,residential,Unnamed,1,no,,,no,no,14,434.91,1146.3,STATIC_ROAD_NETWORK
3409438,"Katraj Dairy, Pune - MPCB",18.4545,73.8542,Southern Highway Chokepoint / Ghat Gateway,57008453,residential,Unnamed,1,no,,,no,no,10,365.51,1099.93,STATIC_ROAD_NETWORK
3409438,"Katraj Dairy, Pune - MPCB",18.4545,73.8542,Southern Highway Chokepoint / Ghat Gateway,57008462,residential,Dhankawadi Road,1,no,,,no,no,13,466.24,749.67,STATIC_ROAD_NETWORK
3409438,"Katraj Dairy, Pune - MPCB",18.4545,73.8542,Southern Highway Chokepoint / Ghat Gateway,82501551,tertiary,Katraj Ambegaon Khurd Road,1,no,,,no,no,34,1033.95,578.14,STATIC_ROAD_NETWORK
3409438,"Katraj Dairy, Pune - MPCB",18.4545,73.8542,Southern Highway Chokepoint / Ghat Gateway,106481581,residential,Unnamed,1,no,20,,no,no,24,646.02,1266.11,STATIC_ROAD_NETWORK
3409438,"Katraj Dairy, Pune - MPCB",18.4545,73.8542,Southern Highway Chokepoint / Ghat Gateway,106481582,residential,Unnamed,1,no,,,no,no,15,443.7,1085.12,STATIC_ROAD_NETWORK
3409438,"Katraj Dairy, Pune - MPCB",18.4545,73.8542,Southern Highway Chokepoint / Ghat Gateway,106481588,residential,Unnamed,1,no,,,no,no,20,505.3,763.24,STATIC_ROAD_NETWORK
3409438,"Katraj Dairy, Pune - MPCB",18.4545,73.8542,Southern Highway Chokepoint / Ghat Gateway,106481655,residential,Unnamed,1,no,,,no,no,8,136.14,944.75,STATIC_ROAD_NETWORK
3409438,"Katraj Dairy, Pune - MPCB",18.4545,73.8542,Southern Highway Chokepoint / Ghat Gateway,106481678,residential,Unnamed,1,no,,,no,no,2,51.18,932.32,STATIC_ROAD_NETWORK
3409438,"Katraj Dairy, Pune - MPCB",18.4545,73.8542,Southern Highway Chokepoint / Ghat Gateway,106481715,residential,Bhakti Road Path,1,no,,,no,no,8,250.55,1053.66,STATIC_ROAD_NETWORK
3409438,"Katraj Dairy, Pune - MPCB",18.4545,73.8542,Southern Highway Chokepoint / Ghat Gateway,106481767,residential,Unnamed,1,no,,,no,no,5,147.05,1472.58,STATIC_ROAD_NETWORK
3409438,"Katraj Dairy, Pune - MPCB",18.4545,73.8542,Southern Highway Chokepoint / Ghat Gateway,123607556,trunk,Satara Road,1,yes,40,,no,no,2,17.52,770.03,STATIC_ROAD_NETWORK
3409438,"Katraj Dairy, Pune - MPCB",18.4545,73.8542,Southern Highway Chokepoint / Ghat Gateway,123607565,trunk,Katraj Kondhwa Road,2,yes,,,no,no,3,28.66,837.79,STATIC_ROAD_NETWORK
3409438,"Katraj Dairy, Pune - MPCB",18.4545,73.8542,Southern Highway Chokepoint / Ghat Gateway,140087469,tertiary,Khashaba Jadhav Path | Lane Number 6,1,yes,30,,no,no,14,520.33,26.16,STATIC_ROAD_NETWORK
3409438,"Katraj Dairy, Pune - MPCB",18.4545,73.8542,Southern Highway Chokepoint / Ghat Gateway,140087473,residential,Bharati Hospital Underground Road,2,no,40,paved,no,yes,2,36.74,534.51,STATIC_ROAD_NETWORK
3409438,"Katraj Dairy, Pune - MPCB",18.4545,73.8542,Southern Highway Chokepoint / Ghat Gateway,140087474,residential,Unnamed,1,no,,paved,no,no,3,31.07,660.35,STATIC_ROAD_NETWORK
3409438,"Katraj Dairy, Pune - MPCB",18.4545,73.8542,Southern Highway Chokepoint / Ghat Gateway,144978394,residential,Nancy Lake Homes Parking,1,no,,,no,no,7,185.55,710.12,STATIC_ROAD_NETWORK
3409438,"Katraj Dairy, Pune - MPCB",18.4545,73.8542,Southern Highway Chokepoint / Ghat Gateway,144978564,residential,Unnamed,1,no,,,no,no,2,62.77,654.02,STATIC_ROAD_NETWORK
3409438,"Katraj Dairy, Pune - MPCB",18.4545,73.8542,Southern Highway Chokepoint / Ghat Gateway,144978860,residential,Nancy Lake Homes Parking,1,no,,,no,no,8,168.17,813.61,STATIC_ROAD_NETWORK
3409438,"Katraj Dairy, Pune - MPCB",18.4545,73.8542,Southern Highway Chokepoint / Ghat Gateway,144978863,residential,Nancy Lake Homes Parking,1,no,,,no,no,2,30.79,774.77,STATIC_ROAD_NETWORK
3409438,"Katraj Dairy, Pune - MPCB",18.4545,73.8542,Southern Highway Chokepoint / Ghat Gateway,144978864,residential,Nancy Lake Homes Parking,1,no,,,no,no,9,123.22,769.34,STATIC_ROAD_NETWORK
3409438,"Katraj Dairy, Pune - MPCB",18.4545,73.8542,Southern Highway Chokepoint / Ghat Gateway,146496498,residential,Chaitanyanagar (Internal Road),1,no,,asphalt,no,no,14,544.84,670.26,STATIC_ROAD_NETWORK
3409438,"Katraj Dairy, Pune - MPCB",18.4545,73.8542,Southern Highway Chokepoint / Ghat Gateway,146496695,residential,Unnamed,1,no,,asphalt,no,no,13,485.71,708.32,STATIC_ROAD_NETWORK
3409438,"Katraj Dairy, Pune - MPCB",18.4545,73.8542,Southern Highway Chokepoint / Ghat Gateway,146496962,residential,Unnamed,2,no,18,asphalt,no,no,22,758.4,680.18,STATIC_ROAD_NETWORK
3409438,"Katraj Dairy, Pune - MPCB",18.4545,73.8542,Southern Highway Chokepoint / Ghat Gateway,146497017,residential,Unnamed,1,no,,,no,no,8,403.26,654.74,STATIC_ROAD_NETWORK
3409438,"Katraj Dairy, Pune - MPCB",18.4545,73.8542,Southern Highway Chokepoint / Ghat Gateway,146497026,residential,Unnamed,1,no,,,no,no,7,205.17,810.29,STATIC_ROAD_NETWORK
3409438,"Katraj Dairy, Pune - MPCB",18.4545,73.8542,Southern Highway Chokepoint / Ghat Gateway,146497245,residential,Unnamed,1,no,,,no,no,4,148.27,827.39,STATIC_ROAD_NETWORK
3409438,"Katraj Dairy, Pune - MPCB",18.4545,73.8542,Southern Highway Chokepoint / Ghat Gateway,146497366,residential,Unnamed,1,no,,,no,no,6,221.49,808.47,STATIC_ROAD_NETWORK
3409438,"Katraj Dairy, Pune - MPCB",18.4545,73.8542,Southern Highway Chokepoint / Ghat Gateway,150835027,residential,Unnamed,1,no,,,no,no,19,389.43,519.97,STATIC_ROAD_NETWORK
3409438,"Katraj Dairy, Pune - MPCB",18.4545,73.8542,Southern Highway Chokepoint / Ghat Gateway,157197054,tertiary,Chandrabhaga Nagar Rd,1,no,30,,no,no,23,571.03,328.46,STATIC_ROAD_NETWORK
3409438,"Katraj Dairy, Pune - MPCB",18.4545,73.8542,Southern Highway Chokepoint / Ghat Gateway,157197060,residential,Jambhulwadi Road,1,no,30,,no,no,62,1625.68,1259.93,STATIC_ROAD_NETWORK
3409438,"Katraj Dairy, Pune - MPCB",18.4545,73.8542,Southern Highway Chokepoint / Ghat Gateway,157197977,tertiary,Service Road,1,no,40,,no,no,29,1189.41,574.63,STATIC_ROAD_NETWORK
3409438,"Katraj Dairy, Pune - MPCB",18.4545,73.8542,Southern Highway Chokepoint / Ghat Gateway,157280278,tertiary,Bharathi Vidyapeeth Road,1,no,,,no,no,5,72.31,477.08,STATIC_ROAD_NETWORK
3409438,"Katraj Dairy, Pune - MPCB",18.4545,73.8542,Southern Highway Chokepoint / Ghat Gateway,157280279,residential,Unnamed,1,no,,,no,no,19,458.49,477.08,STATIC_ROAD_NETWORK
3409438,"Katraj Dairy, Pune - MPCB",18.4545,73.8542,Southern Highway Chokepoint / Ghat Gateway,157280281,residential,Unnamed,1,no,,,no,no,2,197.55,366.44,STATIC_ROAD_NETWORK
3409438,"Katraj Dairy, Pune - MPCB",18.4545,73.8542,Southern Highway Chokepoint / Ghat Gateway,157280282,residential,Unnamed,1,no,,,no,no,6,338.73,347.12,STATIC_ROAD_NETWORK
3409438,"Katraj Dairy, Pune - MPCB",18.4545,73.8542,Southern Highway Chokepoint / Ghat Gateway,157280518,tertiary,Mediacal College Road,1,no,,,no,no,11,317.99,57.08,STATIC_ROAD_NETWORK
3409438,"Katraj Dairy, Pune - MPCB",18.4545,73.8542,Southern Highway Chokepoint / Ghat Gateway,157280522,tertiary,Khashaba Jadhav Path | Lane Number 6,1,no,30,,no,no,12,294.99,47.58,STATIC_ROAD_NETWORK
3409438,"Katraj Dairy, Pune - MPCB",18.4545,73.8542,Southern Highway Chokepoint / Ghat Gateway,157280724,tertiary,Jambulwadi road,1,no,,,no,no,2,40.2,574.63,STATIC_ROAD_NETWORK
3409438,"Katraj Dairy, Pune - MPCB",18.4545,73.8542,Southern Highway Chokepoint / Ghat Gateway,158856326,residential,Unnamed,1,no,,,no,no,2,41.99,1480.35,STATIC_ROAD_NETWORK
3409438,"Katraj Dairy, Pune - MPCB",18.4545,73.8542,Southern Highway Chokepoint / Ghat Gateway,159815832,residential,Dhankawadi Road,1,no,,,no,no,14,202.16,1071.7,STATIC_ROAD_NETWORK
3409438,"Katraj Dairy, Pune - MPCB",18.4545,73.8542,Southern Highway Chokepoint / Ghat Gateway,159860838,residential,Unnamed,1,no,,,no,no,12,374.48,329.75,STATIC_ROAD_NETWORK
3409438,"Katraj Dairy, Pune - MPCB",18.4545,73.8542,Southern Highway Chokepoint / Ghat Gateway,159860845,residential,Unnamed,1,no,,,no,no,13,274.68,1143.24,STATIC_ROAD_NETWORK
3409438,"Katraj Dairy, Pune - MPCB",18.4545,73.8542,Southern Highway Chokepoint / Ghat Gateway,160388911,tertiary,Sambaji Nagar Road,1,no,15,,no,no,22,452.93,1491.05,STATIC_ROAD_NETWORK
3409438,"Katraj Dairy, Pune - MPCB",18.4545,73.8542,Southern Highway Chokepoint / Ghat Gateway,160394574,residential,Gulab Nagar Road,1,no,,,no,no,7,69.64,1273.68,STATIC_ROAD_NETWORK
3409438,"Katraj Dairy, Pune - MPCB",18.4545,73.8542,Southern Highway Chokepoint / Ghat Gateway,160394576,residential,Unnamed,1,no,,,no,no,6,138.07,1140.06,STATIC_ROAD_NETWORK
3409438,"Katraj Dairy, Pune - MPCB",18.4545,73.8542,Southern Highway Chokepoint / Ghat Gateway,160394581,residential,Dhankawadi Road,1,no,,,no,no,18,427.14,1080.63,STATIC_ROAD_NETWORK
3409438,"Katraj Dairy, Pune - MPCB",18.4545,73.8542,Southern Highway Chokepoint / Ghat Gateway,160459533,residential,Unnamed,1,no,,,no,no,44,1120.9,1164.4,STATIC_ROAD_NETWORK
3409438,"Katraj Dairy, Pune - MPCB",18.4545,73.8542,Southern Highway Chokepoint / Ghat Gateway,160459535,residential,Unnamed,2,no,40,asphalt,no,no,20,515.85,1113.55,STATIC_ROAD_NETWORK
3409438,"Katraj Dairy, Pune - MPCB",18.4545,73.8542,Southern Highway Chokepoint / Ghat Gateway,161054548,trunk,Katraj Flyover,2,yes,,,yes,no,9,445.55,948.7,STATIC_ROAD_NETWORK
3409438,"Katraj Dairy, Pune - MPCB",18.4545,73.8542,Southern Highway Chokepoint / Ghat Gateway,161054551,trunk,Satara Road,1,yes,50,,no,no,4,94.77,852.99,STATIC_ROAD_NETWORK
3409438,"Katraj Dairy, Pune - MPCB",18.4545,73.8542,Southern Highway Chokepoint / Ghat Gateway,161327047,residential,Lake Town Road,1,no,,,no,no,16,491.24,1093.31,STATIC_ROAD_NETWORK
3409438,"Katraj Dairy, Pune - MPCB",18.4545,73.8542,Southern Highway Chokepoint / Ghat Gateway,163806944,residential,Jain Mandir Road,1,no,,,no,no,14,326.18,925.01,STATIC_ROAD_NETWORK
3409438,"Katraj Dairy, Pune - MPCB",18.4545,73.8542,Southern Highway Chokepoint / Ghat Gateway,163806945,residential,Jain Mandir Road,1,no,,,no,no,11,284.27,588.61,STATIC_ROAD_NETWORK
3409438,"Katraj Dairy, Pune - MPCB",18.4545,73.8542,Southern Highway Chokepoint / Ghat Gateway,164596217,residential,Unnamed,1,no,,,no,no,4,150.33,1072.89,STATIC_ROAD_NETWORK
3409438,"Katraj Dairy, Pune - MPCB",18.4545,73.8542,Southern Highway Chokepoint / Ghat Gateway,164596219,residential,Unnamed,1,no,,,no,no,5,253.01,900.12,STATIC_ROAD_NETWORK
3409438,"Katraj Dairy, Pune - MPCB",18.4545,73.8542,Southern Highway Chokepoint / Ghat Gateway,164597610,tertiary,Katraj Ambegaon Khurd Road,2,no,50,paved,no,no,190,1190.13,769.18,STATIC_ROAD_NETWORK
3409438,"Katraj Dairy, Pune - MPCB",18.4545,73.8542,Southern Highway Chokepoint / Ghat Gateway,164605849,tertiary,Mediacal College Road,2,no,,asphalt,no,no,9,267.04,354.98,STATIC_ROAD_NETWORK
3409438,"Katraj Dairy, Pune - MPCB",18.4545,73.8542,Southern Highway Chokepoint / Ghat Gateway,164928252,residential,Lake Town Road,1,no,,,no,no,28,553.34,1093.31,STATIC_ROAD_NETWORK
3409438,"Katraj Dairy, Pune - MPCB",18.4545,73.8542,Southern Highway Chokepoint / Ghat Gateway,164928253,residential,Unnamed,1,no,,,yes,no,2,10.82,1068.76,STATIC_ROAD_NETWORK
3409438,"Katraj Dairy, Pune - MPCB",18.4545,73.8542,Southern Highway Chokepoint / Ghat Gateway,172188604,residential,Unnamed,1,no,18,,no,no,7,199.75,1294.24,STATIC_ROAD_NETWORK
3409438,"Katraj Dairy, Pune - MPCB",18.4545,73.8542,Southern Highway Chokepoint / Ghat Gateway,213874395,residential,Unnamed,1,no,,,no,no,13,242.82,1486.75,STATIC_ROAD_NETWORK
3409438,"Katraj Dairy, Pune - MPCB",18.4545,73.8542,Southern Highway Chokepoint / Ghat Gateway,213874408,residential,Unnamed,1,no,,,no,no,6,187.15,1384.31,STATIC_ROAD_NETWORK
3409438,"Katraj Dairy, Pune - MPCB",18.4545,73.8542,Southern Highway Chokepoint / Ghat Gateway,216957625,trunk,Satara Road,2,yes,60,,no,no,21,691.17,947.86,STATIC_ROAD_NETWORK
3409438,"Katraj Dairy, Pune - MPCB",18.4545,73.8542,Southern Highway Chokepoint / Ghat Gateway,216957630,residential,Unnamed,1,no,,,no,no,2,108.41,564.92,STATIC_ROAD_NETWORK
3409438,"Katraj Dairy, Pune - MPCB",18.4545,73.8542,Southern Highway Chokepoint / Ghat Gateway,216972738,trunk,Satara Road,1,yes,50,,no,no,5,89.3,940.74,STATIC_ROAD_NETWORK
3409438,"Katraj Dairy, Pune - MPCB",18.4545,73.8542,Southern Highway Chokepoint / Ghat Gateway,216972750,trunk,Sadguru Shankar Maharaj Uddanpul,2,yes,60,,yes,no,19,1214.75,981.78,STATIC_ROAD_NETWORK
3409438,"Katraj Dairy, Pune - MPCB",18.4545,73.8542,Southern Highway Chokepoint / Ghat Gateway,216972784,trunk,Unnamed,1,yes,60,,no,no,2,12.32,817.39,STATIC_ROAD_NETWORK
3409438,"Katraj Dairy, Pune - MPCB",18.4545,73.8542,Southern Highway Chokepoint / Ghat Gateway,218859913,residential,Unnamed,1,no,,,no,no,3,69.5,1500.11,STATIC_ROAD_NETWORK
3409438,"Katraj Dairy, Pune - MPCB",18.4545,73.8542,Southern Highway Chokepoint / Ghat Gateway,256448778,tertiary,Katraj Kondhwa Road,2,yes,,,no,no,10,477.33,917.36,STATIC_ROAD_NETWORK
3409438,"Katraj Dairy, Pune - MPCB",18.4545,73.8542,Southern Highway Chokepoint / Ghat Gateway,256448779,trunk,Katraj Kondhwa Road,2,no,,,no,no,2,13.46,940.74,STATIC_ROAD_NETWORK
3409438,"Katraj Dairy, Pune - MPCB",18.4545,73.8542,Southern Highway Chokepoint / Ghat Gateway,256448781,trunk,Katraj Flyover,2,yes,,,no,no,2,13.7,1235.82,STATIC_ROAD_NETWORK
3409438,"Katraj Dairy, Pune - MPCB",18.4545,73.8542,Southern Highway Chokepoint / Ghat Gateway,256448783,trunk,Katraj Flyover,2,yes,,,no,no,2,11.05,1229.06,STATIC_ROAD_NETWORK
3409438,"Katraj Dairy, Pune - MPCB",18.4545,73.8542,Southern Highway Chokepoint / Ghat Gateway,256448784,tertiary,Katraj Kondhwa Road,2,yes,,,no,no,15,491.34,970.51,STATIC_ROAD_NETWORK
3409438,"Katraj Dairy, Pune - MPCB",18.4545,73.8542,Southern Highway Chokepoint / Ghat Gateway,256448785,trunk,Katraj Flyover,2,yes,,,yes,no,9,441.2,943.99,STATIC_ROAD_NETWORK
3409438,"Katraj Dairy, Pune - MPCB",18.4545,73.8542,Southern Highway Chokepoint / Ghat Gateway,256448791,residential,Bharati Hospital Road,1,no,,,no,no,3,89.62,546.82,STATIC_ROAD_NETWORK
3409438,"Katraj Dairy, Pune - MPCB",18.4545,73.8542,Southern Highway Chokepoint / Ghat Gateway,258281116,trunk,Katraj-Kondhwa Road,2,yes,,paved,no,no,36,842.51,1235.27,STATIC_ROAD_NETWORK
3409438,"Katraj Dairy, Pune - MPCB",18.4545,73.8542,Southern Highway Chokepoint / Ghat Gateway,258286439,residential,Unnamed,1,no,,,no,no,16,183.4,1201.01,STATIC_ROAD_NETWORK
3409438,"Katraj Dairy, Pune - MPCB",18.4545,73.8542,Southern Highway Chokepoint / Ghat Gateway,258286441,tertiary,Rajas Socity Road,1,no,30,,no,no,22,704.94,1037.55,STATIC_ROAD_NETWORK
3409438,"Katraj Dairy, Pune - MPCB",18.4545,73.8542,Southern Highway Chokepoint / Ghat Gateway,258286442,residential,Unnamed,1,no,,,no,no,22,417.51,1288.41,STATIC_ROAD_NETWORK
3409438,"Katraj Dairy, Pune - MPCB",18.4545,73.8542,Southern Highway Chokepoint / Ghat Gateway,258286444,residential,Unnamed,1,no,,,no,no,2,62.76,1122.48,STATIC_ROAD_NETWORK
3409438,"Katraj Dairy, Pune - MPCB",18.4545,73.8542,Southern Highway Chokepoint / Ghat Gateway,258286445,residential,Unnamed,1,no,,,no,no,2,100.15,1294.24,STATIC_ROAD_NETWORK
3409438,"Katraj Dairy, Pune - MPCB",18.4545,73.8542,Southern Highway Chokepoint / Ghat Gateway,258286446,residential,Unnamed,1,no,,,no,no,2,96.77,1247.39,STATIC_ROAD_NETWORK
3409438,"Katraj Dairy, Pune - MPCB",18.4545,73.8542,Southern Highway Chokepoint / Ghat Gateway,258286447,residential,Unnamed,1,no,,,no,no,3,75.79,1353.36,STATIC_ROAD_NETWORK
3409438,"Katraj Dairy, Pune - MPCB",18.4545,73.8542,Southern Highway Chokepoint / Ghat Gateway,258286448,residential,Unnamed,1,no,,,no,no,2,92.56,1481.38,STATIC_ROAD_NETWORK
3409438,"Katraj Dairy, Pune - MPCB",18.4545,73.8542,Southern Highway Chokepoint / Ghat Gateway,258286449,residential,Unnamed,1,no,,,no,no,2,36.44,1498.06,STATIC_ROAD_NETWORK
3409438,"Katraj Dairy, Pune - MPCB",18.4545,73.8542,Southern Highway Chokepoint / Ghat Gateway,258286450,residential,Unnamed,1,no,,,no,no,2,96.2,1243.76,STATIC_ROAD_NETWORK
3409438,"Katraj Dairy, Pune - MPCB",18.4545,73.8542,Southern Highway Chokepoint / Ghat Gateway,258286451,residential,Unnamed,1,no,,,no,no,2,43.93,1040.74,STATIC_ROAD_NETWORK
3409438,"Katraj Dairy, Pune - MPCB",18.4545,73.8542,Southern Highway Chokepoint / Ghat Gateway,258286452,residential,Unnamed,1,no,,,no,no,2,198.5,1098.93,STATIC_ROAD_NETWORK
3409438,"Katraj Dairy, Pune - MPCB",18.4545,73.8542,Southern Highway Chokepoint / Ghat Gateway,258286454,residential,Unnamed,1,no,,,no,no,2,38.7,1174.91,STATIC_ROAD_NETWORK
3409438,"Katraj Dairy, Pune - MPCB",18.4545,73.8542,Southern Highway Chokepoint / Ghat Gateway,258286455,residential,Unnamed,1,no,,,no,no,2,109.54,1350.31,STATIC_ROAD_NETWORK
3409438,"Katraj Dairy, Pune - MPCB",18.4545,73.8542,Southern Highway Chokepoint / Ghat Gateway,258286457,residential,Unnamed,1,no,,,no,no,2,69.57,1200.49,STATIC_ROAD_NETWORK
3409438,"Katraj Dairy, Pune - MPCB",18.4545,73.8542,Southern Highway Chokepoint / Ghat Gateway,258286458,residential,Unnamed,1,no,,,no,no,5,112.11,1081.24,STATIC_ROAD_NETWORK
3409438,"Katraj Dairy, Pune - MPCB",18.4545,73.8542,Southern Highway Chokepoint / Ghat Gateway,258286461,residential,Unnamed,1,no,,,no,no,2,30.34,1389.05,STATIC_ROAD_NETWORK
3409438,"Katraj Dairy, Pune - MPCB",18.4545,73.8542,Southern Highway Chokepoint / Ghat Gateway,258286462,residential,Unnamed,1,no,,,no,no,2,57.12,1179.82,STATIC_ROAD_NETWORK
3409438,"Katraj Dairy, Pune - MPCB",18.4545,73.8542,Southern Highway Chokepoint / Ghat Gateway,258286465,residential,Unnamed,1,no,,,no,no,2,47.1,1330.0,STATIC_ROAD_NETWORK
3409438,"Katraj Dairy, Pune - MPCB",18.4545,73.8542,Southern Highway Chokepoint / Ghat Gateway,258286466,residential,Unnamed,1,no,,,no,no,3,106.52,1126.31,STATIC_ROAD_NETWORK
3409438,"Katraj Dairy, Pune - MPCB",18.4545,73.8542,Southern Highway Chokepoint / Ghat Gateway,258286467,residential,Unnamed,1,no,,,no,no,2,46.38,1037.55,STATIC_ROAD_NETWORK
3409438,"Katraj Dairy, Pune - MPCB",18.4545,73.8542,Southern Highway Chokepoint / Ghat Gateway,258286468,residential,Unnamed,1,no,,,no,no,2,43.0,1042.54,STATIC_ROAD_NETWORK
3409438,"Katraj Dairy, Pune - MPCB",18.4545,73.8542,Southern Highway Chokepoint / Ghat Gateway,258286469,residential,Unnamed,1,no,,,no,no,2,123.94,1204.01,STATIC_ROAD_NETWORK
3409438,"Katraj Dairy, Pune - MPCB",18.4545,73.8542,Southern Highway Chokepoint / Ghat Gateway,258286472,residential,Unnamed,1,no,,,no,no,2,97.41,1274.77,STATIC_ROAD_NETWORK
3409438,"Katraj Dairy, Pune - MPCB",18.4545,73.8542,Southern Highway Chokepoint / Ghat Gateway,258286473,residential,Unnamed,1,no,,,no,no,2,53.63,1043.89,STATIC_ROAD_NETWORK
3409438,"Katraj Dairy, Pune - MPCB",18.4545,73.8542,Southern Highway Chokepoint / Ghat Gateway,258286477,residential,Unnamed,1,no,,,no,no,2,106.29,1295.29,STATIC_ROAD_NETWORK
3409438,"Katraj Dairy, Pune - MPCB",18.4545,73.8542,Southern Highway Chokepoint / Ghat Gateway,258286478,residential,Unnamed,1,no,,,no,no,6,37.21,1339.94,STATIC_ROAD_NETWORK
3409438,"Katraj Dairy, Pune - MPCB",18.4545,73.8542,Southern Highway Chokepoint / Ghat Gateway,258286479,residential,Unnamed,1,no,,,no,no,2,116.82,1248.49,STATIC_ROAD_NETWORK
3409438,"Katraj Dairy, Pune - MPCB",18.4545,73.8542,Southern Highway Chokepoint / Ghat Gateway,258286480,residential,Unnamed,1,no,,,no,no,2,79.2,1046.83,STATIC_ROAD_NETWORK
3409438,"Katraj Dairy, Pune - MPCB",18.4545,73.8542,Southern Highway Chokepoint / Ghat Gateway,258286481,residential,Unnamed,1,no,,,no,no,4,107.94,1490.93,STATIC_ROAD_NETWORK
3409438,"Katraj Dairy, Pune - MPCB",18.4545,73.8542,Southern Highway Chokepoint / Ghat Gateway,258286482,residential,Unnamed,1,no,,,no,no,6,125.69,1264.76,STATIC_ROAD_NETWORK
3409438,"Katraj Dairy, Pune - MPCB",18.4545,73.8542,Southern Highway Chokepoint / Ghat Gateway,258286484,residential,Lane Number 6,1,no,,,no,no,2,79.72,1051.27,STATIC_ROAD_NETWORK
3409438,"Katraj Dairy, Pune - MPCB",18.4545,73.8542,Southern Highway Chokepoint / Ghat Gateway,258286485,residential,Unnamed,1,no,,,no,no,2,29.36,1455.3,STATIC_ROAD_NETWORK
3409438,"Katraj Dairy, Pune - MPCB",18.4545,73.8542,Southern Highway Chokepoint / Ghat Gateway,258286486,residential,Unnamed,1,no,,,no,no,2,95.82,1341.52,STATIC_ROAD_NETWORK
3409438,"Katraj Dairy, Pune - MPCB",18.4545,73.8542,Southern Highway Chokepoint / Ghat Gateway,258286487,residential,Unnamed,1,no,,,no,no,3,162.19,1154.15,STATIC_ROAD_NETWORK
3409438,"Katraj Dairy, Pune - MPCB",18.4545,73.8542,Southern Highway Chokepoint / Ghat Gateway,258286491,residential,Unnamed,1,no,,,no,no,7,133.13,1386.37,STATIC_ROAD_NETWORK
3409438,"Katraj Dairy, Pune - MPCB",18.4545,73.8542,Southern Highway Chokepoint / Ghat Gateway,258286492,residential,Unnamed,1,no,,,no,no,5,90.81,1395.63,STATIC_ROAD_NETWORK
3409438,"Katraj Dairy, Pune - MPCB",18.4545,73.8542,Southern Highway Chokepoint / Ghat Gateway,258286493,residential,Unnamed,1,no,,,no,no,2,223.41,1412.64,STATIC_ROAD_NETWORK
3409438,"Katraj Dairy, Pune - MPCB",18.4545,73.8542,Southern Highway Chokepoint / Ghat Gateway,258286494,residential,Unnamed,1,no,,,no,no,2,128.9,1323.77,STATIC_ROAD_NETWORK
3409438,"Katraj Dairy, Pune - MPCB",18.4545,73.8542,Southern Highway Chokepoint / Ghat Gateway,258286495,residential,Unnamed,1,no,,,no,no,5,91.06,1082.24,STATIC_ROAD_NETWORK
3409438,"Katraj Dairy, Pune - MPCB",18.4545,73.8542,Southern Highway Chokepoint / Ghat Gateway,258286496,residential,Unnamed,1,no,,,no,no,3,52.84,1274.77,STATIC_ROAD_NETWORK
3409438,"Katraj Dairy, Pune - MPCB",18.4545,73.8542,Southern Highway Chokepoint / Ghat Gateway,258286497,residential,Unnamed,1,no,,,no,no,4,86.32,1371.29,STATIC_ROAD_NETWORK
3409438,"Katraj Dairy, Pune - MPCB",18.4545,73.8542,Southern Highway Chokepoint / Ghat Gateway,258286499,residential,Unnamed,1,no,,,no,no,4,146.15,1461.95,STATIC_ROAD_NETWORK
3409438,"Katraj Dairy, Pune - MPCB",18.4545,73.8542,Southern Highway Chokepoint / Ghat Gateway,258286500,residential,Unnamed,1,no,,,no,no,3,103.17,1184.03,STATIC_ROAD_NETWORK
3409438,"Katraj Dairy, Pune - MPCB",18.4545,73.8542,Southern Highway Chokepoint / Ghat Gateway,258286501,residential,Unnamed,1,no,,,no,no,5,153.19,1286.77,STATIC_ROAD_NETWORK
3409438,"Katraj Dairy, Pune - MPCB",18.4545,73.8542,Southern Highway Chokepoint / Ghat Gateway,258286503,residential,Unnamed,1,no,,,no,no,3,149.31,1251.89,STATIC_ROAD_NETWORK
3409438,"Katraj Dairy, Pune - MPCB",18.4545,73.8542,Southern Highway Chokepoint / Ghat Gateway,258286504,residential,Unnamed,1,no,,,no,no,2,80.68,1057.57,STATIC_ROAD_NETWORK
3409438,"Katraj Dairy, Pune - MPCB",18.4545,73.8542,Southern Highway Chokepoint / Ghat Gateway,258286505,residential,Unnamed,1,no,,,no,no,7,239.68,1454.6,STATIC_ROAD_NETWORK
3409438,"Katraj Dairy, Pune - MPCB",18.4545,73.8542,Southern Highway Chokepoint / Ghat Gateway,258286507,residential,Unnamed,1,no,,,no,no,5,198.48,1428.65,STATIC_ROAD_NETWORK
3409438,"Katraj Dairy, Pune - MPCB",18.4545,73.8542,Southern Highway Chokepoint / Ghat Gateway,258286509,residential,Lane Number 7,1,no,,,no,no,4,142.03,1190.03,STATIC_ROAD_NETWORK
3409438,"Katraj Dairy, Pune - MPCB",18.4545,73.8542,Southern Highway Chokepoint / Ghat Gateway,258286511,residential,Lane Number 6,1,no,,,no,no,3,152.82,1206.35,STATIC_ROAD_NETWORK
3409438,"Katraj Dairy, Pune - MPCB",18.4545,73.8542,Southern Highway Chokepoint / Ghat Gateway,258286512,residential,Unnamed,1,no,,,no,no,8,168.92,1212.82,STATIC_ROAD_NETWORK
3409438,"Katraj Dairy, Pune - MPCB",18.4545,73.8542,Southern Highway Chokepoint / Ghat Gateway,258286514,residential,Unnamed,1,no,,,no,no,5,169.19,1166.33,STATIC_ROAD_NETWORK
3409438,"Katraj Dairy, Pune - MPCB",18.4545,73.8542,Southern Highway Chokepoint / Ghat Gateway,258286515,residential,Unnamed,1,no,,,no,no,6,119.47,1184.03,STATIC_ROAD_NETWORK
3409438,"Katraj Dairy, Pune - MPCB",18.4545,73.8542,Southern Highway Chokepoint / Ghat Gateway,258286516,residential,Unnamed,1,no,,,no,no,8,233.98,1171.65,STATIC_ROAD_NETWORK
3409438,"Katraj Dairy, Pune - MPCB",18.4545,73.8542,Southern Highway Chokepoint / Ghat Gateway,258286517,residential,Unnamed,1,no,,,no,no,8,192.28,1345.23,STATIC_ROAD_NETWORK
3409438,"Katraj Dairy, Pune - MPCB",18.4545,73.8542,Southern Highway Chokepoint / Ghat Gateway,258300333,residential,Unnamed,1,no,,,no,no,18,457.11,698.4,STATIC_ROAD_NETWORK
3409438,"Katraj Dairy, Pune - MPCB",18.4545,73.8542,Southern Highway Chokepoint / Ghat Gateway,258300336,residential,Unnamed,1,no,,,no,no,2,42.27,1117.25,STATIC_ROAD_NETWORK
3409438,"Katraj Dairy, Pune - MPCB",18.4545,73.8542,Southern Highway Chokepoint / Ghat Gateway,258300337,residential,Unnamed,1,no,,,no,no,2,72.09,777.33,STATIC_ROAD_NETWORK
3409438,"Katraj Dairy, Pune - MPCB",18.4545,73.8542,Southern Highway Chokepoint / Ghat Gateway,258300338,residential,Unnamed,1,no,,,no,no,2,75.36,919.21,STATIC_ROAD_NETWORK
3409438,"Katraj Dairy, Pune - MPCB",18.4545,73.8542,Southern Highway Chokepoint / Ghat Gateway,258300339,residential,Unnamed,1,no,,,no,no,2,26.93,1471.85,STATIC_ROAD_NETWORK
3409438,"Katraj Dairy, Pune - MPCB",18.4545,73.8542,Southern Highway Chokepoint / Ghat Gateway,258300341,residential,Unnamed,1,no,,,no,no,2,39.99,1116.32,STATIC_ROAD_NETWORK
3409438,"Katraj Dairy, Pune - MPCB",18.4545,73.8542,Southern Highway Chokepoint / Ghat Gateway,258300342,residential,Unnamed,1,no,,,no,no,2,44.98,1466.67,STATIC_ROAD_NETWORK
3409438,"Katraj Dairy, Pune - MPCB",18.4545,73.8542,Southern Highway Chokepoint / Ghat Gateway,258300343,residential,Unnamed,1,no,,,no,no,2,52.4,841.35,STATIC_ROAD_NETWORK
3409438,"Katraj Dairy, Pune - MPCB",18.4545,73.8542,Southern Highway Chokepoint / Ghat Gateway,258300344,residential,Unnamed,1,no,,,no,no,2,41.41,879.63,STATIC_ROAD_NETWORK
3409438,"Katraj Dairy, Pune - MPCB",18.4545,73.8542,Southern Highway Chokepoint / Ghat Gateway,258300345,residential,Unnamed,1,no,,,no,no,2,52.9,1124.67,STATIC_ROAD_NETWORK
3409438,"Katraj Dairy, Pune - MPCB",18.4545,73.8542,Southern Highway Chokepoint / Ghat Gateway,258300347,residential,Unnamed,1,no,,,no,no,2,69.9,1014.02,STATIC_ROAD_NETWORK
3409438,"Katraj Dairy, Pune - MPCB",18.4545,73.8542,Southern Highway Chokepoint / Ghat Gateway,258300349,residential,Unnamed,1,no,,,no,no,2,36.38,970.83,STATIC_ROAD_NETWORK
3409438,"Katraj Dairy, Pune - MPCB",18.4545,73.8542,Southern Highway Chokepoint / Ghat Gateway,258300350,residential,Unnamed,1,no,,,no,no,2,155.73,977.21,STATIC_ROAD_NETWORK
3409438,"Katraj Dairy, Pune - MPCB",18.4545,73.8542,Southern Highway Chokepoint / Ghat Gateway,258300351,residential,Unnamed,1,no,,,no,no,2,27.21,860.2,STATIC_ROAD_NETWORK
3409438,"Katraj Dairy, Pune - MPCB",18.4545,73.8542,Southern Highway Chokepoint / Ghat Gateway,258300352,residential,Unnamed,1,no,,,no,no,2,35.47,1009.1,STATIC_ROAD_NETWORK
3409438,"Katraj Dairy, Pune - MPCB",18.4545,73.8542,Southern Highway Chokepoint / Ghat Gateway,258300356,residential,Unnamed,1,no,,,no,no,3,70.29,785.04,STATIC_ROAD_NETWORK
3409438,"Katraj Dairy, Pune - MPCB",18.4545,73.8542,Southern Highway Chokepoint / Ghat Gateway,258300358,residential,Unnamed,1,no,,,no,no,4,158.52,1069.67,STATIC_ROAD_NETWORK
3409438,"Katraj Dairy, Pune - MPCB",18.4545,73.8542,Southern Highway Chokepoint / Ghat Gateway,258300359,residential,Unnamed,1,no,,,no,no,2,32.15,1435.45,STATIC_ROAD_NETWORK
3409438,"Katraj Dairy, Pune - MPCB",18.4545,73.8542,Southern Highway Chokepoint / Ghat Gateway,258300360,residential,Unnamed,1,no,,,no,no,2,50.12,1133.96,STATIC_ROAD_NETWORK
3409438,"Katraj Dairy, Pune - MPCB",18.4545,73.8542,Southern Highway Chokepoint / Ghat Gateway,258300362,residential,Unnamed,1,no,,,no,no,2,40.26,930.68,STATIC_ROAD_NETWORK
3409438,"Katraj Dairy, Pune - MPCB",18.4545,73.8542,Southern Highway Chokepoint / Ghat Gateway,258300363,residential,Unnamed,1,no,,,no,no,3,79.52,808.7,STATIC_ROAD_NETWORK
3409438,"Katraj Dairy, Pune - MPCB",18.4545,73.8542,Southern Highway Chokepoint / Ghat Gateway,258300365,residential,Unnamed,1,no,,,no,no,2,69.02,1488.38,STATIC_ROAD_NETWORK
3409438,"Katraj Dairy, Pune - MPCB",18.4545,73.8542,Southern Highway Chokepoint / Ghat Gateway,258300366,residential,Unnamed,1,no,,,no,no,2,109.03,1041.99,STATIC_ROAD_NETWORK
3409438,"Katraj Dairy, Pune - MPCB",18.4545,73.8542,Southern Highway Chokepoint / Ghat Gateway,258300367,residential,Unnamed,1,no,,,no,no,2,53.06,1011.01,STATIC_ROAD_NETWORK
3409438,"Katraj Dairy, Pune - MPCB",18.4545,73.8542,Southern Highway Chokepoint / Ghat Gateway,258300373,residential,Unnamed,1,no,,,no,no,3,70.58,1085.96,STATIC_ROAD_NETWORK
3409438,"Katraj Dairy, Pune - MPCB",18.4545,73.8542,Southern Highway Chokepoint / Ghat Gateway,258300374,residential,Unnamed,1,no,,,no,no,5,231.65,1501.01,STATIC_ROAD_NETWORK
3409438,"Katraj Dairy, Pune - MPCB",18.4545,73.8542,Southern Highway Chokepoint / Ghat Gateway,258300377,residential,Unnamed,1,no,,,no,no,3,50.53,806.68,STATIC_ROAD_NETWORK
3409438,"Katraj Dairy, Pune - MPCB",18.4545,73.8542,Southern Highway Chokepoint / Ghat Gateway,258300378,residential,Unnamed,1,no,,,no,no,5,193.07,1186.28,STATIC_ROAD_NETWORK
3409438,"Katraj Dairy, Pune - MPCB",18.4545,73.8542,Southern Highway Chokepoint / Ghat Gateway,258300380,residential,Unnamed,1,no,,,no,no,4,67.47,1115.36,STATIC_ROAD_NETWORK
3409438,"Katraj Dairy, Pune - MPCB",18.4545,73.8542,Southern Highway Chokepoint / Ghat Gateway,258300381,residential,Unnamed,1,no,,,no,no,3,97.53,1479.01,STATIC_ROAD_NETWORK
3409438,"Katraj Dairy, Pune - MPCB",18.4545,73.8542,Southern Highway Chokepoint / Ghat Gateway,258300382,residential,Unnamed,1,no,,,no,no,3,120.2,1035.49,STATIC_ROAD_NETWORK
3409438,"Katraj Dairy, Pune - MPCB",18.4545,73.8542,Southern Highway Chokepoint / Ghat Gateway,258300385,residential,Unnamed,1,no,,,no,no,3,86.6,893.82,STATIC_ROAD_NETWORK
3409438,"Katraj Dairy, Pune - MPCB",18.4545,73.8542,Southern Highway Chokepoint / Ghat Gateway,258300386,residential,Unnamed,1,no,,,no,no,5,40.38,1117.25,STATIC_ROAD_NETWORK
3409438,"Katraj Dairy, Pune - MPCB",18.4545,73.8542,Southern Highway Chokepoint / Ghat Gateway,258300390,residential,Unnamed,1,no,,,no,no,4,103.7,883.14,STATIC_ROAD_NETWORK
3409438,"Katraj Dairy, Pune - MPCB",18.4545,73.8542,Southern Highway Chokepoint / Ghat Gateway,258300392,residential,Unnamed,1,no,,,no,no,3,167.27,999.09,STATIC_ROAD_NETWORK
3409438,"Katraj Dairy, Pune - MPCB",18.4545,73.8542,Southern Highway Chokepoint / Ghat Gateway,258300393,residential,Unnamed,1,no,,,no,no,4,169.05,964.09,STATIC_ROAD_NETWORK
3409438,"Katraj Dairy, Pune - MPCB",18.4545,73.8542,Southern Highway Chokepoint / Ghat Gateway,258300395,residential,Unnamed,1,no,,,no,no,4,121.92,1141.01,STATIC_ROAD_NETWORK
3409438,"Katraj Dairy, Pune - MPCB",18.4545,73.8542,Southern Highway Chokepoint / Ghat Gateway,258300396,residential,Unnamed,1,no,,,no,no,5,146.81,954.85,STATIC_ROAD_NETWORK
3409438,"Katraj Dairy, Pune - MPCB",18.4545,73.8542,Southern Highway Chokepoint / Ghat Gateway,258300401,residential,Unnamed,1,no,,,no,no,4,149.92,950.24,STATIC_ROAD_NETWORK
3409438,"Katraj Dairy, Pune - MPCB",18.4545,73.8542,Southern Highway Chokepoint / Ghat Gateway,258300404,residential,Unnamed,1,no,,,no,no,6,108.64,1435.45,STATIC_ROAD_NETWORK
3409438,"Katraj Dairy, Pune - MPCB",18.4545,73.8542,Southern Highway Chokepoint / Ghat Gateway,258300405,residential,Unnamed,1,no,,,no,no,5,142.55,1435.63,STATIC_ROAD_NETWORK
3409438,"Katraj Dairy, Pune - MPCB",18.4545,73.8542,Southern Highway Chokepoint / Ghat Gateway,258300407,residential,Unnamed,1,no,,,no,no,6,167.61,1061.78,STATIC_ROAD_NETWORK
3409438,"Katraj Dairy, Pune - MPCB",18.4545,73.8542,Southern Highway Chokepoint / Ghat Gateway,311392875,residential,Unnamed,1,no,,,no,no,3,164.43,1283.06,STATIC_ROAD_NETWORK
3409438,"Katraj Dairy, Pune - MPCB",18.4545,73.8542,Southern Highway Chokepoint / Ghat Gateway,367660749,trunk,Sadguru Shankar Maharaj Uddanpul,2,yes,60,,yes,no,19,1209.36,995.99,STATIC_ROAD_NETWORK
3409438,"Katraj Dairy, Pune - MPCB",18.4545,73.8542,Southern Highway Chokepoint / Ghat Gateway,367660751,trunk,Sadguru Shankar Maharaj Uddanpul,2,yes,60,,no,no,2,13.05,969.62,STATIC_ROAD_NETWORK
3409438,"Katraj Dairy, Pune - MPCB",18.4545,73.8542,Southern Highway Chokepoint / Ghat Gateway,367660754,trunk,Satara Road,2,yes,60,,no,no,15,662.65,969.62,STATIC_ROAD_NETWORK
3409438,"Katraj Dairy, Pune - MPCB",18.4545,73.8542,Southern Highway Chokepoint / Ghat Gateway,367660757,trunk,Satara Road,2,yes,60,,no,no,53,1564.05,471.39,STATIC_ROAD_NETWORK
3409438,"Katraj Dairy, Pune - MPCB",18.4545,73.8542,Southern Highway Chokepoint / Ghat Gateway,369958032,residential,Unnamed,1,no,,,no,no,2,62.45,1216.78,STATIC_ROAD_NETWORK
3409438,"Katraj Dairy, Pune - MPCB",18.4545,73.8542,Southern Highway Chokepoint / Ghat Gateway,369958033,residential,Unnamed,1,no,,,no,no,2,47.43,1194.77,STATIC_ROAD_NETWORK
3409438,"Katraj Dairy, Pune - MPCB",18.4545,73.8542,Southern Highway Chokepoint / Ghat Gateway,369958034,residential,Unnamed,1,no,,,no,no,2,63.45,1166.47,STATIC_ROAD_NETWORK
3409438,"Katraj Dairy, Pune - MPCB",18.4545,73.8542,Southern Highway Chokepoint / Ghat Gateway,369958364,residential,Unnamed,1,no,,,no,no,5,122.83,1438.73,STATIC_ROAD_NETWORK
3409438,"Katraj Dairy, Pune - MPCB",18.4545,73.8542,Southern Highway Chokepoint / Ghat Gateway,435436076,residential,Unnamed,1,no,,,no,no,12,366.55,1415.82,STATIC_ROAD_NETWORK
3409438,"Katraj Dairy, Pune - MPCB",18.4545,73.8542,Southern Highway Chokepoint / Ghat Gateway,435436077,living_street,Unnamed,1,no,,,no,no,2,71.24,1467.87,STATIC_ROAD_NETWORK
3409438,"Katraj Dairy, Pune - MPCB",18.4545,73.8542,Southern Highway Chokepoint / Ghat Gateway,435436078,residential,Unnamed,1,no,,,no,no,18,338.83,1356.91,STATIC_ROAD_NETWORK
3409438,"Katraj Dairy, Pune - MPCB",18.4545,73.8542,Southern Highway Chokepoint / Ghat Gateway,435436079,residential,Unnamed,1,no,,,no,no,13,143.46,1294.4,STATIC_ROAD_NETWORK
3409438,"Katraj Dairy, Pune - MPCB",18.4545,73.8542,Southern Highway Chokepoint / Ghat Gateway,435436080,residential,Unnamed,1,no,,,no,no,7,346.88,1404.45,STATIC_ROAD_NETWORK
3409438,"Katraj Dairy, Pune - MPCB",18.4545,73.8542,Southern Highway Chokepoint / Ghat Gateway,435436081,residential,Unnamed,1,no,,,no,no,3,184.08,1477.47,STATIC_ROAD_NETWORK
3409438,"Katraj Dairy, Pune - MPCB",18.4545,73.8542,Southern Highway Chokepoint / Ghat Gateway,435436084,residential,Unnamed,1,no,,,no,no,6,365.7,1385.28,STATIC_ROAD_NETWORK
3409438,"Katraj Dairy, Pune - MPCB",18.4545,73.8542,Southern Highway Chokepoint / Ghat Gateway,435436085,residential,Unnamed,1,no,,,no,no,6,371.23,1357.54,STATIC_ROAD_NETWORK
3409438,"Katraj Dairy, Pune - MPCB",18.4545,73.8542,Southern Highway Chokepoint / Ghat Gateway,435436086,residential,Unnamed,1,no,,,no,no,9,372.03,1346.8,STATIC_ROAD_NETWORK
3409438,"Katraj Dairy, Pune - MPCB",18.4545,73.8542,Southern Highway Chokepoint / Ghat Gateway,435436087,residential,Unnamed,1,no,,,no,no,6,372.71,1322.72,STATIC_ROAD_NETWORK
3409438,"Katraj Dairy, Pune - MPCB",18.4545,73.8542,Southern Highway Chokepoint / Ghat Gateway,435436088,residential,Unnamed,1,no,,,no,no,6,372.73,1312.48,STATIC_ROAD_NETWORK
3409438,"Katraj Dairy, Pune - MPCB",18.4545,73.8542,Southern Highway Chokepoint / Ghat Gateway,435436089,residential,Unnamed,1,no,,,no,no,3,372.06,1277.83,STATIC_ROAD_NETWORK
3409438,"Katraj Dairy, Pune - MPCB",18.4545,73.8542,Southern Highway Chokepoint / Ghat Gateway,435436090,residential,Unnamed,1,no,,,no,no,6,153.13,1336.19,STATIC_ROAD_NETWORK
3409438,"Katraj Dairy, Pune - MPCB",18.4545,73.8542,Southern Highway Chokepoint / Ghat Gateway,435436091,residential,Unnamed,1,no,,,no,no,4,97.23,1452.5,STATIC_ROAD_NETWORK
3409438,"Katraj Dairy, Pune - MPCB",18.4545,73.8542,Southern Highway Chokepoint / Ghat Gateway,435436092,residential,Unnamed,1,no,,,no,no,3,119.2,1400.36,STATIC_ROAD_NETWORK
3409438,"Katraj Dairy, Pune - MPCB",18.4545,73.8542,Southern Highway Chokepoint / Ghat Gateway,435436093,residential,Unnamed,1,no,,,no,no,3,173.66,1357.74,STATIC_ROAD_NETWORK
3409438,"Katraj Dairy, Pune - MPCB",18.4545,73.8542,Southern Highway Chokepoint / Ghat Gateway,435436094,residential,Unnamed,1,no,,,no,no,6,252.1,1184.61,STATIC_ROAD_NETWORK
3409438,"Katraj Dairy, Pune - MPCB",18.4545,73.8542,Southern Highway Chokepoint / Ghat Gateway,435436095,residential,Unnamed,1,no,,,no,no,4,241.16,1206.78,STATIC_ROAD_NETWORK
3409438,"Katraj Dairy, Pune - MPCB",18.4545,73.8542,Southern Highway Chokepoint / Ghat Gateway,435436096,residential,Unnamed,1,no,,,no,no,3,103.42,1323.41,STATIC_ROAD_NETWORK
3409438,"Katraj Dairy, Pune - MPCB",18.4545,73.8542,Southern Highway Chokepoint / Ghat Gateway,435436098,residential,Unnamed,1,no,,,no,no,7,165.75,1277.83,STATIC_ROAD_NETWORK
3409438,"Katraj Dairy, Pune - MPCB",18.4545,73.8542,Southern Highway Chokepoint / Ghat Gateway,435633854,tertiary,Unnamed,1,no,,,no,no,16,466.97,1388.91,STATIC_ROAD_NETWORK
3409438,"Katraj Dairy, Pune - MPCB",18.4545,73.8542,Southern Highway Chokepoint / Ghat Gateway,435642534,tertiary,Unnamed,1,no,,,no,no,31,897.46,1245.42,STATIC_ROAD_NETWORK
3409438,"Katraj Dairy, Pune - MPCB",18.4545,73.8542,Southern Highway Chokepoint / Ghat Gateway,435643599,residential,Unnamed,1,no,,,no,no,11,438.03,1411.36,STATIC_ROAD_NETWORK
3409438,"Katraj Dairy, Pune - MPCB",18.4545,73.8542,Southern Highway Chokepoint / Ghat Gateway,435643600,residential,Unnamed,1,no,,,no,no,11,228.58,1425.81,STATIC_ROAD_NETWORK
3409438,"Katraj Dairy, Pune - MPCB",18.4545,73.8542,Southern Highway Chokepoint / Ghat Gateway,435643601,residential,Unnamed,1,no,,,no,no,8,218.16,1353.15,STATIC_ROAD_NETWORK
3409438,"Katraj Dairy, Pune - MPCB",18.4545,73.8542,Southern Highway Chokepoint / Ghat Gateway,435643605,residential,Unnamed,1,no,,,no,no,3,127.31,1458.26,STATIC_ROAD_NETWORK
3409438,"Katraj Dairy, Pune - MPCB",18.4545,73.8542,Southern Highway Chokepoint / Ghat Gateway,436191998,residential,Unnamed,1,no,,,no,no,9,171.12,1472.58,STATIC_ROAD_NETWORK
3409438,"Katraj Dairy, Pune - MPCB",18.4545,73.8542,Southern Highway Chokepoint / Ghat Gateway,436192639,residential,Unnamed,1,no,,,no,no,6,100.71,1465.87,STATIC_ROAD_NETWORK
3409438,"Katraj Dairy, Pune - MPCB",18.4545,73.8542,Southern Highway Chokepoint / Ghat Gateway,436192651,residential,Unnamed,1,no,,,no,no,8,141.35,1425.87,STATIC_ROAD_NETWORK
3409438,"Katraj Dairy, Pune - MPCB",18.4545,73.8542,Southern Highway Chokepoint / Ghat Gateway,436192652,residential,Unnamed,1,no,,,no,no,4,111.11,1473.19,STATIC_ROAD_NETWORK
3409438,"Katraj Dairy, Pune - MPCB",18.4545,73.8542,Southern Highway Chokepoint / Ghat Gateway,436192653,residential,Unnamed,1,no,,,no,no,6,67.45,1494.51,STATIC_ROAD_NETWORK
3409438,"Katraj Dairy, Pune - MPCB",18.4545,73.8542,Southern Highway Chokepoint / Ghat Gateway,436341630,residential,Unnamed,1,no,,,no,no,6,309.96,655.45,STATIC_ROAD_NETWORK
3409438,"Katraj Dairy, Pune - MPCB",18.4545,73.8542,Southern Highway Chokepoint / Ghat Gateway,436341631,residential,Unnamed,1,no,,,no,no,4,155.24,661.29,STATIC_ROAD_NETWORK
3409438,"Katraj Dairy, Pune - MPCB",18.4545,73.8542,Southern Highway Chokepoint / Ghat Gateway,436341632,residential,Unnamed,1,no,,,no,no,2,49.54,712.07,STATIC_ROAD_NETWORK
3409438,"Katraj Dairy, Pune - MPCB",18.4545,73.8542,Southern Highway Chokepoint / Ghat Gateway,436341633,residential,Unnamed,1,no,,,no,no,2,42.77,712.07,STATIC_ROAD_NETWORK
3409438,"Katraj Dairy, Pune - MPCB",18.4545,73.8542,Southern Highway Chokepoint / Ghat Gateway,436341635,residential,Unnamed,1,no,,,no,no,3,92.32,759.79,STATIC_ROAD_NETWORK
3409438,"Katraj Dairy, Pune - MPCB",18.4545,73.8542,Southern Highway Chokepoint / Ghat Gateway,436341636,residential,Unnamed,1,no,,,no,no,2,65.33,685.84,STATIC_ROAD_NETWORK
3409438,"Katraj Dairy, Pune - MPCB",18.4545,73.8542,Southern Highway Chokepoint / Ghat Gateway,436341637,residential,Unnamed,1,no,,,no,no,5,80.7,749.8,STATIC_ROAD_NETWORK
3409438,"Katraj Dairy, Pune - MPCB",18.4545,73.8542,Southern Highway Chokepoint / Ghat Gateway,436341638,residential,Unnamed,1,no,,,no,no,2,93.75,824.97,STATIC_ROAD_NETWORK
3409438,"Katraj Dairy, Pune - MPCB",18.4545,73.8542,Southern Highway Chokepoint / Ghat Gateway,436341639,residential,Unnamed,1,no,,,no,no,2,76.22,837.16,STATIC_ROAD_NETWORK
3409438,"Katraj Dairy, Pune - MPCB",18.4545,73.8542,Southern Highway Chokepoint / Ghat Gateway,436341641,residential,Unnamed,1,no,,,no,no,4,82.46,859.15,STATIC_ROAD_NETWORK
3409438,"Katraj Dairy, Pune - MPCB",18.4545,73.8542,Southern Highway Chokepoint / Ghat Gateway,436341642,residential,Unnamed,1,no,,,no,no,2,78.03,895.52,STATIC_ROAD_NETWORK
3409438,"Katraj Dairy, Pune - MPCB",18.4545,73.8542,Southern Highway Chokepoint / Ghat Gateway,436341644,residential,Unnamed,1,no,,,no,no,4,102.1,1033.41,STATIC_ROAD_NETWORK
3409438,"Katraj Dairy, Pune - MPCB",18.4545,73.8542,Southern Highway Chokepoint / Ghat Gateway,436341646,residential,Unnamed,1,no,,,no,no,3,92.14,1028.06,STATIC_ROAD_NETWORK
3409438,"Katraj Dairy, Pune - MPCB",18.4545,73.8542,Southern Highway Chokepoint / Ghat Gateway,436341647,residential,Unnamed,1,no,,,no,no,2,38.69,999.77,STATIC_ROAD_NETWORK
3409438,"Katraj Dairy, Pune - MPCB",18.4545,73.8542,Southern Highway Chokepoint / Ghat Gateway,436341648,residential,Unnamed,1,no,,,no,no,3,50.38,971.31,STATIC_ROAD_NETWORK
3409438,"Katraj Dairy, Pune - MPCB",18.4545,73.8542,Southern Highway Chokepoint / Ghat Gateway,436341650,residential,Unnamed,1,no,,,no,no,2,73.29,924.23,STATIC_ROAD_NETWORK
3409438,"Katraj Dairy, Pune - MPCB",18.4545,73.8542,Southern Highway Chokepoint / Ghat Gateway,436341651,residential,Unnamed,1,no,,,no,no,4,120.24,992.52,STATIC_ROAD_NETWORK
3409438,"Katraj Dairy, Pune - MPCB",18.4545,73.8542,Southern Highway Chokepoint / Ghat Gateway,436341652,residential,Unnamed,1,no,,,no,no,9,165.49,1075.65,STATIC_ROAD_NETWORK
3409438,"Katraj Dairy, Pune - MPCB",18.4545,73.8542,Southern Highway Chokepoint / Ghat Gateway,436341654,residential,Unnamed,1,no,,,no,no,5,136.7,1160.93,STATIC_ROAD_NETWORK
3409438,"Katraj Dairy, Pune - MPCB",18.4545,73.8542,Southern Highway Chokepoint / Ghat Gateway,436341655,residential,Unnamed,1,no,,,no,no,6,129.88,1119.78,STATIC_ROAD_NETWORK
3409438,"Katraj Dairy, Pune - MPCB",18.4545,73.8542,Southern Highway Chokepoint / Ghat Gateway,436341656,residential,Unnamed,1,no,,,no,no,2,56.86,1167.3,STATIC_ROAD_NETWORK
3409438,"Katraj Dairy, Pune - MPCB",18.4545,73.8542,Southern Highway Chokepoint / Ghat Gateway,436341657,residential,Unnamed,1,no,,,no,no,7,234.47,1109.01,STATIC_ROAD_NETWORK
3409438,"Katraj Dairy, Pune - MPCB",18.4545,73.8542,Southern Highway Chokepoint / Ghat Gateway,436341658,residential,Unnamed,1,no,,,no,no,4,90.52,1392.12,STATIC_ROAD_NETWORK
3409438,"Katraj Dairy, Pune - MPCB",18.4545,73.8542,Southern Highway Chokepoint / Ghat Gateway,436341659,residential,Unnamed,1,no,,,no,no,4,103.55,1383.02,STATIC_ROAD_NETWORK
3409438,"Katraj Dairy, Pune - MPCB",18.4545,73.8542,Southern Highway Chokepoint / Ghat Gateway,436341660,residential,Unnamed,1,no,,,no,no,2,52.8,1440.97,STATIC_ROAD_NETWORK
3409438,"Katraj Dairy, Pune - MPCB",18.4545,73.8542,Southern Highway Chokepoint / Ghat Gateway,436341661,residential,Unnamed,1,no,,,no,no,2,50.9,1315.89,STATIC_ROAD_NETWORK
3409438,"Katraj Dairy, Pune - MPCB",18.4545,73.8542,Southern Highway Chokepoint / Ghat Gateway,436342171,residential,Unnamed,1,no,,,no,no,6,70.08,1305.22,STATIC_ROAD_NETWORK
3409438,"Katraj Dairy, Pune - MPCB",18.4545,73.8542,Southern Highway Chokepoint / Ghat Gateway,436342172,residential,Unnamed,1,no,,,no,no,8,162.9,1335.71,STATIC_ROAD_NETWORK
3409438,"Katraj Dairy, Pune - MPCB",18.4545,73.8542,Southern Highway Chokepoint / Ghat Gateway,436342173,residential,Unnamed,1,no,,,no,no,6,89.38,1387.51,STATIC_ROAD_NETWORK
3409438,"Katraj Dairy, Pune - MPCB",18.4545,73.8542,Southern Highway Chokepoint / Ghat Gateway,436342174,residential,Unnamed,1,no,,,no,no,4,186.76,1227.37,STATIC_ROAD_NETWORK
3409438,"Katraj Dairy, Pune - MPCB",18.4545,73.8542,Southern Highway Chokepoint / Ghat Gateway,436342175,residential,Unnamed,1,no,,,no,no,2,55.95,1355.02,STATIC_ROAD_NETWORK
3409438,"Katraj Dairy, Pune - MPCB",18.4545,73.8542,Southern Highway Chokepoint / Ghat Gateway,436342176,residential,Unnamed,1,no,,,no,no,5,165.44,1224.02,STATIC_ROAD_NETWORK
3409438,"Katraj Dairy, Pune - MPCB",18.4545,73.8542,Southern Highway Chokepoint / Ghat Gateway,436342177,residential,Unnamed,1,no,,,no,no,4,67.34,1254.04,STATIC_ROAD_NETWORK
3409438,"Katraj Dairy, Pune - MPCB",18.4545,73.8542,Southern Highway Chokepoint / Ghat Gateway,436342178,residential,Unnamed,1,no,,,no,no,3,84.37,1269.52,STATIC_ROAD_NETWORK
3409438,"Katraj Dairy, Pune - MPCB",18.4545,73.8542,Southern Highway Chokepoint / Ghat Gateway,436342179,residential,Unnamed,1,no,,,no,no,2,37.37,1364.79,STATIC_ROAD_NETWORK
3409438,"Katraj Dairy, Pune - MPCB",18.4545,73.8542,Southern Highway Chokepoint / Ghat Gateway,436342181,residential,Unnamed,1,no,,,no,no,3,49.83,1443.95,STATIC_ROAD_NETWORK
3409438,"Katraj Dairy, Pune - MPCB",18.4545,73.8542,Southern Highway Chokepoint / Ghat Gateway,436342182,residential,Unnamed,1,no,,,no,no,2,34.64,1461.36,STATIC_ROAD_NETWORK
3409438,"Katraj Dairy, Pune - MPCB",18.4545,73.8542,Southern Highway Chokepoint / Ghat Gateway,436342183,residential,Unnamed,1,no,,,no,no,2,47.62,1450.79,STATIC_ROAD_NETWORK
3409438,"Katraj Dairy, Pune - MPCB",18.4545,73.8542,Southern Highway Chokepoint / Ghat Gateway,436342184,residential,Unnamed,1,no,,,no,no,2,45.52,1455.62,STATIC_ROAD_NETWORK
3409438,"Katraj Dairy, Pune - MPCB",18.4545,73.8542,Southern Highway Chokepoint / Ghat Gateway,436342185,residential,Unnamed,1,no,,,no,no,2,41.64,1462.6,STATIC_ROAD_NETWORK
3409438,"Katraj Dairy, Pune - MPCB",18.4545,73.8542,Southern Highway Chokepoint / Ghat Gateway,436342186,residential,Unnamed,1,no,,,no,no,5,168.38,1277.07,STATIC_ROAD_NETWORK
3409438,"Katraj Dairy, Pune - MPCB",18.4545,73.8542,Southern Highway Chokepoint / Ghat Gateway,436342187,residential,Unnamed,1,no,,,no,no,5,151.05,1264.55,STATIC_ROAD_NETWORK
3409438,"Katraj Dairy, Pune - MPCB",18.4545,73.8542,Southern Highway Chokepoint / Ghat Gateway,436342188,residential,Unnamed,1,no,,,no,no,4,93.28,1087.69,STATIC_ROAD_NETWORK
3409438,"Katraj Dairy, Pune - MPCB",18.4545,73.8542,Southern Highway Chokepoint / Ghat Gateway,436343454,residential,Unnamed,1,no,,,no,no,4,94.42,334.38,STATIC_ROAD_NETWORK
3409438,"Katraj Dairy, Pune - MPCB",18.4545,73.8542,Southern Highway Chokepoint / Ghat Gateway,436343455,residential,Unnamed,1,no,,,no,no,5,207.56,207.6,STATIC_ROAD_NETWORK
3409438,"Katraj Dairy, Pune - MPCB",18.4545,73.8542,Southern Highway Chokepoint / Ghat Gateway,436343456,residential,Unnamed,1,no,,,no,no,5,189.81,183.76,STATIC_ROAD_NETWORK
3409438,"Katraj Dairy, Pune - MPCB",18.4545,73.8542,Southern Highway Chokepoint / Ghat Gateway,436343457,residential,Unnamed,1,no,,,no,no,4,172.77,160.3,STATIC_ROAD_NETWORK
3409438,"Katraj Dairy, Pune - MPCB",18.4545,73.8542,Southern Highway Chokepoint / Ghat Gateway,436343458,residential,Unnamed,1,no,,,no,no,8,280.9,129.34,STATIC_ROAD_NETWORK
3409438,"Katraj Dairy, Pune - MPCB",18.4545,73.8542,Southern Highway Chokepoint / Ghat Gateway,436343459,residential,Unnamed,1,no,,,no,no,9,208.17,180.8,STATIC_ROAD_NETWORK
3409438,"Katraj Dairy, Pune - MPCB",18.4545,73.8542,Southern Highway Chokepoint / Ghat Gateway,436343460,residential,Unnamed,1,no,,,no,no,13,328.03,180.8,STATIC_ROAD_NETWORK
3409438,"Katraj Dairy, Pune - MPCB",18.4545,73.8542,Southern Highway Chokepoint / Ghat Gateway,436343461,residential,Unnamed,1,no,,,no,no,2,73.61,260.18,STATIC_ROAD_NETWORK
3409438,"Katraj Dairy, Pune - MPCB",18.4545,73.8542,Southern Highway Chokepoint / Ghat Gateway,436343463,residential,Unnamed,1,no,,,no,no,2,35.58,196.02,STATIC_ROAD_NETWORK
3409438,"Katraj Dairy, Pune - MPCB",18.4545,73.8542,Southern Highway Chokepoint / Ghat Gateway,436343464,residential,Unnamed,1,no,,,no,no,2,32.15,180.67,STATIC_ROAD_NETWORK
3409438,"Katraj Dairy, Pune - MPCB",18.4545,73.8542,Southern Highway Chokepoint / Ghat Gateway,436343465,residential,Unnamed,1,no,,,no,no,5,216.36,344.63,STATIC_ROAD_NETWORK
3409438,"Katraj Dairy, Pune - MPCB",18.4545,73.8542,Southern Highway Chokepoint / Ghat Gateway,436343467,residential,Unnamed,1,no,,,no,no,8,296.38,202.33,STATIC_ROAD_NETWORK
3409438,"Katraj Dairy, Pune - MPCB",18.4545,73.8542,Southern Highway Chokepoint / Ghat Gateway,436343468,residential,Unnamed,1,no,,,no,no,4,68.2,375.89,STATIC_ROAD_NETWORK
3409438,"Katraj Dairy, Pune - MPCB",18.4545,73.8542,Southern Highway Chokepoint / Ghat Gateway,436343469,residential,Unnamed,1,no,,,no,no,12,199.01,343.28,STATIC_ROAD_NETWORK
3409438,"Katraj Dairy, Pune - MPCB",18.4545,73.8542,Southern Highway Chokepoint / Ghat Gateway,436343470,residential,Unnamed,1,no,,,no,no,2,99.97,494.89,STATIC_ROAD_NETWORK
3409438,"Katraj Dairy, Pune - MPCB",18.4545,73.8542,Southern Highway Chokepoint / Ghat Gateway,436343471,residential,Unnamed,1,no,,,no,no,4,140.55,337.46,STATIC_ROAD_NETWORK
3409438,"Katraj Dairy, Pune - MPCB",18.4545,73.8542,Southern Highway Chokepoint / Ghat Gateway,436343472,residential,Unnamed,1,no,,,no,no,3,168.42,275.8,STATIC_ROAD_NETWORK
3409438,"Katraj Dairy, Pune - MPCB",18.4545,73.8542,Southern Highway Chokepoint / Ghat Gateway,436343473,residential,Unnamed,1,no,,,no,no,3,162.15,246.08,STATIC_ROAD_NETWORK
3409438,"Katraj Dairy, Pune - MPCB",18.4545,73.8542,Southern Highway Chokepoint / Ghat Gateway,436343475,residential,Unnamed,1,no,,,no,no,15,289.15,996.7,STATIC_ROAD_NETWORK
3409438,"Katraj Dairy, Pune - MPCB",18.4545,73.8542,Southern Highway Chokepoint / Ghat Gateway,436343476,residential,Unnamed,1,no,,,no,no,8,134.43,1091.34,STATIC_ROAD_NETWORK
3409438,"Katraj Dairy, Pune - MPCB",18.4545,73.8542,Southern Highway Chokepoint / Ghat Gateway,436343477,residential,Unnamed,1,no,,,no,no,15,318.17,1103.51,STATIC_ROAD_NETWORK
3409438,"Katraj Dairy, Pune - MPCB",18.4545,73.8542,Southern Highway Chokepoint / Ghat Gateway,436343478,residential,Unnamed,1,no,,,no,no,9,127.45,1058.49,STATIC_ROAD_NETWORK
3409438,"Katraj Dairy, Pune - MPCB",18.4545,73.8542,Southern Highway Chokepoint / Ghat Gateway,436343479,residential,Unnamed,1,no,,,no,no,7,160.55,1134.48,STATIC_ROAD_NETWORK
3409438,"Katraj Dairy, Pune - MPCB",18.4545,73.8542,Southern Highway Chokepoint / Ghat Gateway,436343480,residential,Unnamed,1,no,,,no,no,7,111.1,1213.67,STATIC_ROAD_NETWORK
3409438,"Katraj Dairy, Pune - MPCB",18.4545,73.8542,Southern Highway Chokepoint / Ghat Gateway,436343481,residential,Unnamed,1,no,,,no,no,8,233.8,1329.87,STATIC_ROAD_NETWORK
3409438,"Katraj Dairy, Pune - MPCB",18.4545,73.8542,Southern Highway Chokepoint / Ghat Gateway,436343482,residential,Unnamed,1,no,,,no,no,18,394.89,1283.42,STATIC_ROAD_NETWORK
3409438,"Katraj Dairy, Pune - MPCB",18.4545,73.8542,Southern Highway Chokepoint / Ghat Gateway,436343483,residential,Unnamed,1,no,,,no,no,48,964.13,1409.34,STATIC_ROAD_NETWORK
3409438,"Katraj Dairy, Pune - MPCB",18.4545,73.8542,Southern Highway Chokepoint / Ghat Gateway,436348947,residential,Unnamed,1,no,,,no,no,3,86.78,1306.6,STATIC_ROAD_NETWORK
3409438,"Katraj Dairy, Pune - MPCB",18.4545,73.8542,Southern Highway Chokepoint / Ghat Gateway,436348948,residential,Unnamed,1,no,,,no,no,6,147.3,1233.6,STATIC_ROAD_NETWORK
3409438,"Katraj Dairy, Pune - MPCB",18.4545,73.8542,Southern Highway Chokepoint / Ghat Gateway,436348949,residential,Unnamed,1,no,,,no,no,10,165.7,927.81,STATIC_ROAD_NETWORK
3409438,"Katraj Dairy, Pune - MPCB",18.4545,73.8542,Southern Highway Chokepoint / Ghat Gateway,436348950,residential,Unnamed,1,no,,,no,no,2,29.38,934.09,STATIC_ROAD_NETWORK
3409438,"Katraj Dairy, Pune - MPCB",18.4545,73.8542,Southern Highway Chokepoint / Ghat Gateway,436348951,residential,Unnamed,1,no,,,no,no,27,507.55,753.82,STATIC_ROAD_NETWORK
3409438,"Katraj Dairy, Pune - MPCB",18.4545,73.8542,Southern Highway Chokepoint / Ghat Gateway,436348952,residential,Chandrabhaga Nagar Road,1,no,,,no,no,13,300.2,890.87,STATIC_ROAD_NETWORK
3409438,"Katraj Dairy, Pune - MPCB",18.4545,73.8542,Southern Highway Chokepoint / Ghat Gateway,436348953,residential,Unnamed,1,no,,,no,no,6,77.9,1106.62,STATIC_ROAD_NETWORK
3409438,"Katraj Dairy, Pune - MPCB",18.4545,73.8542,Southern Highway Chokepoint / Ghat Gateway,436348954,residential,Unnamed,1,no,,,no,no,2,44.24,1106.17,STATIC_ROAD_NETWORK
3409438,"Katraj Dairy, Pune - MPCB",18.4545,73.8542,Southern Highway Chokepoint / Ghat Gateway,436348955,residential,Unnamed,1,no,,,no,no,2,54.59,1073.6,STATIC_ROAD_NETWORK
3409438,"Katraj Dairy, Pune - MPCB",18.4545,73.8542,Southern Highway Chokepoint / Ghat Gateway,436348956,residential,Unnamed,1,no,,,no,no,11,340.83,907.08,STATIC_ROAD_NETWORK
3409438,"Katraj Dairy, Pune - MPCB",18.4545,73.8542,Southern Highway Chokepoint / Ghat Gateway,436348957,residential,Unnamed,1,no,,,no,no,13,281.44,808.4,STATIC_ROAD_NETWORK
3409438,"Katraj Dairy, Pune - MPCB",18.4545,73.8542,Southern Highway Chokepoint / Ghat Gateway,436348958,residential,Unnamed,1,no,,,no,no,3,92.58,856.04,STATIC_ROAD_NETWORK
3409438,"Katraj Dairy, Pune - MPCB",18.4545,73.8542,Southern Highway Chokepoint / Ghat Gateway,436348959,residential,Unnamed,1,no,,,no,no,4,59.47,843.8,STATIC_ROAD_NETWORK
3409438,"Katraj Dairy, Pune - MPCB",18.4545,73.8542,Southern Highway Chokepoint / Ghat Gateway,436348960,residential,Unnamed,1,no,,,no,no,14,513.29,881.87,STATIC_ROAD_NETWORK
3409438,"Katraj Dairy, Pune - MPCB",18.4545,73.8542,Southern Highway Chokepoint / Ghat Gateway,436348961,residential,Lane Number 3,1,no,,,no,no,4,98.95,720.3,STATIC_ROAD_NETWORK
3409438,"Katraj Dairy, Pune - MPCB",18.4545,73.8542,Southern Highway Chokepoint / Ghat Gateway,436348963,residential,Unnamed,1,no,,,no,no,12,182.58,828.18,STATIC_ROAD_NETWORK
3409438,"Katraj Dairy, Pune - MPCB",18.4545,73.8542,Southern Highway Chokepoint / Ghat Gateway,436348964,residential,Unnamed,1,no,,,no,no,2,45.73,875.37,STATIC_ROAD_NETWORK
3409438,"Katraj Dairy, Pune - MPCB",18.4545,73.8542,Southern Highway Chokepoint / Ghat Gateway,436348965,residential,Unnamed,1,no,,,no,no,2,46.42,920.67,STATIC_ROAD_NETWORK
3409438,"Katraj Dairy, Pune - MPCB",18.4545,73.8542,Southern Highway Chokepoint / Ghat Gateway,436348966,residential,Unnamed,1,no,,,no,no,3,75.45,858.58,STATIC_ROAD_NETWORK
3409438,"Katraj Dairy, Pune - MPCB",18.4545,73.8542,Southern Highway Chokepoint / Ghat Gateway,436348967,living_street,Unnamed,1,no,,,no,no,2,35.13,850.2,STATIC_ROAD_NETWORK
3409438,"Katraj Dairy, Pune - MPCB",18.4545,73.8542,Southern Highway Chokepoint / Ghat Gateway,436348968,residential,Unnamed,1,no,,,no,no,10,202.77,920.77,STATIC_ROAD_NETWORK
3409438,"Katraj Dairy, Pune - MPCB",18.4545,73.8542,Southern Highway Chokepoint / Ghat Gateway,436348969,residential,Unnamed,1,no,,,no,no,2,26.22,964.63,STATIC_ROAD_NETWORK
3409438,"Katraj Dairy, Pune - MPCB",18.4545,73.8542,Southern Highway Chokepoint / Ghat Gateway,436348970,residential,Unnamed,1,no,,,no,no,17,511.33,831.92,STATIC_ROAD_NETWORK
3409438,"Katraj Dairy, Pune - MPCB",18.4545,73.8542,Southern Highway Chokepoint / Ghat Gateway,436348971,residential,Unnamed,1,no,,,no,no,3,119.24,1277.92,STATIC_ROAD_NETWORK
3409438,"Katraj Dairy, Pune - MPCB",18.4545,73.8542,Southern Highway Chokepoint / Ghat Gateway,436348973,residential,Unnamed,1,no,,,no,no,2,49.2,1241.13,STATIC_ROAD_NETWORK
3409438,"Katraj Dairy, Pune - MPCB",18.4545,73.8542,Southern Highway Chokepoint / Ghat Gateway,436348975,residential,Unnamed,1,no,,,no,no,10,146.25,1172.84,STATIC_ROAD_NETWORK
3409438,"Katraj Dairy, Pune - MPCB",18.4545,73.8542,Southern Highway Chokepoint / Ghat Gateway,436348977,residential,Unnamed,1,no,,,no,no,4,78.15,1098.81,STATIC_ROAD_NETWORK
3409438,"Katraj Dairy, Pune - MPCB",18.4545,73.8542,Southern Highway Chokepoint / Ghat Gateway,436348979,residential,Unnamed,1,no,,,no,no,3,72.81,1176.0,STATIC_ROAD_NETWORK
3409438,"Katraj Dairy, Pune - MPCB",18.4545,73.8542,Southern Highway Chokepoint / Ghat Gateway,436348981,residential,Unnamed,1,no,,,no,no,6,155.37,1194.49,STATIC_ROAD_NETWORK
3409438,"Katraj Dairy, Pune - MPCB",18.4545,73.8542,Southern Highway Chokepoint / Ghat Gateway,436348983,residential,Unnamed,1,no,,,no,no,3,60.61,1268.28,STATIC_ROAD_NETWORK
3409438,"Katraj Dairy, Pune - MPCB",18.4545,73.8542,Southern Highway Chokepoint / Ghat Gateway,436348984,residential,Unnamed,1,no,,,no,no,2,32.09,1276.97,STATIC_ROAD_NETWORK
3409438,"Katraj Dairy, Pune - MPCB",18.4545,73.8542,Southern Highway Chokepoint / Ghat Gateway,436348986,residential,Unnamed,1,no,,,no,no,2,34.39,1319.28,STATIC_ROAD_NETWORK
3409438,"Katraj Dairy, Pune - MPCB",18.4545,73.8542,Southern Highway Chokepoint / Ghat Gateway,436348988,residential,Unnamed,1,no,,,no,no,2,44.17,1298.87,STATIC_ROAD_NETWORK
3409438,"Katraj Dairy, Pune - MPCB",18.4545,73.8542,Southern Highway Chokepoint / Ghat Gateway,436348990,residential,Unnamed,1,no,,,no,no,2,43.86,1427.11,STATIC_ROAD_NETWORK
3409438,"Katraj Dairy, Pune - MPCB",18.4545,73.8542,Southern Highway Chokepoint / Ghat Gateway,436348992,residential,Unnamed,1,no,,,no,no,3,62.27,1391.53,STATIC_ROAD_NETWORK
3409438,"Katraj Dairy, Pune - MPCB",18.4545,73.8542,Southern Highway Chokepoint / Ghat Gateway,436348993,residential,Unnamed,1,no,,,no,no,4,109.61,1339.94,STATIC_ROAD_NETWORK
3409438,"Katraj Dairy, Pune - MPCB",18.4545,73.8542,Southern Highway Chokepoint / Ghat Gateway,436348995,residential,Unnamed,1,no,,,no,no,5,107.67,1364.63,STATIC_ROAD_NETWORK
3409438,"Katraj Dairy, Pune - MPCB",18.4545,73.8542,Southern Highway Chokepoint / Ghat Gateway,436348997,residential,Unnamed,1,no,,,no,no,3,48.09,1317.24,STATIC_ROAD_NETWORK
3409438,"Katraj Dairy, Pune - MPCB",18.4545,73.8542,Southern Highway Chokepoint / Ghat Gateway,436348999,residential,Unnamed,1,no,,,no,no,13,206.74,1176.0,STATIC_ROAD_NETWORK
3409438,"Katraj Dairy, Pune - MPCB",18.4545,73.8542,Southern Highway Chokepoint / Ghat Gateway,436349010,residential,Unnamed,1,no,,,no,no,2,96.52,897.45,STATIC_ROAD_NETWORK
3409438,"Katraj Dairy, Pune - MPCB",18.4545,73.8542,Southern Highway Chokepoint / Ghat Gateway,436349014,residential,Unnamed,1,no,,,no,no,28,515.23,606.46,STATIC_ROAD_NETWORK
3409438,"Katraj Dairy, Pune - MPCB",18.4545,73.8542,Southern Highway Chokepoint / Ghat Gateway,436349017,residential,Unnamed,1,no,,,no,no,8,315.72,628.73,STATIC_ROAD_NETWORK
3409438,"Katraj Dairy, Pune - MPCB",18.4545,73.8542,Southern Highway Chokepoint / Ghat Gateway,436349019,residential,Unnamed,1,no,,,no,no,3,121.0,815.39,STATIC_ROAD_NETWORK
3409438,"Katraj Dairy, Pune - MPCB",18.4545,73.8542,Southern Highway Chokepoint / Ghat Gateway,436349021,residential,Unnamed,1,no,,,no,no,2,107.28,741.24,STATIC_ROAD_NETWORK
3409438,"Katraj Dairy, Pune - MPCB",18.4545,73.8542,Southern Highway Chokepoint / Ghat Gateway,436349023,residential,Unnamed,1,no,,,no,no,6,219.34,771.23,STATIC_ROAD_NETWORK
3409438,"Katraj Dairy, Pune - MPCB",18.4545,73.8542,Southern Highway Chokepoint / Ghat Gateway,436349025,residential,Unnamed,1,no,,,no,no,4,208.07,796.03,STATIC_ROAD_NETWORK
3409438,"Katraj Dairy, Pune - MPCB",18.4545,73.8542,Southern Highway Chokepoint / Ghat Gateway,436349026,residential,Unnamed,1,no,,,no,no,5,105.25,903.19,STATIC_ROAD_NETWORK
3409438,"Katraj Dairy, Pune - MPCB",18.4545,73.8542,Southern Highway Chokepoint / Ghat Gateway,436349028,residential,Unnamed,1,no,,,no,no,2,64.79,871.09,STATIC_ROAD_NETWORK
3409438,"Katraj Dairy, Pune - MPCB",18.4545,73.8542,Southern Highway Chokepoint / Ghat Gateway,436351401,residential,Unnamed,1,no,,,no,no,6,241.4,985.85,STATIC_ROAD_NETWORK
3409438,"Katraj Dairy, Pune - MPCB",18.4545,73.8542,Southern Highway Chokepoint / Ghat Gateway,436351402,residential,Lane Number 4,1,no,,,no,no,9,248.71,962.85,STATIC_ROAD_NETWORK
3409438,"Katraj Dairy, Pune - MPCB",18.4545,73.8542,Southern Highway Chokepoint / Ghat Gateway,436351403,residential,Unnamed,1,no,,,no,no,7,264.38,951.97,STATIC_ROAD_NETWORK
3409438,"Katraj Dairy, Pune - MPCB",18.4545,73.8542,Southern Highway Chokepoint / Ghat Gateway,436351404,residential,Unnamed,1,no,,,no,no,2,78.12,1060.73,STATIC_ROAD_NETWORK
3409438,"Katraj Dairy, Pune - MPCB",18.4545,73.8542,Southern Highway Chokepoint / Ghat Gateway,436351405,residential,Unnamed,1,no,,,no,no,6,284.44,996.8,STATIC_ROAD_NETWORK
3409438,"Katraj Dairy, Pune - MPCB",18.4545,73.8542,Southern Highway Chokepoint / Ghat Gateway,436351407,residential,Unnamed,1,no,,,no,no,10,143.63,1100.24,STATIC_ROAD_NETWORK
3409438,"Katraj Dairy, Pune - MPCB",18.4545,73.8542,Southern Highway Chokepoint / Ghat Gateway,436351408,residential,Unnamed,1,no,,,no,no,9,231.95,1100.24,STATIC_ROAD_NETWORK
3409438,"Katraj Dairy, Pune - MPCB",18.4545,73.8542,Southern Highway Chokepoint / Ghat Gateway,436351409,residential,Unnamed,1,no,,,no,no,5,148.18,1103.47,STATIC_ROAD_NETWORK
3409438,"Katraj Dairy, Pune - MPCB",18.4545,73.8542,Southern Highway Chokepoint / Ghat Gateway,436351410,residential,Unnamed,1,no,,,no,no,2,56.33,1106.81,STATIC_ROAD_NETWORK
3409438,"Katraj Dairy, Pune - MPCB",18.4545,73.8542,Southern Highway Chokepoint / Ghat Gateway,436351411,residential,Unnamed,1,no,,,no,no,9,291.06,1108.61,STATIC_ROAD_NETWORK
3409438,"Katraj Dairy, Pune - MPCB",18.4545,73.8542,Southern Highway Chokepoint / Ghat Gateway,436351412,residential,Unnamed,1,no,,,no,no,7,295.73,1115.95,STATIC_ROAD_NETWORK
3409438,"Katraj Dairy, Pune - MPCB",18.4545,73.8542,Southern Highway Chokepoint / Ghat Gateway,436351413,residential,Unnamed,1,no,,,no,no,5,131.22,1351.68,STATIC_ROAD_NETWORK
3409438,"Katraj Dairy, Pune - MPCB",18.4545,73.8542,Southern Highway Chokepoint / Ghat Gateway,436351414,residential,Unnamed,1,no,,,no,no,8,295.37,1179.2,STATIC_ROAD_NETWORK
3409438,"Katraj Dairy, Pune - MPCB",18.4545,73.8542,Southern Highway Chokepoint / Ghat Gateway,436351415,residential,Unnamed,1,no,,,no,no,10,294.92,1199.01,STATIC_ROAD_NETWORK
3409438,"Katraj Dairy, Pune - MPCB",18.4545,73.8542,Southern Highway Chokepoint / Ghat Gateway,436351416,residential,Unnamed,1,no,,,no,no,9,274.51,1212.3,STATIC_ROAD_NETWORK
3409438,"Katraj Dairy, Pune - MPCB",18.4545,73.8542,Southern Highway Chokepoint / Ghat Gateway,436351417,residential,Unnamed,1,no,,,no,no,7,105.59,1286.48,STATIC_ROAD_NETWORK
3409438,"Katraj Dairy, Pune - MPCB",18.4545,73.8542,Southern Highway Chokepoint / Ghat Gateway,436351418,residential,Unnamed,1,no,,,no,no,6,244.46,1275.53,STATIC_ROAD_NETWORK
3409438,"Katraj Dairy, Pune - MPCB",18.4545,73.8542,Southern Highway Chokepoint / Ghat Gateway,436364563,residential,Unnamed,1,no,,,no,no,7,293.76,1460.88,STATIC_ROAD_NETWORK
3409438,"Katraj Dairy, Pune - MPCB",18.4545,73.8542,Southern Highway Chokepoint / Ghat Gateway,436364564,residential,Unnamed,1,no,,,no,no,9,274.83,1468.07,STATIC_ROAD_NETWORK
3409438,"Katraj Dairy, Pune - MPCB",18.4545,73.8542,Southern Highway Chokepoint / Ghat Gateway,436364567,residential,Unnamed,1,no,,,no,no,3,201.74,916.34,STATIC_ROAD_NETWORK
3409438,"Katraj Dairy, Pune - MPCB",18.4545,73.8542,Southern Highway Chokepoint / Ghat Gateway,436364568,residential,Unnamed,1,no,,,no,no,4,137.49,969.9,STATIC_ROAD_NETWORK
3409438,"Katraj Dairy, Pune - MPCB",18.4545,73.8542,Southern Highway Chokepoint / Ghat Gateway,436364569,residential,Unnamed,1,no,,,no,no,3,139.05,965.3,STATIC_ROAD_NETWORK
3409438,"Katraj Dairy, Pune - MPCB",18.4545,73.8542,Southern Highway Chokepoint / Ghat Gateway,436364571,residential,Unnamed,1,no,,,no,no,9,318.4,775.5,STATIC_ROAD_NETWORK
3409438,"Katraj Dairy, Pune - MPCB",18.4545,73.8542,Southern Highway Chokepoint / Ghat Gateway,436364573,residential,Unnamed,1,no,,,no,no,3,119.78,826.77,STATIC_ROAD_NETWORK
3409438,"Katraj Dairy, Pune - MPCB",18.4545,73.8542,Southern Highway Chokepoint / Ghat Gateway,436364575,residential,Unnamed,1,no,,,no,no,2,45.62,866.14,STATIC_ROAD_NETWORK
3409438,"Katraj Dairy, Pune - MPCB",18.4545,73.8542,Southern Highway Chokepoint / Ghat Gateway,436364576,residential,Unnamed,1,no,,,no,no,2,133.93,769.65,STATIC_ROAD_NETWORK
3409438,"Katraj Dairy, Pune - MPCB",18.4545,73.8542,Southern Highway Chokepoint / Ghat Gateway,436364578,residential,Unnamed,1,no,,,no,no,3,182.99,723.34,STATIC_ROAD_NETWORK
3409438,"Katraj Dairy, Pune - MPCB",18.4545,73.8542,Southern Highway Chokepoint / Ghat Gateway,436364579,residential,Unnamed,1,no,,,no,no,3,171.12,686.36,STATIC_ROAD_NETWORK
3409438,"Katraj Dairy, Pune - MPCB",18.4545,73.8542,Southern Highway Chokepoint / Ghat Gateway,436364580,residential,Unnamed,1,no,,,no,no,3,149.62,656.16,STATIC_ROAD_NETWORK
3409438,"Katraj Dairy, Pune - MPCB",18.4545,73.8542,Southern Highway Chokepoint / Ghat Gateway,436364581,residential,Unnamed,1,no,,,no,no,4,143.64,626.62,STATIC_ROAD_NETWORK
3409438,"Katraj Dairy, Pune - MPCB",18.4545,73.8542,Southern Highway Chokepoint / Ghat Gateway,436364582,residential,Unnamed,1,no,,,no,no,7,119.36,562.34,STATIC_ROAD_NETWORK
3409438,"Katraj Dairy, Pune - MPCB",18.4545,73.8542,Southern Highway Chokepoint / Ghat Gateway,436364583,residential,Unnamed,1,no,,,no,no,3,144.74,820.08,STATIC_ROAD_NETWORK
3409438,"Katraj Dairy, Pune - MPCB",18.4545,73.8542,Southern Highway Chokepoint / Ghat Gateway,436364584,residential,Unnamed,1,no,,,no,no,2,72.83,798.3,STATIC_ROAD_NETWORK
3409438,"Katraj Dairy, Pune - MPCB",18.4545,73.8542,Southern Highway Chokepoint / Ghat Gateway,436364585,residential,Unnamed,1,no,,,no,no,2,70.05,760.3,STATIC_ROAD_NETWORK
3409438,"Katraj Dairy, Pune - MPCB",18.4545,73.8542,Southern Highway Chokepoint / Ghat Gateway,436364586,residential,Unnamed,1,no,,,no,no,10,415.96,532.62,STATIC_ROAD_NETWORK
3409438,"Katraj Dairy, Pune - MPCB",18.4545,73.8542,Southern Highway Chokepoint / Ghat Gateway,436364587,residential,Unnamed,1,no,,,no,no,9,342.5,555.8,STATIC_ROAD_NETWORK
3409438,"Katraj Dairy, Pune - MPCB",18.4545,73.8542,Southern Highway Chokepoint / Ghat Gateway,436364588,residential,Unnamed,1,no,,,no,no,4,77.87,557.87,STATIC_ROAD_NETWORK
3409438,"Katraj Dairy, Pune - MPCB",18.4545,73.8542,Southern Highway Chokepoint / Ghat Gateway,436364589,residential,Unnamed,1,no,,,no,no,5,238.83,602.19,STATIC_ROAD_NETWORK
3409438,"Katraj Dairy, Pune - MPCB",18.4545,73.8542,Southern Highway Chokepoint / Ghat Gateway,436364590,residential,Unnamed,1,no,,,no,no,6,173.17,604.97,STATIC_ROAD_NETWORK
3409438,"Katraj Dairy, Pune - MPCB",18.4545,73.8542,Southern Highway Chokepoint / Ghat Gateway,436364591,residential,Unnamed,1,no,,,no,no,2,69.46,884.47,STATIC_ROAD_NETWORK
3409438,"Katraj Dairy, Pune - MPCB",18.4545,73.8542,Southern Highway Chokepoint / Ghat Gateway,436364592,residential,Unnamed,1,no,,,no,no,3,63.7,707.84,STATIC_ROAD_NETWORK
3409438,"Katraj Dairy, Pune - MPCB",18.4545,73.8542,Southern Highway Chokepoint / Ghat Gateway,436364593,residential,Unnamed,1,no,,,no,no,7,159.56,1099.72,STATIC_ROAD_NETWORK
3409438,"Katraj Dairy, Pune - MPCB",18.4545,73.8542,Southern Highway Chokepoint / Ghat Gateway,436364594,residential,Unnamed,1,no,,,no,no,13,228.34,1000.1,STATIC_ROAD_NETWORK
3409438,"Katraj Dairy, Pune - MPCB",18.4545,73.8542,Southern Highway Chokepoint / Ghat Gateway,436364595,residential,Unnamed,1,no,,,no,no,6,80.1,1021.24,STATIC_ROAD_NETWORK
3409438,"Katraj Dairy, Pune - MPCB",18.4545,73.8542,Southern Highway Chokepoint / Ghat Gateway,436364596,residential,Unnamed,1,no,,,no,no,12,344.47,1114.82,STATIC_ROAD_NETWORK
3409438,"Katraj Dairy, Pune - MPCB",18.4545,73.8542,Southern Highway Chokepoint / Ghat Gateway,436364597,residential,Unnamed,1,no,,,no,no,3,91.97,1208.7,STATIC_ROAD_NETWORK
3409438,"Katraj Dairy, Pune - MPCB",18.4545,73.8542,Southern Highway Chokepoint / Ghat Gateway,436364598,residential,Unnamed,1,no,,,no,no,7,310.7,976.0,STATIC_ROAD_NETWORK
3409438,"Katraj Dairy, Pune - MPCB",18.4545,73.8542,Southern Highway Chokepoint / Ghat Gateway,436364599,residential,Unnamed,1,no,,,no,no,6,101.54,1081.67,STATIC_ROAD_NETWORK
3409438,"Katraj Dairy, Pune - MPCB",18.4545,73.8542,Southern Highway Chokepoint / Ghat Gateway,436364600,residential,Unnamed,1,no,,,no,no,2,77.5,1016.56,STATIC_ROAD_NETWORK
3409438,"Katraj Dairy, Pune - MPCB",18.4545,73.8542,Southern Highway Chokepoint / Ghat Gateway,436366350,residential,Unnamed,1,no,,,no,no,3,64.12,1197.91,STATIC_ROAD_NETWORK
3409438,"Katraj Dairy, Pune - MPCB",18.4545,73.8542,Southern Highway Chokepoint / Ghat Gateway,436366351,residential,Unnamed,1,no,,,no,no,2,55.25,1221.01,STATIC_ROAD_NETWORK
3409438,"Katraj Dairy, Pune - MPCB",18.4545,73.8542,Southern Highway Chokepoint / Ghat Gateway,436666085,residential,Unnamed,1,no,,,no,no,5,265.73,654.85,STATIC_ROAD_NETWORK
3409438,"Katraj Dairy, Pune - MPCB",18.4545,73.8542,Southern Highway Chokepoint / Ghat Gateway,436666086,residential,Unnamed,1,no,,,no,no,4,84.63,789.82,STATIC_ROAD_NETWORK
3409438,"Katraj Dairy, Pune - MPCB",18.4545,73.8542,Southern Highway Chokepoint / Ghat Gateway,436666087,residential,Unnamed,1,no,,,no,no,3,131.25,779.02,STATIC_ROAD_NETWORK
3409438,"Katraj Dairy, Pune - MPCB",18.4545,73.8542,Southern Highway Chokepoint / Ghat Gateway,436666088,residential,Unnamed,1,no,,,no,no,3,47.73,823.68,STATIC_ROAD_NETWORK
3409438,"Katraj Dairy, Pune - MPCB",18.4545,73.8542,Southern Highway Chokepoint / Ghat Gateway,436666089,residential,Unnamed,1,no,,,no,no,8,395.88,673.23,STATIC_ROAD_NETWORK
3409438,"Katraj Dairy, Pune - MPCB",18.4545,73.8542,Southern Highway Chokepoint / Ghat Gateway,436666090,residential,Unnamed,1,no,,,no,no,2,124.86,1052.41,STATIC_ROAD_NETWORK
3409438,"Katraj Dairy, Pune - MPCB",18.4545,73.8542,Southern Highway Chokepoint / Ghat Gateway,436666091,residential,Janseva Colony Road,1,no,,,no,no,6,155.16,965.02,STATIC_ROAD_NETWORK
3409438,"Katraj Dairy, Pune - MPCB",18.4545,73.8542,Southern Highway Chokepoint / Ghat Gateway,436666092,residential,Janseva Colony Road,1,no,,,no,no,2,50.96,1116.4,STATIC_ROAD_NETWORK
3409438,"Katraj Dairy, Pune - MPCB",18.4545,73.8542,Southern Highway Chokepoint / Ghat Gateway,436666093,residential,Katraj Road,1,no,,,no,no,10,156.67,1167.36,STATIC_ROAD_NETWORK
3409438,"Katraj Dairy, Pune - MPCB",18.4545,73.8542,Southern Highway Chokepoint / Ghat Gateway,436666094,residential,Unnamed,1,no,,,no,no,6,223.56,951.22,STATIC_ROAD_NETWORK
3409438,"Katraj Dairy, Pune - MPCB",18.4545,73.8542,Southern Highway Chokepoint / Ghat Gateway,436666095,residential,Unnamed,1,no,,,no,no,7,197.76,975.11,STATIC_ROAD_NETWORK
3409438,"Katraj Dairy, Pune - MPCB",18.4545,73.8542,Southern Highway Chokepoint / Ghat Gateway,436666096,residential,Unnamed,1,no,,,no,no,5,138.13,1032.44,STATIC_ROAD_NETWORK
3409438,"Katraj Dairy, Pune - MPCB",18.4545,73.8542,Southern Highway Chokepoint / Ghat Gateway,436666098,residential,Unnamed,1,no,,,no,no,8,429.18,757.29,STATIC_ROAD_NETWORK
3409438,"Katraj Dairy, Pune - MPCB",18.4545,73.8542,Southern Highway Chokepoint / Ghat Gateway,436666099,tertiary,Unnamed,1,no,,,no,no,14,435.5,757.52,STATIC_ROAD_NETWORK
3409438,"Katraj Dairy, Pune - MPCB",18.4545,73.8542,Southern Highway Chokepoint / Ghat Gateway,436666100,residential,Unnamed,1,no,,,no,no,3,111.24,738.71,STATIC_ROAD_NETWORK
3409438,"Katraj Dairy, Pune - MPCB",18.4545,73.8542,Southern Highway Chokepoint / Ghat Gateway,436666101,residential,Unnamed,1,no,,,no,no,6,158.82,756.0,STATIC_ROAD_NETWORK
3409438,"Katraj Dairy, Pune - MPCB",18.4545,73.8542,Southern Highway Chokepoint / Ghat Gateway,436666102,residential,Unnamed,1,no,,,no,no,6,67.72,772.49,STATIC_ROAD_NETWORK
3409438,"Katraj Dairy, Pune - MPCB",18.4545,73.8542,Southern Highway Chokepoint / Ghat Gateway,436666103,residential,Unnamed,1,no,,,no,no,8,211.37,788.53,STATIC_ROAD_NETWORK
3409438,"Katraj Dairy, Pune - MPCB",18.4545,73.8542,Southern Highway Chokepoint / Ghat Gateway,436666104,residential,Unnamed,1,no,,,no,no,14,238.65,814.76,STATIC_ROAD_NETWORK
3409438,"Katraj Dairy, Pune - MPCB",18.4545,73.8542,Southern Highway Chokepoint / Ghat Gateway,436666105,residential,Unnamed,1,no,,,no,no,9,242.55,841.13,STATIC_ROAD_NETWORK
3409438,"Katraj Dairy, Pune - MPCB",18.4545,73.8542,Southern Highway Chokepoint / Ghat Gateway,436666107,residential,Unnamed,1,no,,,no,no,9,237.91,936.97,STATIC_ROAD_NETWORK
3409438,"Katraj Dairy, Pune - MPCB",18.4545,73.8542,Southern Highway Chokepoint / Ghat Gateway,436666108,residential,Unnamed,1,no,,,no,no,3,115.53,1016.54,STATIC_ROAD_NETWORK
3409438,"Katraj Dairy, Pune - MPCB",18.4545,73.8542,Southern Highway Chokepoint / Ghat Gateway,436666110,residential,Unnamed,1,no,,,no,no,3,116.17,1049.46,STATIC_ROAD_NETWORK
3409438,"Katraj Dairy, Pune - MPCB",18.4545,73.8542,Southern Highway Chokepoint / Ghat Gateway,436666111,residential,Unnamed,1,no,,,no,no,5,133.89,1084.03,STATIC_ROAD_NETWORK
3409438,"Katraj Dairy, Pune - MPCB",18.4545,73.8542,Southern Highway Chokepoint / Ghat Gateway,436666112,residential,Unnamed,1,no,,,no,no,4,78.15,1149.57,STATIC_ROAD_NETWORK
3409438,"Katraj Dairy, Pune - MPCB",18.4545,73.8542,Southern Highway Chokepoint / Ghat Gateway,436666113,residential,Unnamed,1,no,,,no,no,12,218.21,1125.29,STATIC_ROAD_NETWORK
3409438,"Katraj Dairy, Pune - MPCB",18.4545,73.8542,Southern Highway Chokepoint / Ghat Gateway,436666114,residential,Unnamed,1,no,,,no,no,11,214.9,1164.55,STATIC_ROAD_NETWORK
3409438,"Katraj Dairy, Pune - MPCB",18.4545,73.8542,Southern Highway Chokepoint / Ghat Gateway,436666115,residential,Unnamed,1,no,,,no,no,3,103.41,1188.99,STATIC_ROAD_NETWORK
3409438,"Katraj Dairy, Pune - MPCB",18.4545,73.8542,Southern Highway Chokepoint / Ghat Gateway,436666116,tertiary,Unnamed,1,no,,,no,no,11,211.24,1188.99,STATIC_ROAD_NETWORK
3409438,"Katraj Dairy, Pune - MPCB",18.4545,73.8542,Southern Highway Chokepoint / Ghat Gateway,436666117,residential,Unnamed,1,no,,,no,no,12,329.73,1343.88,STATIC_ROAD_NETWORK
3409438,"Katraj Dairy, Pune - MPCB",18.4545,73.8542,Southern Highway Chokepoint / Ghat Gateway,436679587,residential,Unnamed,1,no,,,no,no,4,230.36,646.91,STATIC_ROAD_NETWORK
3409438,"Katraj Dairy, Pune - MPCB",18.4545,73.8542,Southern Highway Chokepoint / Ghat Gateway,436679588,residential,Unnamed,1,no,,,no,no,8,335.03,633.21,STATIC_ROAD_NETWORK
3409438,"Katraj Dairy, Pune - MPCB",18.4545,73.8542,Southern Highway Chokepoint / Ghat Gateway,436679589,residential,Unnamed,1,no,,,no,no,6,263.54,617.41,STATIC_ROAD_NETWORK
3409438,"Katraj Dairy, Pune - MPCB",18.4545,73.8542,Southern Highway Chokepoint / Ghat Gateway,436679590,residential,Unnamed,1,no,,,no,no,4,150.19,606.6,STATIC_ROAD_NETWORK
3409438,"Katraj Dairy, Pune - MPCB",18.4545,73.8542,Southern Highway Chokepoint / Ghat Gateway,436679591,residential,Unnamed,1,no,,,no,no,2,82.45,596.61,STATIC_ROAD_NETWORK
3409438,"Katraj Dairy, Pune - MPCB",18.4545,73.8542,Southern Highway Chokepoint / Ghat Gateway,436679592,residential,Unnamed,1,no,,,no,no,5,135.14,923.08,STATIC_ROAD_NETWORK
3409438,"Katraj Dairy, Pune - MPCB",18.4545,73.8542,Southern Highway Chokepoint / Ghat Gateway,436679593,residential,Unnamed,1,no,,,no,no,3,66.38,894.85,STATIC_ROAD_NETWORK
3409438,"Katraj Dairy, Pune - MPCB",18.4545,73.8542,Southern Highway Chokepoint / Ghat Gateway,436679594,residential,Unnamed,1,no,,,no,no,4,86.04,1009.05,STATIC_ROAD_NETWORK
3409438,"Katraj Dairy, Pune - MPCB",18.4545,73.8542,Southern Highway Chokepoint / Ghat Gateway,436679595,residential,Unnamed,1,no,,,no,no,6,188.19,1114.76,STATIC_ROAD_NETWORK
3409438,"Katraj Dairy, Pune - MPCB",18.4545,73.8542,Southern Highway Chokepoint / Ghat Gateway,436679596,residential,Unnamed,1,no,,,no,no,2,101.93,1184.06,STATIC_ROAD_NETWORK
3409438,"Katraj Dairy, Pune - MPCB",18.4545,73.8542,Southern Highway Chokepoint / Ghat Gateway,436679597,residential,Unnamed,1,no,,,no,no,3,164.24,1158.19,STATIC_ROAD_NETWORK
3409438,"Katraj Dairy, Pune - MPCB",18.4545,73.8542,Southern Highway Chokepoint / Ghat Gateway,436679598,residential,Unnamed,1,no,,,no,no,3,182.74,1161.08,STATIC_ROAD_NETWORK
3409438,"Katraj Dairy, Pune - MPCB",18.4545,73.8542,Southern Highway Chokepoint / Ghat Gateway,436679599,residential,Unnamed,1,no,,,no,no,5,204.65,1161.92,STATIC_ROAD_NETWORK
3409438,"Katraj Dairy, Pune - MPCB",18.4545,73.8542,Southern Highway Chokepoint / Ghat Gateway,436679600,residential,Unnamed,1,no,,,no,no,4,121.61,1198.35,STATIC_ROAD_NETWORK
3409438,"Katraj Dairy, Pune - MPCB",18.4545,73.8542,Southern Highway Chokepoint / Ghat Gateway,436679601,residential,Unnamed,1,no,,,no,no,3,168.87,1236.13,STATIC_ROAD_NETWORK
3409438,"Katraj Dairy, Pune - MPCB",18.4545,73.8542,Southern Highway Chokepoint / Ghat Gateway,436679602,residential,Unnamed,1,no,,,no,no,6,194.74,1238.58,STATIC_ROAD_NETWORK
3409438,"Katraj Dairy, Pune - MPCB",18.4545,73.8542,Southern Highway Chokepoint / Ghat Gateway,436679603,residential,Unnamed,1,no,,,no,no,10,222.86,1242.82,STATIC_ROAD_NETWORK
3409438,"Katraj Dairy, Pune - MPCB",18.4545,73.8542,Southern Highway Chokepoint / Ghat Gateway,436679604,residential,Aadya Krantiveer Umaji Naik Path,1,no,,,no,no,16,232.09,1392.12,STATIC_ROAD_NETWORK
3409438,"Katraj Dairy, Pune - MPCB",18.4545,73.8542,Southern Highway Chokepoint / Ghat Gateway,436679605,residential,Unnamed,1,no,,,no,no,2,93.41,1475.0,STATIC_ROAD_NETWORK
3409438,"Katraj Dairy, Pune - MPCB",18.4545,73.8542,Southern Highway Chokepoint / Ghat Gateway,436679606,residential,Unnamed,1,no,,,no,no,3,108.02,1431.64,STATIC_ROAD_NETWORK
3409438,"Katraj Dairy, Pune - MPCB",18.4545,73.8542,Southern Highway Chokepoint / Ghat Gateway,436679607,residential,Unnamed,1,no,,,no,no,3,105.8,1412.68,STATIC_ROAD_NETWORK
3409438,"Katraj Dairy, Pune - MPCB",18.4545,73.8542,Southern Highway Chokepoint / Ghat Gateway,436679608,residential,Unnamed,1,no,,,no,no,3,103.94,1352.57,STATIC_ROAD_NETWORK
3409438,"Katraj Dairy, Pune - MPCB",18.4545,73.8542,Southern Highway Chokepoint / Ghat Gateway,436679609,residential,Unnamed,1,no,,,no,no,5,118.21,1483.42,STATIC_ROAD_NETWORK
3409438,"Katraj Dairy, Pune - MPCB",18.4545,73.8542,Southern Highway Chokepoint / Ghat Gateway,436679610,residential,Unnamed,1,no,,,no,no,3,161.62,1461.75,STATIC_ROAD_NETWORK
3409438,"Katraj Dairy, Pune - MPCB",18.4545,73.8542,Southern Highway Chokepoint / Ghat Gateway,436679611,residential,Unnamed,1,no,,,no,no,3,110.06,1380.39,STATIC_ROAD_NETWORK
3409438,"Katraj Dairy, Pune - MPCB",18.4545,73.8542,Southern Highway Chokepoint / Ghat Gateway,436679612,residential,Unnamed,1,no,,,no,no,2,76.42,1328.16,STATIC_ROAD_NETWORK
3409438,"Katraj Dairy, Pune - MPCB",18.4545,73.8542,Southern Highway Chokepoint / Ghat Gateway,436679613,residential,Unnamed,1,no,,,no,no,2,59.83,1311.78,STATIC_ROAD_NETWORK
3409438,"Katraj Dairy, Pune - MPCB",18.4545,73.8542,Southern Highway Chokepoint / Ghat Gateway,436679614,residential,Unnamed,1,no,,,no,no,4,53.48,1351.89,STATIC_ROAD_NETWORK
3409438,"Katraj Dairy, Pune - MPCB",18.4545,73.8542,Southern Highway Chokepoint / Ghat Gateway,436679616,residential,Unnamed,1,no,,,no,no,3,61.54,1374.97,STATIC_ROAD_NETWORK
3409438,"Katraj Dairy, Pune - MPCB",18.4545,73.8542,Southern Highway Chokepoint / Ghat Gateway,436679617,residential,Unnamed,1,no,,,no,no,2,64.48,1396.33,STATIC_ROAD_NETWORK
3409438,"Katraj Dairy, Pune - MPCB",18.4545,73.8542,Southern Highway Chokepoint / Ghat Gateway,436679618,residential,Unnamed,1,no,,,no,no,3,102.87,1436.54,STATIC_ROAD_NETWORK
3409438,"Katraj Dairy, Pune - MPCB",18.4545,73.8542,Southern Highway Chokepoint / Ghat Gateway,436679621,residential,Unnamed,1,no,,,no,no,3,80.79,1468.13,STATIC_ROAD_NETWORK
3409438,"Katraj Dairy, Pune - MPCB",18.4545,73.8542,Southern Highway Chokepoint / Ghat Gateway,436679622,residential,Unnamed,1,no,,,no,no,2,58.3,1433.47,STATIC_ROAD_NETWORK
3409438,"Katraj Dairy, Pune - MPCB",18.4545,73.8542,Southern Highway Chokepoint / Ghat Gateway,436679623,residential,Unnamed,1,no,,,no,no,3,59.91,1373.36,STATIC_ROAD_NETWORK
3409438,"Katraj Dairy, Pune - MPCB",18.4545,73.8542,Southern Highway Chokepoint / Ghat Gateway,436679624,residential,Unnamed,1,no,,,no,no,5,92.02,1245.29,STATIC_ROAD_NETWORK
3409438,"Katraj Dairy, Pune - MPCB",18.4545,73.8542,Southern Highway Chokepoint / Ghat Gateway,436679625,residential,Sai Mandir Road,1,no,,,no,no,8,331.29,1286.28,STATIC_ROAD_NETWORK
3409438,"Katraj Dairy, Pune - MPCB",18.4545,73.8542,Southern Highway Chokepoint / Ghat Gateway,436679626,residential,Unnamed,1,no,,,no,no,3,94.42,1335.55,STATIC_ROAD_NETWORK
3409438,"Katraj Dairy, Pune - MPCB",18.4545,73.8542,Southern Highway Chokepoint / Ghat Gateway,436679627,residential,Unnamed,1,no,,,no,no,10,172.29,1293.23,STATIC_ROAD_NETWORK
3409438,"Katraj Dairy, Pune - MPCB",18.4545,73.8542,Southern Highway Chokepoint / Ghat Gateway,436679628,residential,Unnamed,1,no,,,no,no,6,95.37,1405.82,STATIC_ROAD_NETWORK
3409438,"Katraj Dairy, Pune - MPCB",18.4545,73.8542,Southern Highway Chokepoint / Ghat Gateway,436679629,residential,Unnamed,1,no,,,no,no,3,38.95,1416.01,STATIC_ROAD_NETWORK
3409438,"Katraj Dairy, Pune - MPCB",18.4545,73.8542,Southern Highway Chokepoint / Ghat Gateway,436679630,residential,Unnamed,1,no,,,no,no,3,40.07,1407.79,STATIC_ROAD_NETWORK
3409438,"Katraj Dairy, Pune - MPCB",18.4545,73.8542,Southern Highway Chokepoint / Ghat Gateway,436679631,residential,Unnamed,1,no,,,no,no,3,57.14,1389.45,STATIC_ROAD_NETWORK
3409438,"Katraj Dairy, Pune - MPCB",18.4545,73.8542,Southern Highway Chokepoint / Ghat Gateway,436679632,residential,Unnamed,1,no,,,no,no,13,267.9,1377.43,STATIC_ROAD_NETWORK
3409438,"Katraj Dairy, Pune - MPCB",18.4545,73.8542,Southern Highway Chokepoint / Ghat Gateway,436679633,residential,Unnamed,1,no,,,no,no,2,60.96,1363.35,STATIC_ROAD_NETWORK
3409438,"Katraj Dairy, Pune - MPCB",18.4545,73.8542,Southern Highway Chokepoint / Ghat Gateway,436679634,residential,Unnamed,1,no,,,no,no,3,88.95,1449.92,STATIC_ROAD_NETWORK
3409438,"Katraj Dairy, Pune - MPCB",18.4545,73.8542,Southern Highway Chokepoint / Ghat Gateway,436679635,residential,Unnamed,1,no,,,no,no,13,244.31,1480.44,STATIC_ROAD_NETWORK
3409438,"Katraj Dairy, Pune - MPCB",18.4545,73.8542,Southern Highway Chokepoint / Ghat Gateway,436679636,residential,Unnamed,1,no,,,no,no,11,159.09,1483.05,STATIC_ROAD_NETWORK
3409438,"Katraj Dairy, Pune - MPCB",18.4545,73.8542,Southern Highway Chokepoint / Ghat Gateway,436679642,residential,Unnamed,1,no,,,no,no,15,415.39,1326.03,STATIC_ROAD_NETWORK
3409438,"Katraj Dairy, Pune - MPCB",18.4545,73.8542,Southern Highway Chokepoint / Ghat Gateway,436681999,residential,Janseva Colony Road,1,no,,,no,no,3,79.89,888.46,STATIC_ROAD_NETWORK
3409438,"Katraj Dairy, Pune - MPCB",18.4545,73.8542,Southern Highway Chokepoint / Ghat Gateway,436682000,residential,Unnamed,1,no,,,no,no,4,218.46,859.01,STATIC_ROAD_NETWORK
3409438,"Katraj Dairy, Pune - MPCB",18.4545,73.8542,Southern Highway Chokepoint / Ghat Gateway,436682001,residential,Unnamed,1,no,,,no,no,5,141.49,615.71,STATIC_ROAD_NETWORK
3409438,"Katraj Dairy, Pune - MPCB",18.4545,73.8542,Southern Highway Chokepoint / Ghat Gateway,436682002,residential,Unnamed,1,no,,,no,no,2,117.07,639.92,STATIC_ROAD_NETWORK
3409438,"Katraj Dairy, Pune - MPCB",18.4545,73.8542,Southern Highway Chokepoint / Ghat Gateway,436682003,residential,Unnamed,1,no,,,no,no,2,86.47,653.67,STATIC_ROAD_NETWORK
3409438,"Katraj Dairy, Pune - MPCB",18.4545,73.8542,Southern Highway Chokepoint / Ghat Gateway,436682005,residential,Unnamed,1,no,,,no,no,11,67.9,828.15,STATIC_ROAD_NETWORK
3409438,"Katraj Dairy, Pune - MPCB",18.4545,73.8542,Southern Highway Chokepoint / Ghat Gateway,436682006,residential,Unnamed,1,no,,,no,no,11,116.03,853.37,STATIC_ROAD_NETWORK
3409438,"Katraj Dairy, Pune - MPCB",18.4545,73.8542,Southern Highway Chokepoint / Ghat Gateway,436682007,residential,Unnamed,1,no,,,no,no,13,111.5,872.18,STATIC_ROAD_NETWORK
3409438,"Katraj Dairy, Pune - MPCB",18.4545,73.8542,Southern Highway Chokepoint / Ghat Gateway,436682008,residential,Unnamed,1,no,,,no,no,9,273.82,667.51,STATIC_ROAD_NETWORK
3409438,"Katraj Dairy, Pune - MPCB",18.4545,73.8542,Southern Highway Chokepoint / Ghat Gateway,436682009,residential,Unnamed,1,no,,,no,no,9,155.31,782.34,STATIC_ROAD_NETWORK
3409438,"Katraj Dairy, Pune - MPCB",18.4545,73.8542,Southern Highway Chokepoint / Ghat Gateway,436682010,residential,Unnamed,1,no,,,no,no,3,103.94,815.54,STATIC_ROAD_NETWORK
3409438,"Katraj Dairy, Pune - MPCB",18.4545,73.8542,Southern Highway Chokepoint / Ghat Gateway,436682011,trunk_link,Unnamed,1,no,,,no,no,2,13.27,674.52,STATIC_ROAD_NETWORK
3409438,"Katraj Dairy, Pune - MPCB",18.4545,73.8542,Southern Highway Chokepoint / Ghat Gateway,436682012,residential,Unnamed,1,no,,,no,no,10,233.16,645.42,STATIC_ROAD_NETWORK
3409438,"Katraj Dairy, Pune - MPCB",18.4545,73.8542,Southern Highway Chokepoint / Ghat Gateway,436682013,residential,Unnamed,1,no,,,no,no,5,120.85,752.64,STATIC_ROAD_NETWORK
3409438,"Katraj Dairy, Pune - MPCB",18.4545,73.8542,Southern Highway Chokepoint / Ghat Gateway,436682014,residential,Unnamed,1,no,,,no,no,18,193.74,918.22,STATIC_ROAD_NETWORK
3409438,"Katraj Dairy, Pune - MPCB",18.4545,73.8542,Southern Highway Chokepoint / Ghat Gateway,436682015,residential,Unnamed,1,no,,,no,no,9,223.74,898.76,STATIC_ROAD_NETWORK
3409438,"Katraj Dairy, Pune - MPCB",18.4545,73.8542,Southern Highway Chokepoint / Ghat Gateway,436682016,residential,Unnamed,1,no,,,no,no,2,97.29,958.02,STATIC_ROAD_NETWORK
3409438,"Katraj Dairy, Pune - MPCB",18.4545,73.8542,Southern Highway Chokepoint / Ghat Gateway,436682017,residential,Unnamed,1,no,,,no,no,3,64.54,869.13,STATIC_ROAD_NETWORK
3409438,"Katraj Dairy, Pune - MPCB",18.4545,73.8542,Southern Highway Chokepoint / Ghat Gateway,436682018,residential,Unnamed,1,no,,,no,no,10,191.07,676.54,STATIC_ROAD_NETWORK
3409438,"Katraj Dairy, Pune - MPCB",18.4545,73.8542,Southern Highway Chokepoint / Ghat Gateway,436682019,residential,Unnamed,1,no,,,no,no,8,216.32,534.6,STATIC_ROAD_NETWORK
3409438,"Katraj Dairy, Pune - MPCB",18.4545,73.8542,Southern Highway Chokepoint / Ghat Gateway,436682020,residential,Unnamed,1,no,,,no,no,3,200.44,576.37,STATIC_ROAD_NETWORK
3409438,"Katraj Dairy, Pune - MPCB",18.4545,73.8542,Southern Highway Chokepoint / Ghat Gateway,436682021,residential,Unnamed,1,no,,,no,no,3,83.45,625.21,STATIC_ROAD_NETWORK
3409438,"Katraj Dairy, Pune - MPCB",18.4545,73.8542,Southern Highway Chokepoint / Ghat Gateway,436682022,residential,Unnamed,1,no,,,no,no,3,141.27,409.27,STATIC_ROAD_NETWORK
3409438,"Katraj Dairy, Pune - MPCB",18.4545,73.8542,Southern Highway Chokepoint / Ghat Gateway,436682023,residential,Lane 9,1,no,,,no,no,7,212.17,374.36,STATIC_ROAD_NETWORK
3409438,"Katraj Dairy, Pune - MPCB",18.4545,73.8542,Southern Highway Chokepoint / Ghat Gateway,436682024,residential,Dattanagar Road,1,no,,,no,no,6,223.18,358.6,STATIC_ROAD_NETWORK
3409438,"Katraj Dairy, Pune - MPCB",18.4545,73.8542,Southern Highway Chokepoint / Ghat Gateway,436682025,residential,Unnamed,1,no,,,no,no,3,98.37,350.1,STATIC_ROAD_NETWORK
3409438,"Katraj Dairy, Pune - MPCB",18.4545,73.8542,Southern Highway Chokepoint / Ghat Gateway,436682026,residential,Unnamed,1,no,,,no,no,6,97.14,443.43,STATIC_ROAD_NETWORK
3409438,"Katraj Dairy, Pune - MPCB",18.4545,73.8542,Southern Highway Chokepoint / Ghat Gateway,436682027,residential,Lane Number 6,1,no,,,no,no,7,156.87,331.5,STATIC_ROAD_NETWORK
3409438,"Katraj Dairy, Pune - MPCB",18.4545,73.8542,Southern Highway Chokepoint / Ghat Gateway,436682028,residential,Lane Number 3,1,no,,,no,no,4,233.22,377.87,STATIC_ROAD_NETWORK
3409438,"Katraj Dairy, Pune - MPCB",18.4545,73.8542,Southern Highway Chokepoint / Ghat Gateway,436682029,residential,Lane Numer 2,1,no,,,no,no,4,241.93,402.69,STATIC_ROAD_NETWORK
3409438,"Katraj Dairy, Pune - MPCB",18.4545,73.8542,Southern Highway Chokepoint / Ghat Gateway,436682030,residential,Unnamed,1,no,,,no,no,5,213.61,474.98,STATIC_ROAD_NETWORK
3409438,"Katraj Dairy, Pune - MPCB",18.4545,73.8542,Southern Highway Chokepoint / Ghat Gateway,436682031,residential,Unnamed,1,no,,,no,no,5,198.89,459.36,STATIC_ROAD_NETWORK
3409438,"Katraj Dairy, Pune - MPCB",18.4545,73.8542,Southern Highway Chokepoint / Ghat Gateway,436682729,residential,Unnamed,1,no,,,no,no,4,103.13,1219.81,STATIC_ROAD_NETWORK
3409438,"Katraj Dairy, Pune - MPCB",18.4545,73.8542,Southern Highway Chokepoint / Ghat Gateway,436682730,residential,Unnamed,1,no,,,no,no,2,75.74,1253.03,STATIC_ROAD_NETWORK
3409438,"Katraj Dairy, Pune - MPCB",18.4545,73.8542,Southern Highway Chokepoint / Ghat Gateway,436682731,residential,Unnamed,1,no,,,no,no,5,129.03,1122.03,STATIC_ROAD_NETWORK
3409438,"Katraj Dairy, Pune - MPCB",18.4545,73.8542,Southern Highway Chokepoint / Ghat Gateway,436682732,residential,Unnamed,1,no,,,no,no,5,174.15,1074.66,STATIC_ROAD_NETWORK
3409438,"Katraj Dairy, Pune - MPCB",18.4545,73.8542,Southern Highway Chokepoint / Ghat Gateway,436682735,residential,Unnamed,1,no,,,no,no,3,102.38,916.79,STATIC_ROAD_NETWORK
3409438,"Katraj Dairy, Pune - MPCB",18.4545,73.8542,Southern Highway Chokepoint / Ghat Gateway,436682736,residential,Unnamed,1,no,,,no,no,6,125.53,924.5,STATIC_ROAD_NETWORK
3409438,"Katraj Dairy, Pune - MPCB",18.4545,73.8542,Southern Highway Chokepoint / Ghat Gateway,436682737,residential,Unnamed,1,no,,,no,no,2,113.53,994.73,STATIC_ROAD_NETWORK
3409438,"Katraj Dairy, Pune - MPCB",18.4545,73.8542,Southern Highway Chokepoint / Ghat Gateway,436682738,residential,Unnamed,1,no,,,no,no,3,126.96,1004.79,STATIC_ROAD_NETWORK
3409438,"Katraj Dairy, Pune - MPCB",18.4545,73.8542,Southern Highway Chokepoint / Ghat Gateway,436682739,residential,Unnamed,1,no,,,no,no,2,115.41,1028.7,STATIC_ROAD_NETWORK
3409438,"Katraj Dairy, Pune - MPCB",18.4545,73.8542,Southern Highway Chokepoint / Ghat Gateway,436682740,residential,Unnamed,1,no,,,no,no,2,76.05,1084.32,STATIC_ROAD_NETWORK
3409438,"Katraj Dairy, Pune - MPCB",18.4545,73.8542,Southern Highway Chokepoint / Ghat Gateway,436682741,residential,Unnamed,1,no,,,no,no,6,222.57,1137.95,STATIC_ROAD_NETWORK
3409438,"Katraj Dairy, Pune - MPCB",18.4545,73.8542,Southern Highway Chokepoint / Ghat Gateway,436682742,residential,Unnamed,1,no,,,no,no,3,129.41,1232.19,STATIC_ROAD_NETWORK
3409438,"Katraj Dairy, Pune - MPCB",18.4545,73.8542,Southern Highway Chokepoint / Ghat Gateway,436682743,residential,Unnamed,1,no,,,no,no,4,143.37,1187.57,STATIC_ROAD_NETWORK
3409438,"Katraj Dairy, Pune - MPCB",18.4545,73.8542,Southern Highway Chokepoint / Ghat Gateway,436682744,residential,Unnamed,1,no,,,no,no,3,214.74,1123.25,STATIC_ROAD_NETWORK
3409438,"Katraj Dairy, Pune - MPCB",18.4545,73.8542,Southern Highway Chokepoint / Ghat Gateway,436682745,residential,Unnamed,1,no,,,no,no,5,217.73,1107.27,STATIC_ROAD_NETWORK
3409438,"Katraj Dairy, Pune - MPCB",18.4545,73.8542,Southern Highway Chokepoint / Ghat Gateway,436682746,residential,Unnamed,1,no,,,no,no,6,218.4,1092.13,STATIC_ROAD_NETWORK
3409438,"Katraj Dairy, Pune - MPCB",18.4545,73.8542,Southern Highway Chokepoint / Ghat Gateway,436684023,residential,Unnamed,1,no,,,no,no,3,133.49,1232.22,STATIC_ROAD_NETWORK
3409438,"Katraj Dairy, Pune - MPCB",18.4545,73.8542,Southern Highway Chokepoint / Ghat Gateway,436684024,residential,Unnamed,1,no,,,no,no,6,215.09,1320.01,STATIC_ROAD_NETWORK
3409438,"Katraj Dairy, Pune - MPCB",18.4545,73.8542,Southern Highway Chokepoint / Ghat Gateway,436684025,residential,Unnamed,1,no,,,no,no,3,137.55,1336.19,STATIC_ROAD_NETWORK
3409438,"Katraj Dairy, Pune - MPCB",18.4545,73.8542,Southern Highway Chokepoint / Ghat Gateway,436684035,residential,Unnamed,1,no,,,no,no,12,261.56,1501.11,STATIC_ROAD_NETWORK
3409438,"Katraj Dairy, Pune - MPCB",18.4545,73.8542,Southern Highway Chokepoint / Ghat Gateway,436684036,residential,Unnamed,1,no,,,no,no,12,227.21,1473.06,STATIC_ROAD_NETWORK
3409438,"Katraj Dairy, Pune - MPCB",18.4545,73.8542,Southern Highway Chokepoint / Ghat Gateway,436684038,residential,Unnamed,1,no,,,no,no,14,196.59,1445.31,STATIC_ROAD_NETWORK
3409438,"Katraj Dairy, Pune - MPCB",18.4545,73.8542,Southern Highway Chokepoint / Ghat Gateway,436691113,residential,Unnamed,1,no,,,no,no,7,153.75,1144.59,STATIC_ROAD_NETWORK
3409438,"Katraj Dairy, Pune - MPCB",18.4545,73.8542,Southern Highway Chokepoint / Ghat Gateway,436691114,residential,Gulab Nagar Road,1,no,,,no,no,6,114.05,1340.35,STATIC_ROAD_NETWORK
3409438,"Katraj Dairy, Pune - MPCB",18.4545,73.8542,Southern Highway Chokepoint / Ghat Gateway,436691115,residential,Dhankawadi Police Station Road,1,no,,,no,no,4,74.51,1284.19,STATIC_ROAD_NETWORK
3409438,"Katraj Dairy, Pune - MPCB",18.4545,73.8542,Southern Highway Chokepoint / Ghat Gateway,436693789,residential,Unnamed,1,no,,,no,no,13,327.55,1433.91,STATIC_ROAD_NETWORK
3409438,"Katraj Dairy, Pune - MPCB",18.4545,73.8542,Southern Highway Chokepoint / Ghat Gateway,436693791,residential,Unnamed,1,no,,,no,no,3,151.45,1463.91,STATIC_ROAD_NETWORK
3409438,"Katraj Dairy, Pune - MPCB",18.4545,73.8542,Southern Highway Chokepoint / Ghat Gateway,436693793,residential,Unnamed,1,no,,,no,no,2,96.72,1481.55,STATIC_ROAD_NETWORK
3409438,"Katraj Dairy, Pune - MPCB",18.4545,73.8542,Southern Highway Chokepoint / Ghat Gateway,436693799,residential,Unnamed,1,no,,,no,no,12,257.2,1447.51,STATIC_ROAD_NETWORK
3409438,"Katraj Dairy, Pune - MPCB",18.4545,73.8542,Southern Highway Chokepoint / Ghat Gateway,436693802,residential,Unnamed,1,no,,,no,no,12,291.52,1428.29,STATIC_ROAD_NETWORK
3409438,"Katraj Dairy, Pune - MPCB",18.4545,73.8542,Southern Highway Chokepoint / Ghat Gateway,436693804,residential,Unnamed,1,no,,,no,no,10,156.51,1389.53,STATIC_ROAD_NETWORK
3409438,"Katraj Dairy, Pune - MPCB",18.4545,73.8542,Southern Highway Chokepoint / Ghat Gateway,436693806,residential,Unnamed,1,no,,,no,no,10,245.06,1389.53,STATIC_ROAD_NETWORK
3409438,"Katraj Dairy, Pune - MPCB",18.4545,73.8542,Southern Highway Chokepoint / Ghat Gateway,436693808,residential,Unnamed,1,no,,,no,no,8,214.44,1407.43,STATIC_ROAD_NETWORK
3409438,"Katraj Dairy, Pune - MPCB",18.4545,73.8542,Southern Highway Chokepoint / Ghat Gateway,436693812,residential,Unnamed,1,no,,,no,no,3,111.23,1396.14,STATIC_ROAD_NETWORK
3409438,"Katraj Dairy, Pune - MPCB",18.4545,73.8542,Southern Highway Chokepoint / Ghat Gateway,436693813,residential,Unnamed,1,no,,,no,no,7,109.81,1301.87,STATIC_ROAD_NETWORK
3409438,"Katraj Dairy, Pune - MPCB",18.4545,73.8542,Southern Highway Chokepoint / Ghat Gateway,436693815,residential,Unnamed,1,no,,,no,no,2,31.53,1368.0,STATIC_ROAD_NETWORK
3409438,"Katraj Dairy, Pune - MPCB",18.4545,73.8542,Southern Highway Chokepoint / Ghat Gateway,436693817,residential,Unnamed,1,no,,,no,no,11,171.36,1403.91,STATIC_ROAD_NETWORK
3409438,"Katraj Dairy, Pune - MPCB",18.4545,73.8542,Southern Highway Chokepoint / Ghat Gateway,436693819,residential,Unnamed,1,no,,,no,no,10,155.67,1402.07,STATIC_ROAD_NETWORK
3409438,"Katraj Dairy, Pune - MPCB",18.4545,73.8542,Southern Highway Chokepoint / Ghat Gateway,436693820,residential,Unnamed,1,no,,,no,no,4,102.76,1407.6,STATIC_ROAD_NETWORK
3409438,"Katraj Dairy, Pune - MPCB",18.4545,73.8542,Southern Highway Chokepoint / Ghat Gateway,436693822,residential,Unnamed,1,no,,,no,no,2,59.55,1379.22,STATIC_ROAD_NETWORK
3409438,"Katraj Dairy, Pune - MPCB",18.4545,73.8542,Southern Highway Chokepoint / Ghat Gateway,436693824,residential,Unnamed,1,no,,,no,no,2,59.17,1369.89,STATIC_ROAD_NETWORK
3409438,"Katraj Dairy, Pune - MPCB",18.4545,73.8542,Southern Highway Chokepoint / Ghat Gateway,436693825,residential,Unnamed,1,no,,,no,no,3,84.43,1253.22,STATIC_ROAD_NETWORK
3409438,"Katraj Dairy, Pune - MPCB",18.4545,73.8542,Southern Highway Chokepoint / Ghat Gateway,436693827,residential,Unnamed,1,no,,,no,no,2,66.78,1269.85,STATIC_ROAD_NETWORK
3409438,"Katraj Dairy, Pune - MPCB",18.4545,73.8542,Southern Highway Chokepoint / Ghat Gateway,436695753,residential,Unnamed,1,no,,,no,no,3,66.76,461.1,STATIC_ROAD_NETWORK
3409438,"Katraj Dairy, Pune - MPCB",18.4545,73.8542,Southern Highway Chokepoint / Ghat Gateway,436695754,residential,Unnamed,1,no,,,no,no,2,63.8,436.52,STATIC_ROAD_NETWORK
3409438,"Katraj Dairy, Pune - MPCB",18.4545,73.8542,Southern Highway Chokepoint / Ghat Gateway,436695755,residential,Unnamed,1,no,,,no,no,26,577.18,477.1,STATIC_ROAD_NETWORK
3409438,"Katraj Dairy, Pune - MPCB",18.4545,73.8542,Southern Highway Chokepoint / Ghat Gateway,436695756,residential,Unnamed,1,no,,,no,no,4,133.09,1162.91,STATIC_ROAD_NETWORK
3409438,"Katraj Dairy, Pune - MPCB",18.4545,73.8542,Southern Highway Chokepoint / Ghat Gateway,436695757,residential,Unnamed,1,no,,,no,no,6,186.15,1193.7,STATIC_ROAD_NETWORK
3409438,"Katraj Dairy, Pune - MPCB",18.4545,73.8542,Southern Highway Chokepoint / Ghat Gateway,436695758,residential,Unnamed,1,no,,,no,no,5,104.3,1230.45,STATIC_ROAD_NETWORK
3409438,"Katraj Dairy, Pune - MPCB",18.4545,73.8542,Southern Highway Chokepoint / Ghat Gateway,436695759,residential,Unnamed,1,no,,,no,no,3,74.65,1210.79,STATIC_ROAD_NETWORK
3409438,"Katraj Dairy, Pune - MPCB",18.4545,73.8542,Southern Highway Chokepoint / Ghat Gateway,436695760,residential,Unnamed,1,no,,,no,no,2,76.28,1280.27,STATIC_ROAD_NETWORK
3409438,"Katraj Dairy, Pune - MPCB",18.4545,73.8542,Southern Highway Chokepoint / Ghat Gateway,436695761,residential,Unnamed,1,no,,,no,no,8,252.97,1275.74,STATIC_ROAD_NETWORK
3409438,"Katraj Dairy, Pune - MPCB",18.4545,73.8542,Southern Highway Chokepoint / Ghat Gateway,436695762,residential,Unnamed,1,no,,,no,no,2,86.98,1279.12,STATIC_ROAD_NETWORK
3409438,"Katraj Dairy, Pune - MPCB",18.4545,73.8542,Southern Highway Chokepoint / Ghat Gateway,436695763,residential,Unnamed,1,no,,,no,no,5,96.21,1286.52,STATIC_ROAD_NETWORK
3409438,"Katraj Dairy, Pune - MPCB",18.4545,73.8542,Southern Highway Chokepoint / Ghat Gateway,436695764,residential,Unnamed,1,no,,,no,no,3,113.08,1202.72,STATIC_ROAD_NETWORK
3409438,"Katraj Dairy, Pune - MPCB",18.4545,73.8542,Southern Highway Chokepoint / Ghat Gateway,436695765,residential,Unnamed,1,no,,,no,no,2,36.68,1155.41,STATIC_ROAD_NETWORK
3409438,"Katraj Dairy, Pune - MPCB",18.4545,73.8542,Southern Highway Chokepoint / Ghat Gateway,436695766,residential,Unnamed,1,no,,,no,no,10,147.58,1202.72,STATIC_ROAD_NETWORK
3409438,"Katraj Dairy, Pune - MPCB",18.4545,73.8542,Southern Highway Chokepoint / Ghat Gateway,436695767,residential,Unnamed,1,no,,,no,no,5,137.06,1156.66,STATIC_ROAD_NETWORK
3409438,"Katraj Dairy, Pune - MPCB",18.4545,73.8542,Southern Highway Chokepoint / Ghat Gateway,436695768,residential,Unnamed,1,no,,,no,no,5,94.74,1163.53,STATIC_ROAD_NETWORK
3409438,"Katraj Dairy, Pune - MPCB",18.4545,73.8542,Southern Highway Chokepoint / Ghat Gateway,436695769,residential,Unnamed,1,no,,,no,no,7,236.13,1218.64,STATIC_ROAD_NETWORK
3409438,"Katraj Dairy, Pune - MPCB",18.4545,73.8542,Southern Highway Chokepoint / Ghat Gateway,436695770,residential,Unnamed,1,no,,,no,no,8,202.77,1246.85,STATIC_ROAD_NETWORK
3409438,"Katraj Dairy, Pune - MPCB",18.4545,73.8542,Southern Highway Chokepoint / Ghat Gateway,436695771,residential,Unnamed,1,no,,,no,no,7,117.39,1279.55,STATIC_ROAD_NETWORK
3409438,"Katraj Dairy, Pune - MPCB",18.4545,73.8542,Southern Highway Chokepoint / Ghat Gateway,436695772,residential,Unnamed,1,no,,,no,no,4,124.49,1285.68,STATIC_ROAD_NETWORK
3409438,"Katraj Dairy, Pune - MPCB",18.4545,73.8542,Southern Highway Chokepoint / Ghat Gateway,436695773,residential,Unnamed,1,no,,,no,no,3,82.56,1426.07,STATIC_ROAD_NETWORK
3409438,"Katraj Dairy, Pune - MPCB",18.4545,73.8542,Southern Highway Chokepoint / Ghat Gateway,436695774,residential,Unnamed,1,no,,,no,no,2,72.67,1444.15,STATIC_ROAD_NETWORK
3409438,"Katraj Dairy, Pune - MPCB",18.4545,73.8542,Southern Highway Chokepoint / Ghat Gateway,436695775,residential,Unnamed,1,no,,,no,no,2,42.0,1461.86,STATIC_ROAD_NETWORK
3409438,"Katraj Dairy, Pune - MPCB",18.4545,73.8542,Southern Highway Chokepoint / Ghat Gateway,436695776,residential,Unnamed,1,no,,,no,no,2,27.96,1481.0,STATIC_ROAD_NETWORK
3409438,"Katraj Dairy, Pune - MPCB",18.4545,73.8542,Southern Highway Chokepoint / Ghat Gateway,476897726,residential,Unnamed,1,no,,,no,no,3,47.04,1128.89,STATIC_ROAD_NETWORK
3409438,"Katraj Dairy, Pune - MPCB",18.4545,73.8542,Southern Highway Chokepoint / Ghat Gateway,476904549,residential,Unnamed,1,no,,,no,no,3,103.27,1458.89,STATIC_ROAD_NETWORK
3409438,"Katraj Dairy, Pune - MPCB",18.4545,73.8542,Southern Highway Chokepoint / Ghat Gateway,476904550,residential,Unnamed,1,no,,,no,no,2,25.8,1297.92,STATIC_ROAD_NETWORK
3409438,"Katraj Dairy, Pune - MPCB",18.4545,73.8542,Southern Highway Chokepoint / Ghat Gateway,476920969,residential,Unnamed,1,no,,,no,no,4,207.36,202.33,STATIC_ROAD_NETWORK
3409438,"Katraj Dairy, Pune - MPCB",18.4545,73.8542,Southern Highway Chokepoint / Ghat Gateway,476921005,residential,Unnamed,1,no,,,no,no,6,141.66,1156.34,STATIC_ROAD_NETWORK
3409438,"Katraj Dairy, Pune - MPCB",18.4545,73.8542,Southern Highway Chokepoint / Ghat Gateway,476921006,residential,Unnamed,1,no,,,no,no,2,42.9,1207.95,STATIC_ROAD_NETWORK
3409438,"Katraj Dairy, Pune - MPCB",18.4545,73.8542,Southern Highway Chokepoint / Ghat Gateway,476921007,residential,Unnamed,1,no,,,no,no,2,65.21,1187.16,STATIC_ROAD_NETWORK
3409438,"Katraj Dairy, Pune - MPCB",18.4545,73.8542,Southern Highway Chokepoint / Ghat Gateway,476921008,residential,Unnamed,1,no,,,no,no,2,43.79,1085.45,STATIC_ROAD_NETWORK
3409438,"Katraj Dairy, Pune - MPCB",18.4545,73.8542,Southern Highway Chokepoint / Ghat Gateway,476921009,residential,Unnamed,1,no,,,no,no,2,40.96,1053.79,STATIC_ROAD_NETWORK
3409438,"Katraj Dairy, Pune - MPCB",18.4545,73.8542,Southern Highway Chokepoint / Ghat Gateway,476921010,residential,Unnamed,1,no,,,no,no,2,37.77,1021.47,STATIC_ROAD_NETWORK
3409438,"Katraj Dairy, Pune - MPCB",18.4545,73.8542,Southern Highway Chokepoint / Ghat Gateway,476921011,residential,Unnamed,1,no,,,no,no,2,64.1,961.32,STATIC_ROAD_NETWORK
3409438,"Katraj Dairy, Pune - MPCB",18.4545,73.8542,Southern Highway Chokepoint / Ghat Gateway,477632294,residential,Unnamed,1,no,,,no,no,4,120.13,1465.71,STATIC_ROAD_NETWORK
3409438,"Katraj Dairy, Pune - MPCB",18.4545,73.8542,Southern Highway Chokepoint / Ghat Gateway,477632295,residential,Unnamed,1,no,,,no,no,2,85.74,1405.44,STATIC_ROAD_NETWORK
3409438,"Katraj Dairy, Pune - MPCB",18.4545,73.8542,Southern Highway Chokepoint / Ghat Gateway,541912466,residential,Unnamed,1,no,,,no,no,4,57.83,1308.2,STATIC_ROAD_NETWORK
3409438,"Katraj Dairy, Pune - MPCB",18.4545,73.8542,Southern Highway Chokepoint / Ghat Gateway,541912467,residential,Unnamed,1,no,,,no,no,6,100.95,1445.92,STATIC_ROAD_NETWORK
3409438,"Katraj Dairy, Pune - MPCB",18.4545,73.8542,Southern Highway Chokepoint / Ghat Gateway,562694551,residential,Unnamed,1,no,,,no,no,5,205.81,1168.94,STATIC_ROAD_NETWORK
3409438,"Katraj Dairy, Pune - MPCB",18.4545,73.8542,Southern Highway Chokepoint / Ghat Gateway,562694552,residential,Unnamed,1,no,,,no,no,13,144.53,1370.34,STATIC_ROAD_NETWORK
3409438,"Katraj Dairy, Pune - MPCB",18.4545,73.8542,Southern Highway Chokepoint / Ghat Gateway,562694553,residential,Unnamed,1,no,,,no,no,8,187.39,1250.48,STATIC_ROAD_NETWORK
3409438,"Katraj Dairy, Pune - MPCB",18.4545,73.8542,Southern Highway Chokepoint / Ghat Gateway,666592420,residential,Unnamed,1,no,,,no,no,4,49.62,1255.31,STATIC_ROAD_NETWORK
3409438,"Katraj Dairy, Pune - MPCB",18.4545,73.8542,Southern Highway Chokepoint / Ghat Gateway,668787925,residential,Unnamed,1,no,,,no,no,4,183.67,1491.21,STATIC_ROAD_NETWORK
3409438,"Katraj Dairy, Pune - MPCB",18.4545,73.8542,Southern Highway Chokepoint / Ghat Gateway,668790060,residential,Unnamed,1,no,,,no,no,4,101.62,1127.31,STATIC_ROAD_NETWORK
3409438,"Katraj Dairy, Pune - MPCB",18.4545,73.8542,Southern Highway Chokepoint / Ghat Gateway,668790802,residential,Unnamed,1,no,,,no,no,18,408.92,1111.17,STATIC_ROAD_NETWORK
3409438,"Katraj Dairy, Pune - MPCB",18.4545,73.8542,Southern Highway Chokepoint / Ghat Gateway,668803435,residential,Unnamed,1,no,,,no,no,2,21.71,1415.82,STATIC_ROAD_NETWORK
3409438,"Katraj Dairy, Pune - MPCB",18.4545,73.8542,Southern Highway Chokepoint / Ghat Gateway,668806327,residential,Unnamed,1,no,,,no,no,8,139.97,1417.7,STATIC_ROAD_NETWORK
3409438,"Katraj Dairy, Pune - MPCB",18.4545,73.8542,Southern Highway Chokepoint / Ghat Gateway,668833688,residential,Unnamed,1,no,,,no,no,4,143.52,942.56,STATIC_ROAD_NETWORK
3409438,"Katraj Dairy, Pune - MPCB",18.4545,73.8542,Southern Highway Chokepoint / Ghat Gateway,669031293,residential,Unnamed,1,no,,,no,no,22,256.45,1344.55,STATIC_ROAD_NETWORK
3409438,"Katraj Dairy, Pune - MPCB",18.4545,73.8542,Southern Highway Chokepoint / Ghat Gateway,669049215,residential,Unnamed,1,no,,,no,no,9,150.98,618.6,STATIC_ROAD_NETWORK
3409438,"Katraj Dairy, Pune - MPCB",18.4545,73.8542,Southern Highway Chokepoint / Ghat Gateway,669049234,residential,Unnamed,1,no,,,no,no,6,224.56,1052.68,STATIC_ROAD_NETWORK
3409438,"Katraj Dairy, Pune - MPCB",18.4545,73.8542,Southern Highway Chokepoint / Ghat Gateway,669050880,residential,Unnamed,1,no,,,no,no,3,122.71,977.32,STATIC_ROAD_NETWORK
3409438,"Katraj Dairy, Pune - MPCB",18.4545,73.8542,Southern Highway Chokepoint / Ghat Gateway,669059267,residential,Unnamed,1,no,,,no,no,2,35.59,699.63,STATIC_ROAD_NETWORK
3409438,"Katraj Dairy, Pune - MPCB",18.4545,73.8542,Southern Highway Chokepoint / Ghat Gateway,669061290,residential,Unnamed,1,no,,,no,no,3,73.51,1171.36,STATIC_ROAD_NETWORK
3409438,"Katraj Dairy, Pune - MPCB",18.4545,73.8542,Southern Highway Chokepoint / Ghat Gateway,669612435,residential,Unnamed,1,no,,,no,no,3,152.37,1361.51,STATIC_ROAD_NETWORK
3409438,"Katraj Dairy, Pune - MPCB",18.4545,73.8542,Southern Highway Chokepoint / Ghat Gateway,669612436,residential,Unnamed,1,no,,,no,no,2,74.81,1408.77,STATIC_ROAD_NETWORK
3409438,"Katraj Dairy, Pune - MPCB",18.4545,73.8542,Southern Highway Chokepoint / Ghat Gateway,673088819,residential,Unnamed,1,no,,,no,no,7,115.98,993.51,STATIC_ROAD_NETWORK
3409438,"Katraj Dairy, Pune - MPCB",18.4545,73.8542,Southern Highway Chokepoint / Ghat Gateway,673239905,residential,Unnamed,1,no,,,no,no,5,88.23,1046.02,STATIC_ROAD_NETWORK
3409438,"Katraj Dairy, Pune - MPCB",18.4545,73.8542,Southern Highway Chokepoint / Ghat Gateway,673239906,residential,Unnamed,1,no,,,no,no,5,175.72,1032.45,STATIC_ROAD_NETWORK
3409438,"Katraj Dairy, Pune - MPCB",18.4545,73.8542,Southern Highway Chokepoint / Ghat Gateway,673239907,residential,Unnamed,1,no,,,no,no,18,276.86,1092.79,STATIC_ROAD_NETWORK
3409438,"Katraj Dairy, Pune - MPCB",18.4545,73.8542,Southern Highway Chokepoint / Ghat Gateway,673243595,residential,Unnamed,1,no,,,no,no,8,211.72,1345.02,STATIC_ROAD_NETWORK
3409438,"Katraj Dairy, Pune - MPCB",18.4545,73.8542,Southern Highway Chokepoint / Ghat Gateway,750643162,residential,Unnamed,1,no,,,no,no,12,332.52,987.48,STATIC_ROAD_NETWORK
3409438,"Katraj Dairy, Pune - MPCB",18.4545,73.8542,Southern Highway Chokepoint / Ghat Gateway,750643163,residential,Unnamed,1,no,,,no,no,9,127.88,1158.81,STATIC_ROAD_NETWORK
3409438,"Katraj Dairy, Pune - MPCB",18.4545,73.8542,Southern Highway Chokepoint / Ghat Gateway,750650505,residential,Katraj Dairy Service Road,1,no,,,no,no,2,9.22,542.28,STATIC_ROAD_NETWORK
3409438,"Katraj Dairy, Pune - MPCB",18.4545,73.8542,Southern Highway Chokepoint / Ghat Gateway,756114462,residential,Unnamed,1,no,,,no,no,2,98.17,1074.28,STATIC_ROAD_NETWORK
3409438,"Katraj Dairy, Pune - MPCB",18.4545,73.8542,Southern Highway Chokepoint / Ghat Gateway,756114463,residential,Unnamed,1,no,,,no,no,18,232.24,1047.32,STATIC_ROAD_NETWORK
3409438,"Katraj Dairy, Pune - MPCB",18.4545,73.8542,Southern Highway Chokepoint / Ghat Gateway,756403420,residential,Unnamed,1,no,,,no,no,2,25.02,518.57,STATIC_ROAD_NETWORK
3409438,"Katraj Dairy, Pune - MPCB",18.4545,73.8542,Southern Highway Chokepoint / Ghat Gateway,756403421,residential,Unnamed,1,no,,,no,no,3,156.07,490.13,STATIC_ROAD_NETWORK
3409438,"Katraj Dairy, Pune - MPCB",18.4545,73.8542,Southern Highway Chokepoint / Ghat Gateway,756781433,trunk,Satara Road,1,yes,40,,no,no,4,34.78,753.24,STATIC_ROAD_NETWORK
3409438,"Katraj Dairy, Pune - MPCB",18.4545,73.8542,Southern Highway Chokepoint / Ghat Gateway,756822567,residential,Unnamed,1,no,,,no,no,6,61.44,509.71,STATIC_ROAD_NETWORK
3409438,"Katraj Dairy, Pune - MPCB",18.4545,73.8542,Southern Highway Chokepoint / Ghat Gateway,756874191,residential,Unnamed,1,no,,,no,no,2,28.95,1016.36,STATIC_ROAD_NETWORK
3409438,"Katraj Dairy, Pune - MPCB",18.4545,73.8542,Southern Highway Chokepoint / Ghat Gateway,756874192,residential,Unnamed,1,no,,,no,no,3,50.08,1026.32,STATIC_ROAD_NETWORK
3409438,"Katraj Dairy, Pune - MPCB",18.4545,73.8542,Southern Highway Chokepoint / Ghat Gateway,756874193,residential,Unnamed,1,no,,,no,no,2,35.7,1039.04,STATIC_ROAD_NETWORK
3409438,"Katraj Dairy, Pune - MPCB",18.4545,73.8542,Southern Highway Chokepoint / Ghat Gateway,756881065,residential,Unnamed,1,no,,,no,no,5,214.08,1035.79,STATIC_ROAD_NETWORK
3409438,"Katraj Dairy, Pune - MPCB",18.4545,73.8542,Southern Highway Chokepoint / Ghat Gateway,759790623,residential,Unnamed,1,no,,,no,no,2,52.53,707.14,STATIC_ROAD_NETWORK
3409438,"Katraj Dairy, Pune - MPCB",18.4545,73.8542,Southern Highway Chokepoint / Ghat Gateway,762142759,residential,Unnamed,1,no,,,no,no,3,59.09,1031.42,STATIC_ROAD_NETWORK
3409438,"Katraj Dairy, Pune - MPCB",18.4545,73.8542,Southern Highway Chokepoint / Ghat Gateway,762142760,residential,Unnamed,1,no,,,no,no,8,128.38,1015.08,STATIC_ROAD_NETWORK
3409438,"Katraj Dairy, Pune - MPCB",18.4545,73.8542,Southern Highway Chokepoint / Ghat Gateway,762144339,residential,Unnamed,1,no,,,no,no,2,77.09,1363.05,STATIC_ROAD_NETWORK
3409438,"Katraj Dairy, Pune - MPCB",18.4545,73.8542,Southern Highway Chokepoint / Ghat Gateway,763019857,residential,Unnamed,1,no,,,no,no,5,118.91,238.19,STATIC_ROAD_NETWORK
3409438,"Katraj Dairy, Pune - MPCB",18.4545,73.8542,Southern Highway Chokepoint / Ghat Gateway,766225357,residential,Unnamed,1,no,,,no,no,7,232.64,1434.33,STATIC_ROAD_NETWORK
3409438,"Katraj Dairy, Pune - MPCB",18.4545,73.8542,Southern Highway Chokepoint / Ghat Gateway,766846219,residential,Unnamed,1,no,,,no,no,6,135.18,880.45,STATIC_ROAD_NETWORK
3409438,"Katraj Dairy, Pune - MPCB",18.4545,73.8542,Southern Highway Chokepoint / Ghat Gateway,773104854,residential,Unnamed,1,no,,,no,no,2,135.09,1397.83,STATIC_ROAD_NETWORK
3409438,"Katraj Dairy, Pune - MPCB",18.4545,73.8542,Southern Highway Chokepoint / Ghat Gateway,773104855,residential,Unnamed,1,no,,,no,no,3,69.27,1242.58,STATIC_ROAD_NETWORK
3409438,"Katraj Dairy, Pune - MPCB",18.4545,73.8542,Southern Highway Chokepoint / Ghat Gateway,773104856,residential,Unnamed,1,no,,,no,no,5,29.58,1302.69,STATIC_ROAD_NETWORK
3409438,"Katraj Dairy, Pune - MPCB",18.4545,73.8542,Southern Highway Chokepoint / Ghat Gateway,773104860,residential,Unnamed,1,no,,,no,no,2,51.81,1266.92,STATIC_ROAD_NETWORK
3409438,"Katraj Dairy, Pune - MPCB",18.4545,73.8542,Southern Highway Chokepoint / Ghat Gateway,773104861,residential,Unnamed,1,no,,,no,no,5,73.02,1417.7,STATIC_ROAD_NETWORK
3409438,"Katraj Dairy, Pune - MPCB",18.4545,73.8542,Southern Highway Chokepoint / Ghat Gateway,773104875,residential,Unnamed,1,no,,,no,no,2,103.39,1175.4,STATIC_ROAD_NETWORK
3409438,"Katraj Dairy, Pune - MPCB",18.4545,73.8542,Southern Highway Chokepoint / Ghat Gateway,773104876,residential,Unnamed,1,no,,,no,no,2,26.89,1297.69,STATIC_ROAD_NETWORK
3409438,"Katraj Dairy, Pune - MPCB",18.4545,73.8542,Southern Highway Chokepoint / Ghat Gateway,773115945,residential,Unnamed,1,no,,,no,no,2,85.37,1346.7,STATIC_ROAD_NETWORK
3409438,"Katraj Dairy, Pune - MPCB",18.4545,73.8542,Southern Highway Chokepoint / Ghat Gateway,856184003,residential,Unnamed,1,no,,,no,no,2,67.57,1097.49,STATIC_ROAD_NETWORK
3409438,"Katraj Dairy, Pune - MPCB",18.4545,73.8542,Southern Highway Chokepoint / Ghat Gateway,856184461,residential,Unnamed,1,no,,,no,no,3,102.85,1117.09,STATIC_ROAD_NETWORK
3409438,"Katraj Dairy, Pune - MPCB",18.4545,73.8542,Southern Highway Chokepoint / Ghat Gateway,856187346,residential,Unnamed,1,no,,,no,no,2,59.82,1101.43,STATIC_ROAD_NETWORK
3409438,"Katraj Dairy, Pune - MPCB",18.4545,73.8542,Southern Highway Chokepoint / Ghat Gateway,856187347,residential,Unnamed,1,no,,,no,no,3,105.21,1310.01,STATIC_ROAD_NETWORK
3409438,"Katraj Dairy, Pune - MPCB",18.4545,73.8542,Southern Highway Chokepoint / Ghat Gateway,856187348,residential,Lane Number 7,1,no,,,no,no,2,39.06,1272.32,STATIC_ROAD_NETWORK
3409438,"Katraj Dairy, Pune - MPCB",18.4545,73.8542,Southern Highway Chokepoint / Ghat Gateway,856599191,residential,Unnamed,1,no,,,no,no,2,9.68,1497.57,STATIC_ROAD_NETWORK
3409438,"Katraj Dairy, Pune - MPCB",18.4545,73.8542,Southern Highway Chokepoint / Ghat Gateway,856599194,residential,Unnamed,1,no,,,no,no,3,66.31,1449.05,STATIC_ROAD_NETWORK
3409438,"Katraj Dairy, Pune - MPCB",18.4545,73.8542,Southern Highway Chokepoint / Ghat Gateway,856599195,residential,Unnamed,1,no,,,no,no,3,144.8,1455.3,STATIC_ROAD_NETWORK
3409438,"Katraj Dairy, Pune - MPCB",18.4545,73.8542,Southern Highway Chokepoint / Ghat Gateway,858509258,residential,Unnamed,1,no,,,no,no,2,46.36,1490.57,STATIC_ROAD_NETWORK
3409438,"Katraj Dairy, Pune - MPCB",18.4545,73.8542,Southern Highway Chokepoint / Ghat Gateway,858509269,residential,Unnamed,1,no,30,,no,no,5,66.52,1388.99,STATIC_ROAD_NETWORK
3409438,"Katraj Dairy, Pune - MPCB",18.4545,73.8542,Southern Highway Chokepoint / Ghat Gateway,858509270,residential,Unnamed,1,no,,,no,no,2,51.3,1388.99,STATIC_ROAD_NETWORK
3409438,"Katraj Dairy, Pune - MPCB",18.4545,73.8542,Southern Highway Chokepoint / Ghat Gateway,858509271,residential,Unnamed,1,no,,,no,no,4,144.81,1461.95,STATIC_ROAD_NETWORK
3409438,"Katraj Dairy, Pune - MPCB",18.4545,73.8542,Southern Highway Chokepoint / Ghat Gateway,858853038,residential,Unnamed,1,no,,,no,no,2,76.69,1356.43,STATIC_ROAD_NETWORK
3409438,"Katraj Dairy, Pune - MPCB",18.4545,73.8542,Southern Highway Chokepoint / Ghat Gateway,858853039,residential,Unnamed,1,no,,,no,no,2,95.37,1365.95,STATIC_ROAD_NETWORK
3409438,"Katraj Dairy, Pune - MPCB",18.4545,73.8542,Southern Highway Chokepoint / Ghat Gateway,858853040,residential,Unnamed,1,no,,,no,no,6,80.42,1389.97,STATIC_ROAD_NETWORK
3409438,"Katraj Dairy, Pune - MPCB",18.4545,73.8542,Southern Highway Chokepoint / Ghat Gateway,858853041,residential,Unnamed,1,no,,,no,no,6,150.38,1380.58,STATIC_ROAD_NETWORK
3409438,"Katraj Dairy, Pune - MPCB",18.4545,73.8542,Southern Highway Chokepoint / Ghat Gateway,858859703,residential,Unnamed,1,no,,,no,no,8,174.42,1486.29,STATIC_ROAD_NETWORK
3409438,"Katraj Dairy, Pune - MPCB",18.4545,73.8542,Southern Highway Chokepoint / Ghat Gateway,858859704,residential,Unnamed,1,no,,,no,no,3,183.82,1488.7,STATIC_ROAD_NETWORK
3409438,"Katraj Dairy, Pune - MPCB",18.4545,73.8542,Southern Highway Chokepoint / Ghat Gateway,858859706,residential,Unnamed,1,no,,,no,no,6,91.11,1315.58,STATIC_ROAD_NETWORK
3409438,"Katraj Dairy, Pune - MPCB",18.4545,73.8542,Southern Highway Chokepoint / Ghat Gateway,858859707,residential,Unnamed,1,no,,,no,no,11,132.2,1289.31,STATIC_ROAD_NETWORK
3409438,"Katraj Dairy, Pune - MPCB",18.4545,73.8542,Southern Highway Chokepoint / Ghat Gateway,858859708,residential,Sacchai Mata Mandir Road,1,no,,,no,no,14,373.28,1315.58,STATIC_ROAD_NETWORK
3409438,"Katraj Dairy, Pune - MPCB",18.4545,73.8542,Southern Highway Chokepoint / Ghat Gateway,858859709,residential,Unnamed,1,no,,,no,no,3,97.76,1340.7,STATIC_ROAD_NETWORK
3409438,"Katraj Dairy, Pune - MPCB",18.4545,73.8542,Southern Highway Chokepoint / Ghat Gateway,858859710,residential,Unnamed,1,no,,,no,no,7,175.33,1080.54,STATIC_ROAD_NETWORK
3409438,"Katraj Dairy, Pune - MPCB",18.4545,73.8542,Southern Highway Chokepoint / Ghat Gateway,858859711,residential,Unnamed,1,no,,,no,no,10,127.55,1235.27,STATIC_ROAD_NETWORK
3409438,"Katraj Dairy, Pune - MPCB",18.4545,73.8542,Southern Highway Chokepoint / Ghat Gateway,858859712,residential,Unnamed,1,no,,,no,no,13,229.53,1022.77,STATIC_ROAD_NETWORK
3409438,"Katraj Dairy, Pune - MPCB",18.4545,73.8542,Southern Highway Chokepoint / Ghat Gateway,858859713,residential,Unnamed,1,no,,,no,no,3,185.4,778.41,STATIC_ROAD_NETWORK
3409438,"Katraj Dairy, Pune - MPCB",18.4545,73.8542,Southern Highway Chokepoint / Ghat Gateway,858859714,residential,Unnamed,1,no,,,no,no,6,226.86,862.45,STATIC_ROAD_NETWORK
3409438,"Katraj Dairy, Pune - MPCB",18.4545,73.8542,Southern Highway Chokepoint / Ghat Gateway,858859715,residential,Unnamed,1,no,,,no,no,2,94.63,123.98,STATIC_ROAD_NETWORK
3409438,"Katraj Dairy, Pune - MPCB",18.4545,73.8542,Southern Highway Chokepoint / Ghat Gateway,858859716,residential,Unnamed,1,no,,,no,no,2,212.04,188.98,STATIC_ROAD_NETWORK
3409438,"Katraj Dairy, Pune - MPCB",18.4545,73.8542,Southern Highway Chokepoint / Ghat Gateway,858859717,residential,Unnamed,1,no,,,no,no,5,137.74,276.62,STATIC_ROAD_NETWORK
3409438,"Katraj Dairy, Pune - MPCB",18.4545,73.8542,Southern Highway Chokepoint / Ghat Gateway,858863080,trunk,Unnamed,1,yes,50,,no,no,12,222.69,1026.94,STATIC_ROAD_NETWORK
3409438,"Katraj Dairy, Pune - MPCB",18.4545,73.8542,Southern Highway Chokepoint / Ghat Gateway,858863081,trunk,Satara Road,1,yes,50,,no,no,13,228.58,1026.4,STATIC_ROAD_NETWORK
3409438,"Katraj Dairy, Pune - MPCB",18.4545,73.8542,Southern Highway Chokepoint / Ghat Gateway,858871862,residential,Unnamed,1,no,,,no,no,8,220.07,1153.91,STATIC_ROAD_NETWORK
3409438,"Katraj Dairy, Pune - MPCB",18.4545,73.8542,Southern Highway Chokepoint / Ghat Gateway,858871863,residential,Unnamed,1,no,,,no,no,2,45.58,1017.55,STATIC_ROAD_NETWORK
3409438,"Katraj Dairy, Pune - MPCB",18.4545,73.8542,Southern Highway Chokepoint / Ghat Gateway,858871864,residential,Unnamed,1,no,,,no,no,3,59.97,1106.02,STATIC_ROAD_NETWORK
3409438,"Katraj Dairy, Pune - MPCB",18.4545,73.8542,Southern Highway Chokepoint / Ghat Gateway,858871865,residential,Unnamed,1,no,,,no,no,3,105.66,1078.25,STATIC_ROAD_NETWORK
3409438,"Katraj Dairy, Pune - MPCB",18.4545,73.8542,Southern Highway Chokepoint / Ghat Gateway,858882595,residential,Unnamed,1,no,,,no,no,23,355.38,1202.96,STATIC_ROAD_NETWORK
3409438,"Katraj Dairy, Pune - MPCB",18.4545,73.8542,Southern Highway Chokepoint / Ghat Gateway,858882596,residential,Unnamed,1,no,,,no,no,10,188.58,1015.51,STATIC_ROAD_NETWORK
3409438,"Katraj Dairy, Pune - MPCB",18.4545,73.8542,Southern Highway Chokepoint / Ghat Gateway,858882597,residential,Unnamed,1,no,,,no,no,2,34.8,1067.3,STATIC_ROAD_NETWORK
3409438,"Katraj Dairy, Pune - MPCB",18.4545,73.8542,Southern Highway Chokepoint / Ghat Gateway,858882598,residential,Unnamed,1,no,,,no,no,9,216.24,1018.92,STATIC_ROAD_NETWORK
3409438,"Katraj Dairy, Pune - MPCB",18.4545,73.8542,Southern Highway Chokepoint / Ghat Gateway,858882599,residential,Unnamed,1,no,,,no,no,9,282.83,987.99,STATIC_ROAD_NETWORK
3409438,"Katraj Dairy, Pune - MPCB",18.4545,73.8542,Southern Highway Chokepoint / Ghat Gateway,858882600,residential,Unnamed,1,no,,,no,no,2,124.15,968.45,STATIC_ROAD_NETWORK
3409438,"Katraj Dairy, Pune - MPCB",18.4545,73.8542,Southern Highway Chokepoint / Ghat Gateway,858885913,residential,Unnamed,1,no,,,no,no,24,322.25,743.44,STATIC_ROAD_NETWORK
3409438,"Katraj Dairy, Pune - MPCB",18.4545,73.8542,Southern Highway Chokepoint / Ghat Gateway,858885914,residential,Unnamed,1,no,,,no,no,17,176.46,704.69,STATIC_ROAD_NETWORK
3409438,"Katraj Dairy, Pune - MPCB",18.4545,73.8542,Southern Highway Chokepoint / Ghat Gateway,858885915,residential,Unnamed,1,no,,,no,no,10,133.68,775.12,STATIC_ROAD_NETWORK
3409438,"Katraj Dairy, Pune - MPCB",18.4545,73.8542,Southern Highway Chokepoint / Ghat Gateway,858885916,residential,Unnamed,1,no,,,no,no,14,144.89,780.24,STATIC_ROAD_NETWORK
3409438,"Katraj Dairy, Pune - MPCB",18.4545,73.8542,Southern Highway Chokepoint / Ghat Gateway,858885917,residential,Unnamed,1,no,,,no,no,4,44.39,768.91,STATIC_ROAD_NETWORK
3409438,"Katraj Dairy, Pune - MPCB",18.4545,73.8542,Southern Highway Chokepoint / Ghat Gateway,858885918,residential,Unnamed,1,no,,,no,no,2,35.78,422.48,STATIC_ROAD_NETWORK
3409438,"Katraj Dairy, Pune - MPCB",18.4545,73.8542,Southern Highway Chokepoint / Ghat Gateway,858896467,tertiary,Khashaba Jadhav Path | Lane Number 6,1,yes,,,no,no,20,521.79,18.91,STATIC_ROAD_NETWORK
3409438,"Katraj Dairy, Pune - MPCB",18.4545,73.8542,Southern Highway Chokepoint / Ghat Gateway,858903735,residential,Unnamed,1,no,,,no,no,2,47.19,1201.36,STATIC_ROAD_NETWORK
3409438,"Katraj Dairy, Pune - MPCB",18.4545,73.8542,Southern Highway Chokepoint / Ghat Gateway,858903736,residential,Lane Numer 2,1,no,,,no,no,2,75.0,621.28,STATIC_ROAD_NETWORK
3409438,"Katraj Dairy, Pune - MPCB",18.4545,73.8542,Southern Highway Chokepoint / Ghat Gateway,858903737,residential,Unnamed,1,no,,,no,no,4,83.62,781.5,STATIC_ROAD_NETWORK
3409438,"Katraj Dairy, Pune - MPCB",18.4545,73.8542,Southern Highway Chokepoint / Ghat Gateway,858903738,residential,Unnamed,1,no,,,no,no,12,117.76,798.17,STATIC_ROAD_NETWORK
3409438,"Katraj Dairy, Pune - MPCB",18.4545,73.8542,Southern Highway Chokepoint / Ghat Gateway,858903739,residential,Unnamed,1,no,,,no,no,11,118.84,855.09,STATIC_ROAD_NETWORK
3409438,"Katraj Dairy, Pune - MPCB",18.4545,73.8542,Southern Highway Chokepoint / Ghat Gateway,858903740,residential,Lane Number 6,1,no,,,no,no,5,78.67,480.4,STATIC_ROAD_NETWORK
3409438,"Katraj Dairy, Pune - MPCB",18.4545,73.8542,Southern Highway Chokepoint / Ghat Gateway,858903741,residential,Unnamed,1,no,,,no,no,2,44.61,544.96,STATIC_ROAD_NETWORK
3409438,"Katraj Dairy, Pune - MPCB",18.4545,73.8542,Southern Highway Chokepoint / Ghat Gateway,859150025,residential,Unnamed,1,no,,,no,no,3,40.15,1417.33,STATIC_ROAD_NETWORK
3409438,"Katraj Dairy, Pune - MPCB",18.4545,73.8542,Southern Highway Chokepoint / Ghat Gateway,859150027,residential,Unnamed,1,no,,,no,no,2,58.75,1327.48,STATIC_ROAD_NETWORK
3409438,"Katraj Dairy, Pune - MPCB",18.4545,73.8542,Southern Highway Chokepoint / Ghat Gateway,859154052,residential,Unnamed,1,no,,,no,no,4,77.95,1179.22,STATIC_ROAD_NETWORK
3409438,"Katraj Dairy, Pune - MPCB",18.4545,73.8542,Southern Highway Chokepoint / Ghat Gateway,859154053,residential,Unnamed,1,no,,,no,no,2,38.83,948.44,STATIC_ROAD_NETWORK
3409438,"Katraj Dairy, Pune - MPCB",18.4545,73.8542,Southern Highway Chokepoint / Ghat Gateway,859154054,residential,Unnamed,1,no,,,no,no,6,83.73,948.44,STATIC_ROAD_NETWORK
3409438,"Katraj Dairy, Pune - MPCB",18.4545,73.8542,Southern Highway Chokepoint / Ghat Gateway,859161469,residential,Unnamed,1,no,,,no,no,3,48.03,658.2,STATIC_ROAD_NETWORK
3409438,"Katraj Dairy, Pune - MPCB",18.4545,73.8542,Southern Highway Chokepoint / Ghat Gateway,859161470,residential,Unnamed,1,no,,,no,no,2,33.45,625.59,STATIC_ROAD_NETWORK
3409438,"Katraj Dairy, Pune - MPCB",18.4545,73.8542,Southern Highway Chokepoint / Ghat Gateway,859161480,living_street,Unnamed,1,no,,,no,no,4,53.55,1319.54,STATIC_ROAD_NETWORK
3409438,"Katraj Dairy, Pune - MPCB",18.4545,73.8542,Southern Highway Chokepoint / Ghat Gateway,859161481,residential,Unnamed,1,no,,,no,no,4,105.22,1300.41,STATIC_ROAD_NETWORK
3409438,"Katraj Dairy, Pune - MPCB",18.4545,73.8542,Southern Highway Chokepoint / Ghat Gateway,859164818,residential,Unnamed,1,no,,,no,no,5,89.44,1281.73,STATIC_ROAD_NETWORK
3409438,"Katraj Dairy, Pune - MPCB",18.4545,73.8542,Southern Highway Chokepoint / Ghat Gateway,859164820,residential,Unnamed,1,no,,,no,no,5,52.43,1064.52,STATIC_ROAD_NETWORK
3409438,"Katraj Dairy, Pune - MPCB",18.4545,73.8542,Southern Highway Chokepoint / Ghat Gateway,859164821,residential,Unnamed,1,no,,,no,no,3,53.36,1021.48,STATIC_ROAD_NETWORK
3409438,"Katraj Dairy, Pune - MPCB",18.4545,73.8542,Southern Highway Chokepoint / Ghat Gateway,859164822,residential,Unnamed,1,no,,,no,no,3,79.52,1152.99,STATIC_ROAD_NETWORK
3409438,"Katraj Dairy, Pune - MPCB",18.4545,73.8542,Southern Highway Chokepoint / Ghat Gateway,859176228,residential,Unnamed,1,no,,,no,no,16,423.5,1474.83,STATIC_ROAD_NETWORK
3409438,"Katraj Dairy, Pune - MPCB",18.4545,73.8542,Southern Highway Chokepoint / Ghat Gateway,859176229,residential,Unnamed,1,no,,,no,no,2,113.96,1142.33,STATIC_ROAD_NETWORK
3409438,"Katraj Dairy, Pune - MPCB",18.4545,73.8542,Southern Highway Chokepoint / Ghat Gateway,859176230,residential,Unnamed,1,no,,,no,no,10,71.91,1151.79,STATIC_ROAD_NETWORK
3409438,"Katraj Dairy, Pune - MPCB",18.4545,73.8542,Southern Highway Chokepoint / Ghat Gateway,859182358,residential,Unnamed,1,no,,,no,no,5,47.34,1496.4,STATIC_ROAD_NETWORK
3409438,"Katraj Dairy, Pune - MPCB",18.4545,73.8542,Southern Highway Chokepoint / Ghat Gateway,859182359,residential,Unnamed,1,no,,,no,no,5,236.2,1304.69,STATIC_ROAD_NETWORK
3409438,"Katraj Dairy, Pune - MPCB",18.4545,73.8542,Southern Highway Chokepoint / Ghat Gateway,859182361,residential,Unnamed,1,no,,,no,no,2,34.14,1276.97,STATIC_ROAD_NETWORK
3409438,"Katraj Dairy, Pune - MPCB",18.4545,73.8542,Southern Highway Chokepoint / Ghat Gateway,859182362,residential,Unnamed,1,no,,,no,no,2,52.86,1228.0,STATIC_ROAD_NETWORK
3409438,"Katraj Dairy, Pune - MPCB",18.4545,73.8542,Southern Highway Chokepoint / Ghat Gateway,859182363,residential,Unnamed,1,no,,,no,no,2,58.01,1066.98,STATIC_ROAD_NETWORK
3409438,"Katraj Dairy, Pune - MPCB",18.4545,73.8542,Southern Highway Chokepoint / Ghat Gateway,859187394,residential,Unnamed,1,no,,,no,no,2,59.18,1218.7,STATIC_ROAD_NETWORK
3409438,"Katraj Dairy, Pune - MPCB",18.4545,73.8542,Southern Highway Chokepoint / Ghat Gateway,888608969,trunk,Katraj Kondhwa Road,2,yes,,,no,no,3,54.31,944.55,STATIC_ROAD_NETWORK
3409438,"Katraj Dairy, Pune - MPCB",18.4545,73.8542,Southern Highway Chokepoint / Ghat Gateway,888608970,trunk,Katraj Kondhwa Road,1,yes,,,no,no,5,51.17,935.61,STATIC_ROAD_NETWORK
3409438,"Katraj Dairy, Pune - MPCB",18.4545,73.8542,Southern Highway Chokepoint / Ghat Gateway,888608972,trunk,Katraj Flyover,1,yes,,,no,no,2,17.87,935.61,STATIC_ROAD_NETWORK
3409438,"Katraj Dairy, Pune - MPCB",18.4545,73.8542,Southern Highway Chokepoint / Ghat Gateway,907483478,residential,Unnamed,1,no,,,no,no,3,54.85,623.94,STATIC_ROAD_NETWORK
3409438,"Katraj Dairy, Pune - MPCB",18.4545,73.8542,Southern Highway Chokepoint / Ghat Gateway,907483482,residential,Unnamed,1,no,,,no,no,5,163.78,552.6,STATIC_ROAD_NETWORK
3409438,"Katraj Dairy, Pune - MPCB",18.4545,73.8542,Southern Highway Chokepoint / Ghat Gateway,907483483,residential,Katraj Dairy Service Road,1,no,,,no,no,14,332.14,448.04,STATIC_ROAD_NETWORK
3409438,"Katraj Dairy, Pune - MPCB",18.4545,73.8542,Southern Highway Chokepoint / Ghat Gateway,907483485,residential,Unnamed,1,no,,,no,no,2,11.34,681.59,STATIC_ROAD_NETWORK
3409438,"Katraj Dairy, Pune - MPCB",18.4545,73.8542,Southern Highway Chokepoint / Ghat Gateway,907483486,residential,Unnamed,1,yes,,,no,no,17,232.25,543.7,STATIC_ROAD_NETWORK
3409438,"Katraj Dairy, Pune - MPCB",18.4545,73.8542,Southern Highway Chokepoint / Ghat Gateway,907483488,residential,Unnamed,1,no,,,no,no,2,56.76,610.32,STATIC_ROAD_NETWORK
3409438,"Katraj Dairy, Pune - MPCB",18.4545,73.8542,Southern Highway Chokepoint / Ghat Gateway,907483489,residential,Unnamed,1,no,,,no,no,6,135.3,588.36,STATIC_ROAD_NETWORK
3409438,"Katraj Dairy, Pune - MPCB",18.4545,73.8542,Southern Highway Chokepoint / Ghat Gateway,907483490,residential,Unnamed,1,no,,,no,no,4,109.86,576.11,STATIC_ROAD_NETWORK
3409438,"Katraj Dairy, Pune - MPCB",18.4545,73.8542,Southern Highway Chokepoint / Ghat Gateway,908399690,residential,Unnamed,1,no,,,no,no,2,52.57,1232.22,STATIC_ROAD_NETWORK
3409438,"Katraj Dairy, Pune - MPCB",18.4545,73.8542,Southern Highway Chokepoint / Ghat Gateway,929659472,residential,Unnamed,1,yes,,concrete,no,no,7,82.52,484.6,STATIC_ROAD_NETWORK
3409438,"Katraj Dairy, Pune - MPCB",18.4545,73.8542,Southern Highway Chokepoint / Ghat Gateway,953634241,tertiary,Unnamed,1,yes,,,no,no,9,125.4,459.36,STATIC_ROAD_NETWORK
3409438,"Katraj Dairy, Pune - MPCB",18.4545,73.8542,Southern Highway Chokepoint / Ghat Gateway,953634242,tertiary,Unnamed,1,yes,,,no,no,12,178.61,425.38,STATIC_ROAD_NETWORK
3409438,"Katraj Dairy, Pune - MPCB",18.4545,73.8542,Southern Highway Chokepoint / Ghat Gateway,953634243,trunk,Unnamed,1,no,,,no,no,2,12.8,532.7,STATIC_ROAD_NETWORK
3409438,"Katraj Dairy, Pune - MPCB",18.4545,73.8542,Southern Highway Chokepoint / Ghat Gateway,953634244,residential,Unnamed,1,no,,,no,no,7,109.28,505.66,STATIC_ROAD_NETWORK
3409438,"Katraj Dairy, Pune - MPCB",18.4545,73.8542,Southern Highway Chokepoint / Ghat Gateway,953634246,residential,Unnamed,1,no,,,no,no,2,139.02,1391.34,STATIC_ROAD_NETWORK
3409438,"Katraj Dairy, Pune - MPCB",18.4545,73.8542,Southern Highway Chokepoint / Ghat Gateway,963119303,residential,Unnamed,1,no,,,no,no,3,36.83,939.61,STATIC_ROAD_NETWORK
3409438,"Katraj Dairy, Pune - MPCB",18.4545,73.8542,Southern Highway Chokepoint / Ghat Gateway,963334458,residential,Unnamed,1,yes,,,no,no,5,81.89,1192.58,STATIC_ROAD_NETWORK
3409438,"Katraj Dairy, Pune - MPCB",18.4545,73.8542,Southern Highway Chokepoint / Ghat Gateway,979677080,trunk,Sadguru Shankar Maharaj Uddanpul,2,yes,60,,no,no,2,52.69,947.86,STATIC_ROAD_NETWORK
3409438,"Katraj Dairy, Pune - MPCB",18.4545,73.8542,Southern Highway Chokepoint / Ghat Gateway,985967409,trunk,Katraj Kondhwa Road,1,no,,,no,no,2,6.78,930.21,STATIC_ROAD_NETWORK
3409438,"Katraj Dairy, Pune - MPCB",18.4545,73.8542,Southern Highway Chokepoint / Ghat Gateway,994911503,residential,Unnamed,1,no,,,no,no,2,34.51,1087.84,STATIC_ROAD_NETWORK
3409438,"Katraj Dairy, Pune - MPCB",18.4545,73.8542,Southern Highway Chokepoint / Ghat Gateway,994911513,residential,Unnamed,1,no,,,no,no,6,145.12,1087.01,STATIC_ROAD_NETWORK
3409438,"Katraj Dairy, Pune - MPCB",18.4545,73.8542,Southern Highway Chokepoint / Ghat Gateway,1022821423,trunk,Unnamed,1,yes,60,,no,no,2,18.33,842.02,STATIC_ROAD_NETWORK
3409438,"Katraj Dairy, Pune - MPCB",18.4545,73.8542,Southern Highway Chokepoint / Ghat Gateway,1022821424,trunk,Satara Road,2,yes,60,,no,no,3,15.62,837.79,STATIC_ROAD_NETWORK
3409438,"Katraj Dairy, Pune - MPCB",18.4545,73.8542,Southern Highway Chokepoint / Ghat Gateway,1022821425,trunk,Unnamed,1,yes,,,no,no,2,10.43,828.31,STATIC_ROAD_NETWORK
3409438,"Katraj Dairy, Pune - MPCB",18.4545,73.8542,Southern Highway Chokepoint / Ghat Gateway,1022821426,trunk,Satara Road,2,yes,60,,no,no,40,993.07,451.48,STATIC_ROAD_NETWORK
3409438,"Katraj Dairy, Pune - MPCB",18.4545,73.8542,Southern Highway Chokepoint / Ghat Gateway,1022821427,trunk,Satara Road,1,yes,50,,no,no,4,85.85,944.55,STATIC_ROAD_NETWORK
3409438,"Katraj Dairy, Pune - MPCB",18.4545,73.8542,Southern Highway Chokepoint / Ghat Gateway,1022821428,trunk,Satara Road,1,yes,50,,no,no,6,100.97,842.02,STATIC_ROAD_NETWORK
3409438,"Katraj Dairy, Pune - MPCB",18.4545,73.8542,Southern Highway Chokepoint / Ghat Gateway,1024043775,residential,Internal Mohan Nagar Road,1,no,,,no,no,3,49.32,800.07,STATIC_ROAD_NETWORK
3409438,"Katraj Dairy, Pune - MPCB",18.4545,73.8542,Southern Highway Chokepoint / Ghat Gateway,1024043776,residential,Unnamed,1,no,,,no,no,2,18.87,815.7,STATIC_ROAD_NETWORK
3409438,"Katraj Dairy, Pune - MPCB",18.4545,73.8542,Southern Highway Chokepoint / Ghat Gateway,1024043777,residential,Unnamed,1,no,,,no,no,2,11.71,844.3,STATIC_ROAD_NETWORK
3409438,"Katraj Dairy, Pune - MPCB",18.4545,73.8542,Southern Highway Chokepoint / Ghat Gateway,1043675941,residential,Unnamed,1,no,,,no,no,6,125.76,1013.8,STATIC_ROAD_NETWORK
3409438,"Katraj Dairy, Pune - MPCB",18.4545,73.8542,Southern Highway Chokepoint / Ghat Gateway,1043694386,residential,Unnamed,1,no,,,no,no,2,47.23,1497.74,STATIC_ROAD_NETWORK
3409438,"Katraj Dairy, Pune - MPCB",18.4545,73.8542,Southern Highway Chokepoint / Ghat Gateway,1046058688,residential,Unnamed,1,no,,,no,no,2,23.07,551.96,STATIC_ROAD_NETWORK
3409438,"Katraj Dairy, Pune - MPCB",18.4545,73.8542,Southern Highway Chokepoint / Ghat Gateway,1046058689,residential,Unnamed,1,no,,,no,no,2,53.49,330.33,STATIC_ROAD_NETWORK
3409438,"Katraj Dairy, Pune - MPCB",18.4545,73.8542,Southern Highway Chokepoint / Ghat Gateway,1046058690,residential,Unnamed,1,no,,,no,no,2,42.3,147.86,STATIC_ROAD_NETWORK
3409438,"Katraj Dairy, Pune - MPCB",18.4545,73.8542,Southern Highway Chokepoint / Ghat Gateway,1046058691,residential,Unnamed,1,no,,,no,no,2,21.11,278.45,STATIC_ROAD_NETWORK
3409438,"Katraj Dairy, Pune - MPCB",18.4545,73.8542,Southern Highway Chokepoint / Ghat Gateway,1046058693,residential,Unnamed,1,no,,,no,no,5,63.16,1334.13,STATIC_ROAD_NETWORK
3409438,"Katraj Dairy, Pune - MPCB",18.4545,73.8542,Southern Highway Chokepoint / Ghat Gateway,1046058695,residential,Unnamed,1,no,,,no,no,3,45.64,1159.43,STATIC_ROAD_NETWORK
3409438,"Katraj Dairy, Pune - MPCB",18.4545,73.8542,Southern Highway Chokepoint / Ghat Gateway,1046058696,residential,Unnamed,1,no,,,no,no,2,14.21,1166.39,STATIC_ROAD_NETWORK
3409438,"Katraj Dairy, Pune - MPCB",18.4545,73.8542,Southern Highway Chokepoint / Ghat Gateway,1046058699,living_street,Unnamed,1,no,,,no,no,2,49.62,1142.53,STATIC_ROAD_NETWORK
3409438,"Katraj Dairy, Pune - MPCB",18.4545,73.8542,Southern Highway Chokepoint / Ghat Gateway,1046058700,residential,Unnamed,1,no,,,no,no,2,32.01,1094.89,STATIC_ROAD_NETWORK
3409438,"Katraj Dairy, Pune - MPCB",18.4545,73.8542,Southern Highway Chokepoint / Ghat Gateway,1046058701,residential,Unnamed,1,no,,,no,no,2,33.27,1124.9,STATIC_ROAD_NETWORK
3409438,"Katraj Dairy, Pune - MPCB",18.4545,73.8542,Southern Highway Chokepoint / Ghat Gateway,1046058715,residential,Unnamed,1,no,,,no,no,5,29.39,1103.04,STATIC_ROAD_NETWORK
3409438,"Katraj Dairy, Pune - MPCB",18.4545,73.8542,Southern Highway Chokepoint / Ghat Gateway,1046060328,residential,Unnamed,1,no,,,no,no,2,79.52,948.86,STATIC_ROAD_NETWORK
3409438,"Katraj Dairy, Pune - MPCB",18.4545,73.8542,Southern Highway Chokepoint / Ghat Gateway,1046060330,residential,Unnamed,1,no,,,no,no,3,30.42,1225.24,STATIC_ROAD_NETWORK
3409438,"Katraj Dairy, Pune - MPCB",18.4545,73.8542,Southern Highway Chokepoint / Ghat Gateway,1062793718,tertiary,Unnamed,1,no,,,no,no,5,264.42,1165.62,STATIC_ROAD_NETWORK
3409438,"Katraj Dairy, Pune - MPCB",18.4545,73.8542,Southern Highway Chokepoint / Ghat Gateway,1063233428,residential,Unnamed,1,no,,,no,no,6,81.53,1196.36,STATIC_ROAD_NETWORK
3409438,"Katraj Dairy, Pune - MPCB",18.4545,73.8542,Southern Highway Chokepoint / Ghat Gateway,1063233429,residential,Unnamed,1,no,,,no,no,2,17.37,1206.45,STATIC_ROAD_NETWORK
3409438,"Katraj Dairy, Pune - MPCB",18.4545,73.8542,Southern Highway Chokepoint / Ghat Gateway,1063624702,residential,Unnamed,1,no,,,no,no,5,40.7,958.14,STATIC_ROAD_NETWORK
3409438,"Katraj Dairy, Pune - MPCB",18.4545,73.8542,Southern Highway Chokepoint / Ghat Gateway,1063624703,residential,Unnamed,1,no,,,no,no,2,60.58,958.14,STATIC_ROAD_NETWORK
3409438,"Katraj Dairy, Pune - MPCB",18.4545,73.8542,Southern Highway Chokepoint / Ghat Gateway,1063924392,residential,Unnamed,1,no,,,no,no,12,137.27,1226.31,STATIC_ROAD_NETWORK
3409438,"Katraj Dairy, Pune - MPCB",18.4545,73.8542,Southern Highway Chokepoint / Ghat Gateway,1063924393,residential,Unnamed,1,no,,,no,no,6,87.81,1282.16,STATIC_ROAD_NETWORK
3409438,"Katraj Dairy, Pune - MPCB",18.4545,73.8542,Southern Highway Chokepoint / Ghat Gateway,1063924394,residential,Unnamed,1,no,,,no,no,3,41.45,1282.16,STATIC_ROAD_NETWORK
3409438,"Katraj Dairy, Pune - MPCB",18.4545,73.8542,Southern Highway Chokepoint / Ghat Gateway,1065416240,residential,Unnamed,1,no,,,no,no,3,87.42,1325.0,STATIC_ROAD_NETWORK
3409438,"Katraj Dairy, Pune - MPCB",18.4545,73.8542,Southern Highway Chokepoint / Ghat Gateway,1081338265,residential,Unnamed,1,no,,,no,no,4,111.58,1117.09,STATIC_ROAD_NETWORK
3409438,"Katraj Dairy, Pune - MPCB",18.4545,73.8542,Southern Highway Chokepoint / Ghat Gateway,1081362792,residential,Unnamed,1,no,,,no,no,5,196.01,501.33,STATIC_ROAD_NETWORK
3409438,"Katraj Dairy, Pune - MPCB",18.4545,73.8542,Southern Highway Chokepoint / Ghat Gateway,1081390692,residential,Unnamed,1,no,,,no,no,12,254.82,985.15,STATIC_ROAD_NETWORK
3409438,"Katraj Dairy, Pune - MPCB",18.4545,73.8542,Southern Highway Chokepoint / Ghat Gateway,1081418089,residential,Unnamed,1,no,,,no,no,11,138.04,1291.04,STATIC_ROAD_NETWORK
3409438,"Katraj Dairy, Pune - MPCB",18.4545,73.8542,Southern Highway Chokepoint / Ghat Gateway,1082279817,residential,Unnamed,1,no,,,no,no,3,26.26,1417.33,STATIC_ROAD_NETWORK
3409438,"Katraj Dairy, Pune - MPCB",18.4545,73.8542,Southern Highway Chokepoint / Ghat Gateway,1082279818,residential,Unnamed,1,no,,,no,no,3,31.02,1399.18,STATIC_ROAD_NETWORK
3409438,"Katraj Dairy, Pune - MPCB",18.4545,73.8542,Southern Highway Chokepoint / Ghat Gateway,1082799347,residential,Unnamed,1,no,,,no,no,4,32.69,1122.82,STATIC_ROAD_NETWORK
3409438,"Katraj Dairy, Pune - MPCB",18.4545,73.8542,Southern Highway Chokepoint / Ghat Gateway,1082817532,residential,Unnamed,1,no,,,no,no,3,21.76,1294.28,STATIC_ROAD_NETWORK
3409438,"Katraj Dairy, Pune - MPCB",18.4545,73.8542,Southern Highway Chokepoint / Ghat Gateway,1091144470,residential,Unnamed,1,no,,,no,no,4,54.14,1039.04,STATIC_ROAD_NETWORK
3409438,"Katraj Dairy, Pune - MPCB",18.4545,73.8542,Southern Highway Chokepoint / Ghat Gateway,1095429112,residential,Unnamed,1,no,,,no,no,3,13.38,555.11,STATIC_ROAD_NETWORK
3409438,"Katraj Dairy, Pune - MPCB",18.4545,73.8542,Southern Highway Chokepoint / Ghat Gateway,1104927620,residential,Unnamed,1,no,,,no,no,6,120.89,1127.9,STATIC_ROAD_NETWORK
3409438,"Katraj Dairy, Pune - MPCB",18.4545,73.8542,Southern Highway Chokepoint / Ghat Gateway,1107682450,residential,Unnamed,1,no,,,no,no,2,36.97,1435.05,STATIC_ROAD_NETWORK
3409438,"Katraj Dairy, Pune - MPCB",18.4545,73.8542,Southern Highway Chokepoint / Ghat Gateway,1112179745,residential,Unnamed,1,no,,,no,no,2,44.31,1347.42,STATIC_ROAD_NETWORK
3409438,"Katraj Dairy, Pune - MPCB",18.4545,73.8542,Southern Highway Chokepoint / Ghat Gateway,1116250627,residential,Unnamed,1,no,,,no,no,5,46.48,1425.65,STATIC_ROAD_NETWORK
3409438,"Katraj Dairy, Pune - MPCB",18.4545,73.8542,Southern Highway Chokepoint / Ghat Gateway,1116743816,residential,Unnamed,1,no,,,no,no,4,120.3,1252.1,STATIC_ROAD_NETWORK
3409438,"Katraj Dairy, Pune - MPCB",18.4545,73.8542,Southern Highway Chokepoint / Ghat Gateway,1116743817,residential,Unnamed,1,no,,,no,no,3,90.63,1278.19,STATIC_ROAD_NETWORK
3409438,"Katraj Dairy, Pune - MPCB",18.4545,73.8542,Southern Highway Chokepoint / Ghat Gateway,1116744367,residential,Unnamed,1,no,,,no,no,16,93.69,1357.5,STATIC_ROAD_NETWORK
3409438,"Katraj Dairy, Pune - MPCB",18.4545,73.8542,Southern Highway Chokepoint / Ghat Gateway,1116744368,residential,Unnamed,1,no,,,no,no,5,33.6,1372.8,STATIC_ROAD_NETWORK
3409438,"Katraj Dairy, Pune - MPCB",18.4545,73.8542,Southern Highway Chokepoint / Ghat Gateway,1116744378,residential,Unnamed,1,no,,,no,no,2,49.91,1447.67,STATIC_ROAD_NETWORK
3409438,"Katraj Dairy, Pune - MPCB",18.4545,73.8542,Southern Highway Chokepoint / Ghat Gateway,1116744379,residential,Unnamed,1,no,,,no,no,2,54.07,1446.44,STATIC_ROAD_NETWORK
3409438,"Katraj Dairy, Pune - MPCB",18.4545,73.8542,Southern Highway Chokepoint / Ghat Gateway,1116744380,residential,Unnamed,1,no,,,no,no,3,62.69,1445.53,STATIC_ROAD_NETWORK
3409438,"Katraj Dairy, Pune - MPCB",18.4545,73.8542,Southern Highway Chokepoint / Ghat Gateway,1116744381,residential,Unnamed,1,no,,,no,no,4,53.29,1483.6,STATIC_ROAD_NETWORK
3409438,"Katraj Dairy, Pune - MPCB",18.4545,73.8542,Southern Highway Chokepoint / Ghat Gateway,1116747609,residential,Unnamed,1,no,,,no,no,2,56.7,1456.85,STATIC_ROAD_NETWORK
3409438,"Katraj Dairy, Pune - MPCB",18.4545,73.8542,Southern Highway Chokepoint / Ghat Gateway,1116747610,residential,Unnamed,1,no,,,no,no,3,39.82,1377.08,STATIC_ROAD_NETWORK
3409438,"Katraj Dairy, Pune - MPCB",18.4545,73.8542,Southern Highway Chokepoint / Ghat Gateway,1116747611,residential,Unnamed,1,no,,,no,no,2,37.89,1492.9,STATIC_ROAD_NETWORK
3409438,"Katraj Dairy, Pune - MPCB",18.4545,73.8542,Southern Highway Chokepoint / Ghat Gateway,1116747839,residential,Unnamed,1,no,,,no,no,2,42.66,1406.74,STATIC_ROAD_NETWORK
3409438,"Katraj Dairy, Pune - MPCB",18.4545,73.8542,Southern Highway Chokepoint / Ghat Gateway,1116747840,residential,Unnamed,1,no,,,no,no,2,42.12,1375.98,STATIC_ROAD_NETWORK
3409438,"Katraj Dairy, Pune - MPCB",18.4545,73.8542,Southern Highway Chokepoint / Ghat Gateway,1116749226,residential,Unnamed,1,no,,,no,no,2,70.61,1298.9,STATIC_ROAD_NETWORK
3409438,"Katraj Dairy, Pune - MPCB",18.4545,73.8542,Southern Highway Chokepoint / Ghat Gateway,1116749228,residential,Unnamed,1,no,,,no,no,2,108.3,1265.9,STATIC_ROAD_NETWORK
3409438,"Katraj Dairy, Pune - MPCB",18.4545,73.8542,Southern Highway Chokepoint / Ghat Gateway,1116749229,residential,Unnamed,1,no,,,no,no,2,20.35,1219.08,STATIC_ROAD_NETWORK
3409438,"Katraj Dairy, Pune - MPCB",18.4545,73.8542,Southern Highway Chokepoint / Ghat Gateway,1116749230,residential,Unnamed,1,no,,,no,no,2,28.43,1172.73,STATIC_ROAD_NETWORK
3409438,"Katraj Dairy, Pune - MPCB",18.4545,73.8542,Southern Highway Chokepoint / Ghat Gateway,1116749231,residential,Unnamed,1,no,,,no,no,6,109.29,1065.81,STATIC_ROAD_NETWORK
3409438,"Katraj Dairy, Pune - MPCB",18.4545,73.8542,Southern Highway Chokepoint / Ghat Gateway,1116749232,residential,Unnamed,1,no,,,no,no,3,62.25,1017.55,STATIC_ROAD_NETWORK
3409438,"Katraj Dairy, Pune - MPCB",18.4545,73.8542,Southern Highway Chokepoint / Ghat Gateway,1116749233,residential,Unnamed,1,no,,,no,no,2,16.15,1029.48,STATIC_ROAD_NETWORK
3409438,"Katraj Dairy, Pune - MPCB",18.4545,73.8542,Southern Highway Chokepoint / Ghat Gateway,1116749234,residential,Unnamed,1,no,,,no,no,4,96.03,1121.35,STATIC_ROAD_NETWORK
3409438,"Katraj Dairy, Pune - MPCB",18.4545,73.8542,Southern Highway Chokepoint / Ghat Gateway,1116749235,residential,Unnamed,1,no,,,no,no,2,32.31,1158.14,STATIC_ROAD_NETWORK
3409438,"Katraj Dairy, Pune - MPCB",18.4545,73.8542,Southern Highway Chokepoint / Ghat Gateway,1116749236,residential,Unnamed,1,no,,,no,no,3,99.45,1162.35,STATIC_ROAD_NETWORK
3409438,"Katraj Dairy, Pune - MPCB",18.4545,73.8542,Southern Highway Chokepoint / Ghat Gateway,1116751468,residential,Unnamed,1,no,,,no,no,6,200.03,1484.81,STATIC_ROAD_NETWORK
3409438,"Katraj Dairy, Pune - MPCB",18.4545,73.8542,Southern Highway Chokepoint / Ghat Gateway,1116751472,residential,Unnamed,1,no,,,no,no,4,114.69,1289.84,STATIC_ROAD_NETWORK
3409438,"Katraj Dairy, Pune - MPCB",18.4545,73.8542,Southern Highway Chokepoint / Ghat Gateway,1116753494,residential,Unnamed,1,no,,,no,no,2,30.03,717.05,STATIC_ROAD_NETWORK
3409438,"Katraj Dairy, Pune - MPCB",18.4545,73.8542,Southern Highway Chokepoint / Ghat Gateway,1116753495,residential,Unnamed,1,no,,,no,no,2,19.04,730.64,STATIC_ROAD_NETWORK
3409438,"Katraj Dairy, Pune - MPCB",18.4545,73.8542,Southern Highway Chokepoint / Ghat Gateway,1116753496,residential,Unnamed,1,no,,,no,no,2,41.29,591.36,STATIC_ROAD_NETWORK
3409438,"Katraj Dairy, Pune - MPCB",18.4545,73.8542,Southern Highway Chokepoint / Ghat Gateway,1116753498,residential,Unnamed,1,no,,,no,no,2,43.93,698.43,STATIC_ROAD_NETWORK
3409438,"Katraj Dairy, Pune - MPCB",18.4545,73.8542,Southern Highway Chokepoint / Ghat Gateway,1116753499,tertiary,Unnamed,1,no,,,no,no,6,63.38,700.88,STATIC_ROAD_NETWORK
3409438,"Katraj Dairy, Pune - MPCB",18.4545,73.8542,Southern Highway Chokepoint / Ghat Gateway,1116754932,residential,Unnamed,1,no,,,no,no,10,133.03,392.19,STATIC_ROAD_NETWORK
3409438,"Katraj Dairy, Pune - MPCB",18.4545,73.8542,Southern Highway Chokepoint / Ghat Gateway,1116755101,residential,Unnamed,1,no,,,no,no,3,193.77,323.39,STATIC_ROAD_NETWORK
3409438,"Katraj Dairy, Pune - MPCB",18.4545,73.8542,Southern Highway Chokepoint / Ghat Gateway,1116770199,residential,Unnamed,1,no,,,no,no,22,361.91,1253.85,STATIC_ROAD_NETWORK
3409438,"Katraj Dairy, Pune - MPCB",18.4545,73.8542,Southern Highway Chokepoint / Ghat Gateway,1116770200,residential,Unnamed,1,no,,,no,no,3,10.54,1365.34,STATIC_ROAD_NETWORK
3409438,"Katraj Dairy, Pune - MPCB",18.4545,73.8542,Southern Highway Chokepoint / Ghat Gateway,1116773882,residential,Unnamed,1,no,,,no,no,7,59.0,890.82,STATIC_ROAD_NETWORK
3409438,"Katraj Dairy, Pune - MPCB",18.4545,73.8542,Southern Highway Chokepoint / Ghat Gateway,1116773883,residential,Unnamed,1,no,,,no,no,6,78.62,706.43,STATIC_ROAD_NETWORK
3409438,"Katraj Dairy, Pune - MPCB",18.4545,73.8542,Southern Highway Chokepoint / Ghat Gateway,1116773884,residential,Unnamed,1,no,,,no,no,3,45.67,857.38,STATIC_ROAD_NETWORK
3409438,"Katraj Dairy, Pune - MPCB",18.4545,73.8542,Southern Highway Chokepoint / Ghat Gateway,1116773885,residential,Unnamed,1,no,,,no,no,3,38.54,843.27,STATIC_ROAD_NETWORK
3409438,"Katraj Dairy, Pune - MPCB",18.4545,73.8542,Southern Highway Chokepoint / Ghat Gateway,1116773886,residential,Unnamed,1,no,,,no,no,3,39.62,779.66,STATIC_ROAD_NETWORK
3409438,"Katraj Dairy, Pune - MPCB",18.4545,73.8542,Southern Highway Chokepoint / Ghat Gateway,1116773890,residential,Unnamed,1,no,,,no,no,8,83.55,1268.0,STATIC_ROAD_NETWORK
3409438,"Katraj Dairy, Pune - MPCB",18.4545,73.8542,Southern Highway Chokepoint / Ghat Gateway,1116773891,residential,Unnamed,1,no,,,no,no,5,51.96,1161.34,STATIC_ROAD_NETWORK
3409438,"Katraj Dairy, Pune - MPCB",18.4545,73.8542,Southern Highway Chokepoint / Ghat Gateway,1116773892,residential,Unnamed,1,no,,,no,no,3,65.52,1123.86,STATIC_ROAD_NETWORK
3409438,"Katraj Dairy, Pune - MPCB",18.4545,73.8542,Southern Highway Chokepoint / Ghat Gateway,1116773893,residential,Unnamed,1,no,,,no,no,3,24.88,1125.29,STATIC_ROAD_NETWORK
3409438,"Katraj Dairy, Pune - MPCB",18.4545,73.8542,Southern Highway Chokepoint / Ghat Gateway,1116773894,residential,Unnamed,1,no,,,no,no,3,61.79,1163.34,STATIC_ROAD_NETWORK
3409438,"Katraj Dairy, Pune - MPCB",18.4545,73.8542,Southern Highway Chokepoint / Ghat Gateway,1116776619,residential,Unnamed,1,no,,,no,no,8,95.83,823.14,STATIC_ROAD_NETWORK
3409438,"Katraj Dairy, Pune - MPCB",18.4545,73.8542,Southern Highway Chokepoint / Ghat Gateway,1116776621,residential,Unnamed,1,no,,,no,no,11,163.85,696.32,STATIC_ROAD_NETWORK
3409438,"Katraj Dairy, Pune - MPCB",18.4545,73.8542,Southern Highway Chokepoint / Ghat Gateway,1116776624,residential,Unnamed,1,no,,,no,no,7,62.98,574.19,STATIC_ROAD_NETWORK
3409438,"Katraj Dairy, Pune - MPCB",18.4545,73.8542,Southern Highway Chokepoint / Ghat Gateway,1116776625,residential,Unnamed,1,no,,,no,no,2,29.08,677.74,STATIC_ROAD_NETWORK
3409438,"Katraj Dairy, Pune - MPCB",18.4545,73.8542,Southern Highway Chokepoint / Ghat Gateway,1116776626,residential,Unnamed,1,no,,,no,no,5,138.6,625.68,STATIC_ROAD_NETWORK
3409438,"Katraj Dairy, Pune - MPCB",18.4545,73.8542,Southern Highway Chokepoint / Ghat Gateway,1116776627,residential,Unnamed,1,no,,,no,no,2,16.82,647.94,STATIC_ROAD_NETWORK
3409438,"Katraj Dairy, Pune - MPCB",18.4545,73.8542,Southern Highway Chokepoint / Ghat Gateway,1116776628,residential,Unnamed,1,no,,,no,no,2,79.25,620.52,STATIC_ROAD_NETWORK
3409438,"Katraj Dairy, Pune - MPCB",18.4545,73.8542,Southern Highway Chokepoint / Ghat Gateway,1116776629,residential,Unnamed,1,no,,,no,no,2,20.95,532.96,STATIC_ROAD_NETWORK
3409438,"Katraj Dairy, Pune - MPCB",18.4545,73.8542,Southern Highway Chokepoint / Ghat Gateway,1116776630,residential,Unnamed,1,no,,,no,no,2,18.01,509.02,STATIC_ROAD_NETWORK
3409438,"Katraj Dairy, Pune - MPCB",18.4545,73.8542,Southern Highway Chokepoint / Ghat Gateway,1116776631,residential,Unnamed,1,no,,,no,no,2,22.14,476.44,STATIC_ROAD_NETWORK
3409438,"Katraj Dairy, Pune - MPCB",18.4545,73.8542,Southern Highway Chokepoint / Ghat Gateway,1116776633,residential,Unnamed,1,no,,,no,no,2,192.47,169.32,STATIC_ROAD_NETWORK
3409438,"Katraj Dairy, Pune - MPCB",18.4545,73.8542,Southern Highway Chokepoint / Ghat Gateway,1116779486,residential,Unnamed,1,no,,,no,no,9,74.48,816.73,STATIC_ROAD_NETWORK
3409438,"Katraj Dairy, Pune - MPCB",18.4545,73.8542,Southern Highway Chokepoint / Ghat Gateway,1116779487,residential,Unnamed,1,no,,,no,no,2,14.88,836.45,STATIC_ROAD_NETWORK
3409438,"Katraj Dairy, Pune - MPCB",18.4545,73.8542,Southern Highway Chokepoint / Ghat Gateway,1116779488,residential,Unnamed,1,no,,,no,no,8,181.08,869.34,STATIC_ROAD_NETWORK
3409438,"Katraj Dairy, Pune - MPCB",18.4545,73.8542,Southern Highway Chokepoint / Ghat Gateway,1116779489,residential,Unnamed,1,no,,,no,no,2,59.55,878.35,STATIC_ROAD_NETWORK
3409438,"Katraj Dairy, Pune - MPCB",18.4545,73.8542,Southern Highway Chokepoint / Ghat Gateway,1116779490,residential,Unnamed,1,no,,,no,no,3,46.01,848.05,STATIC_ROAD_NETWORK
3409438,"Katraj Dairy, Pune - MPCB",18.4545,73.8542,Southern Highway Chokepoint / Ghat Gateway,1116779491,residential,Unnamed,1,no,,,no,no,9,60.21,819.37,STATIC_ROAD_NETWORK
3409438,"Katraj Dairy, Pune - MPCB",18.4545,73.8542,Southern Highway Chokepoint / Ghat Gateway,1116779492,residential,Unnamed,1,no,,,no,no,2,32.13,682.18,STATIC_ROAD_NETWORK
3409438,"Katraj Dairy, Pune - MPCB",18.4545,73.8542,Southern Highway Chokepoint / Ghat Gateway,1116779493,residential,Unnamed,1,no,,,no,no,5,85.06,648.39,STATIC_ROAD_NETWORK
3409438,"Katraj Dairy, Pune - MPCB",18.4545,73.8542,Southern Highway Chokepoint / Ghat Gateway,1116779495,residential,Unnamed,1,no,,,no,no,2,57.96,691.26,STATIC_ROAD_NETWORK
3409438,"Katraj Dairy, Pune - MPCB",18.4545,73.8542,Southern Highway Chokepoint / Ghat Gateway,1116779496,residential,Unnamed,1,no,,,no,no,4,74.44,632.7,STATIC_ROAD_NETWORK
3409438,"Katraj Dairy, Pune - MPCB",18.4545,73.8542,Southern Highway Chokepoint / Ghat Gateway,1116779497,residential,Unnamed,1,no,,,no,no,2,22.77,618.64,STATIC_ROAD_NETWORK
3409438,"Katraj Dairy, Pune - MPCB",18.4545,73.8542,Southern Highway Chokepoint / Ghat Gateway,1116779499,residential,Unnamed,1,no,,,no,no,3,44.9,558.63,STATIC_ROAD_NETWORK
3409438,"Katraj Dairy, Pune - MPCB",18.4545,73.8542,Southern Highway Chokepoint / Ghat Gateway,1116779500,residential,Unnamed,1,no,,,no,no,4,61.09,536.56,STATIC_ROAD_NETWORK
3409438,"Katraj Dairy, Pune - MPCB",18.4545,73.8542,Southern Highway Chokepoint / Ghat Gateway,1116779501,residential,Unnamed,1,no,,,no,no,3,52.23,547.8,STATIC_ROAD_NETWORK
3409438,"Katraj Dairy, Pune - MPCB",18.4545,73.8542,Southern Highway Chokepoint / Ghat Gateway,1116782003,residential,Unnamed,1,no,,,no,no,5,56.03,596.32,STATIC_ROAD_NETWORK
3409438,"Katraj Dairy, Pune - MPCB",18.4545,73.8542,Southern Highway Chokepoint / Ghat Gateway,1116782004,residential,Unnamed,1,no,,,no,no,3,83.07,610.36,STATIC_ROAD_NETWORK
3409438,"Katraj Dairy, Pune - MPCB",18.4545,73.8542,Southern Highway Chokepoint / Ghat Gateway,1116782005,residential,Unnamed,1,no,,,no,no,2,24.55,637.11,STATIC_ROAD_NETWORK
3409438,"Katraj Dairy, Pune - MPCB",18.4545,73.8542,Southern Highway Chokepoint / Ghat Gateway,1116782006,residential,Unnamed,1,no,,,no,no,5,93.11,511.51,STATIC_ROAD_NETWORK
3409438,"Katraj Dairy, Pune - MPCB",18.4545,73.8542,Southern Highway Chokepoint / Ghat Gateway,1116782007,residential,Unnamed,1,no,,,no,no,2,47.37,371.43,STATIC_ROAD_NETWORK
3409438,"Katraj Dairy, Pune - MPCB",18.4545,73.8542,Southern Highway Chokepoint / Ghat Gateway,1116782008,residential,Unnamed,1,no,,,no,no,6,97.95,324.31,STATIC_ROAD_NETWORK
3409438,"Katraj Dairy, Pune - MPCB",18.4545,73.8542,Southern Highway Chokepoint / Ghat Gateway,1116782009,residential,Unnamed,1,no,,,no,no,2,105.32,309.25,STATIC_ROAD_NETWORK
3409438,"Katraj Dairy, Pune - MPCB",18.4545,73.8542,Southern Highway Chokepoint / Ghat Gateway,1116782010,residential,Unnamed,1,no,,,no,no,7,43.35,299.36,STATIC_ROAD_NETWORK
3409438,"Katraj Dairy, Pune - MPCB",18.4545,73.8542,Southern Highway Chokepoint / Ghat Gateway,1116782011,residential,Unnamed,1,no,,,no,no,2,81.48,268.85,STATIC_ROAD_NETWORK
3409438,"Katraj Dairy, Pune - MPCB",18.4545,73.8542,Southern Highway Chokepoint / Ghat Gateway,1116782012,residential,Unnamed,1,no,,,no,no,2,47.64,333.3,STATIC_ROAD_NETWORK
3409438,"Katraj Dairy, Pune - MPCB",18.4545,73.8542,Southern Highway Chokepoint / Ghat Gateway,1116784009,residential,Unnamed,1,no,,,no,no,3,69.14,1492.29,STATIC_ROAD_NETWORK
3409438,"Katraj Dairy, Pune - MPCB",18.4545,73.8542,Southern Highway Chokepoint / Ghat Gateway,1116825664,residential,Unnamed,1,no,,,no,no,2,19.07,927.45,STATIC_ROAD_NETWORK
3409438,"Katraj Dairy, Pune - MPCB",18.4545,73.8542,Southern Highway Chokepoint / Ghat Gateway,1116825665,residential,Unnamed,1,no,,,no,no,6,67.34,950.45,STATIC_ROAD_NETWORK
3409438,"Katraj Dairy, Pune - MPCB",18.4545,73.8542,Southern Highway Chokepoint / Ghat Gateway,1116825666,residential,Unnamed,1,no,,,no,no,4,69.65,948.64,STATIC_ROAD_NETWORK
3409438,"Katraj Dairy, Pune - MPCB",18.4545,73.8542,Southern Highway Chokepoint / Ghat Gateway,1116825667,residential,Unnamed,1,no,,,no,no,2,27.91,849.75,STATIC_ROAD_NETWORK
3409438,"Katraj Dairy, Pune - MPCB",18.4545,73.8542,Southern Highway Chokepoint / Ghat Gateway,1116825668,residential,Unnamed,1,no,,,no,no,4,67.41,586.2,STATIC_ROAD_NETWORK
3409438,"Katraj Dairy, Pune - MPCB",18.4545,73.8542,Southern Highway Chokepoint / Ghat Gateway,1116825669,residential,Unnamed,1,no,,,no,no,8,188.79,633.88,STATIC_ROAD_NETWORK
3409438,"Katraj Dairy, Pune - MPCB",18.4545,73.8542,Southern Highway Chokepoint / Ghat Gateway,1116825670,residential,Unnamed,1,no,,,no,no,2,32.26,657.03,STATIC_ROAD_NETWORK
3409438,"Katraj Dairy, Pune - MPCB",18.4545,73.8542,Southern Highway Chokepoint / Ghat Gateway,1116825671,residential,Unnamed,1,no,,,no,no,2,72.27,646.42,STATIC_ROAD_NETWORK
3409438,"Katraj Dairy, Pune - MPCB",18.4545,73.8542,Southern Highway Chokepoint / Ghat Gateway,1116825672,living_street,Unnamed,1,no,,,no,no,14,152.06,660.13,STATIC_ROAD_NETWORK
3409438,"Katraj Dairy, Pune - MPCB",18.4545,73.8542,Southern Highway Chokepoint / Ghat Gateway,1116825673,residential,Unnamed,1,no,,,no,no,3,46.6,694.95,STATIC_ROAD_NETWORK
3409438,"Katraj Dairy, Pune - MPCB",18.4545,73.8542,Southern Highway Chokepoint / Ghat Gateway,1116825674,residential,Unnamed,1,no,,,no,no,4,91.52,739.62,STATIC_ROAD_NETWORK
3409438,"Katraj Dairy, Pune - MPCB",18.4545,73.8542,Southern Highway Chokepoint / Ghat Gateway,1116825675,residential,Unnamed,1,no,,,no,no,2,20.5,849.14,STATIC_ROAD_NETWORK
3409438,"Katraj Dairy, Pune - MPCB",18.4545,73.8542,Southern Highway Chokepoint / Ghat Gateway,1116825676,residential,Unnamed,1,no,,,no,no,3,76.69,825.71,STATIC_ROAD_NETWORK
3409438,"Katraj Dairy, Pune - MPCB",18.4545,73.8542,Southern Highway Chokepoint / Ghat Gateway,1116825677,residential,Unnamed,1,no,,,no,no,2,29.0,823.36,STATIC_ROAD_NETWORK
3409438,"Katraj Dairy, Pune - MPCB",18.4545,73.8542,Southern Highway Chokepoint / Ghat Gateway,1116825678,residential,Unnamed,1,no,,,no,no,2,20.44,829.28,STATIC_ROAD_NETWORK
3409438,"Katraj Dairy, Pune - MPCB",18.4545,73.8542,Southern Highway Chokepoint / Ghat Gateway,1116825679,living_street,Unnamed,1,no,,,no,no,2,22.98,831.35,STATIC_ROAD_NETWORK
3409438,"Katraj Dairy, Pune - MPCB",18.4545,73.8542,Southern Highway Chokepoint / Ghat Gateway,1116825681,living_street,Unnamed,1,no,,,no,no,2,14.3,855.54,STATIC_ROAD_NETWORK
3409438,"Katraj Dairy, Pune - MPCB",18.4545,73.8542,Southern Highway Chokepoint / Ghat Gateway,1116825682,residential,Unnamed,1,no,,,no,no,2,89.98,906.86,STATIC_ROAD_NETWORK
3409438,"Katraj Dairy, Pune - MPCB",18.4545,73.8542,Southern Highway Chokepoint / Ghat Gateway,1116826159,residential,Unnamed,1,no,,,no,no,3,60.62,437.59,STATIC_ROAD_NETWORK
3409438,"Katraj Dairy, Pune - MPCB",18.4545,73.8542,Southern Highway Chokepoint / Ghat Gateway,1116826161,residential,Unnamed,1,no,,,no,no,3,78.24,500.73,STATIC_ROAD_NETWORK
3409438,"Katraj Dairy, Pune - MPCB",18.4545,73.8542,Southern Highway Chokepoint / Ghat Gateway,1116839475,residential,Unnamed,1,no,,,no,no,2,49.82,873.3,STATIC_ROAD_NETWORK
3409438,"Katraj Dairy, Pune - MPCB",18.4545,73.8542,Southern Highway Chokepoint / Ghat Gateway,1116839476,residential,Unnamed,1,no,,,no,no,2,50.17,857.24,STATIC_ROAD_NETWORK
3409438,"Katraj Dairy, Pune - MPCB",18.4545,73.8542,Southern Highway Chokepoint / Ghat Gateway,1116839478,residential,Unnamed,1,no,,,no,no,5,49.57,899.29,STATIC_ROAD_NETWORK
3409438,"Katraj Dairy, Pune - MPCB",18.4545,73.8542,Southern Highway Chokepoint / Ghat Gateway,1116839479,residential,Unnamed,1,no,,,no,no,2,62.25,942.03,STATIC_ROAD_NETWORK
3409438,"Katraj Dairy, Pune - MPCB",18.4545,73.8542,Southern Highway Chokepoint / Ghat Gateway,1116839480,residential,Unnamed,1,no,,,no,no,2,52.39,974.29,STATIC_ROAD_NETWORK
3409438,"Katraj Dairy, Pune - MPCB",18.4545,73.8542,Southern Highway Chokepoint / Ghat Gateway,1116839481,residential,Unnamed,1,no,,,no,no,2,23.94,1032.69,STATIC_ROAD_NETWORK
3409438,"Katraj Dairy, Pune - MPCB",18.4545,73.8542,Southern Highway Chokepoint / Ghat Gateway,1116839482,residential,Unnamed,1,no,,,no,no,3,41.79,1164.64,STATIC_ROAD_NETWORK
3409438,"Katraj Dairy, Pune - MPCB",18.4545,73.8542,Southern Highway Chokepoint / Ghat Gateway,1116839483,residential,Unnamed,1,no,,,no,no,6,78.48,1134.59,STATIC_ROAD_NETWORK
3409438,"Katraj Dairy, Pune - MPCB",18.4545,73.8542,Southern Highway Chokepoint / Ghat Gateway,1116839484,residential,Unnamed,1,no,,,no,no,2,17.23,1155.13,STATIC_ROAD_NETWORK
3409438,"Katraj Dairy, Pune - MPCB",18.4545,73.8542,Southern Highway Chokepoint / Ghat Gateway,1116839485,residential,Unnamed,1,no,,,no,no,2,17.48,1138.61,STATIC_ROAD_NETWORK
3409438,"Katraj Dairy, Pune - MPCB",18.4545,73.8542,Southern Highway Chokepoint / Ghat Gateway,1116839486,residential,Unnamed,1,no,,,no,no,2,30.57,1106.57,STATIC_ROAD_NETWORK
3409438,"Katraj Dairy, Pune - MPCB",18.4545,73.8542,Southern Highway Chokepoint / Ghat Gateway,1116839487,residential,Unnamed,1,no,,,no,no,4,83.36,1059.5,STATIC_ROAD_NETWORK
3409438,"Katraj Dairy, Pune - MPCB",18.4545,73.8542,Southern Highway Chokepoint / Ghat Gateway,1116839489,living_street,Unnamed,1,no,,,no,no,2,33.12,1055.91,STATIC_ROAD_NETWORK
3409438,"Katraj Dairy, Pune - MPCB",18.4545,73.8542,Southern Highway Chokepoint / Ghat Gateway,1116839490,living_street,Unnamed,1,no,,,no,no,2,33.05,1045.13,STATIC_ROAD_NETWORK
3409438,"Katraj Dairy, Pune - MPCB",18.4545,73.8542,Southern Highway Chokepoint / Ghat Gateway,1116839491,living_street,Unnamed,1,no,,,no,no,3,33.49,1034.96,STATIC_ROAD_NETWORK
3409438,"Katraj Dairy, Pune - MPCB",18.4545,73.8542,Southern Highway Chokepoint / Ghat Gateway,1116839494,residential,Unnamed,1,no,,,no,no,2,26.17,1175.22,STATIC_ROAD_NETWORK
3409438,"Katraj Dairy, Pune - MPCB",18.4545,73.8542,Southern Highway Chokepoint / Ghat Gateway,1116839495,residential,Unnamed,1,no,,,no,no,3,62.56,1152.67,STATIC_ROAD_NETWORK
3409438,"Katraj Dairy, Pune - MPCB",18.4545,73.8542,Southern Highway Chokepoint / Ghat Gateway,1116839496,residential,Unnamed,1,no,,,no,no,3,55.21,1145.93,STATIC_ROAD_NETWORK
3409438,"Katraj Dairy, Pune - MPCB",18.4545,73.8542,Southern Highway Chokepoint / Ghat Gateway,1116846807,residential,Unnamed,1,no,,,no,no,2,20.02,1360.58,STATIC_ROAD_NETWORK
3409438,"Katraj Dairy, Pune - MPCB",18.4545,73.8542,Southern Highway Chokepoint / Ghat Gateway,1116846808,residential,Unnamed,1,no,,,no,no,3,62.99,1243.51,STATIC_ROAD_NETWORK
3409438,"Katraj Dairy, Pune - MPCB",18.4545,73.8542,Southern Highway Chokepoint / Ghat Gateway,1116846809,living_street,Unnamed,1,no,,,no,no,2,28.68,1214.54,STATIC_ROAD_NETWORK
3409438,"Katraj Dairy, Pune - MPCB",18.4545,73.8542,Southern Highway Chokepoint / Ghat Gateway,1116846810,residential,Unnamed,1,no,,,no,no,2,48.98,1156.73,STATIC_ROAD_NETWORK
3409438,"Katraj Dairy, Pune - MPCB",18.4545,73.8542,Southern Highway Chokepoint / Ghat Gateway,1116846811,residential,Unnamed,1,no,,,no,no,2,39.85,1219.49,STATIC_ROAD_NETWORK
3409438,"Katraj Dairy, Pune - MPCB",18.4545,73.8542,Southern Highway Chokepoint / Ghat Gateway,1116846813,residential,Unnamed,1,no,,,no,no,2,35.92,1205.18,STATIC_ROAD_NETWORK
3409438,"Katraj Dairy, Pune - MPCB",18.4545,73.8542,Southern Highway Chokepoint / Ghat Gateway,1116846815,residential,Unnamed,1,no,,,no,no,2,50.14,1045.33,STATIC_ROAD_NETWORK
3409438,"Katraj Dairy, Pune - MPCB",18.4545,73.8542,Southern Highway Chokepoint / Ghat Gateway,1116846816,residential,Unnamed,1,no,,,no,no,3,34.29,1045.99,STATIC_ROAD_NETWORK
3409438,"Katraj Dairy, Pune - MPCB",18.4545,73.8542,Southern Highway Chokepoint / Ghat Gateway,1116846817,residential,Unnamed,1,no,,,no,no,2,25.89,1097.47,STATIC_ROAD_NETWORK
3409438,"Katraj Dairy, Pune - MPCB",18.4545,73.8542,Southern Highway Chokepoint / Ghat Gateway,1116846818,residential,Unnamed,1,no,,,no,no,2,45.04,1104.74,STATIC_ROAD_NETWORK
3409438,"Katraj Dairy, Pune - MPCB",18.4545,73.8542,Southern Highway Chokepoint / Ghat Gateway,1116846819,residential,Unnamed,1,no,,,no,no,3,55.59,1047.62,STATIC_ROAD_NETWORK
3409438,"Katraj Dairy, Pune - MPCB",18.4545,73.8542,Southern Highway Chokepoint / Ghat Gateway,1116848967,residential,Unnamed,1,no,,,no,no,2,52.4,1124.43,STATIC_ROAD_NETWORK
3409438,"Katraj Dairy, Pune - MPCB",18.4545,73.8542,Southern Highway Chokepoint / Ghat Gateway,1116848968,residential,Unnamed,1,no,,,no,no,2,117.78,1172.84,STATIC_ROAD_NETWORK
3409438,"Katraj Dairy, Pune - MPCB",18.4545,73.8542,Southern Highway Chokepoint / Ghat Gateway,1116848969,residential,Unnamed,1,no,,,no,no,2,27.3,1320.09,STATIC_ROAD_NETWORK
3409438,"Katraj Dairy, Pune - MPCB",18.4545,73.8542,Southern Highway Chokepoint / Ghat Gateway,1116848970,residential,Unnamed,1,no,,,no,no,2,22.08,1267.19,STATIC_ROAD_NETWORK
3409438,"Katraj Dairy, Pune - MPCB",18.4545,73.8542,Southern Highway Chokepoint / Ghat Gateway,1116848971,residential,Unnamed,1,no,,,no,no,2,51.32,1293.45,STATIC_ROAD_NETWORK
3409438,"Katraj Dairy, Pune - MPCB",18.4545,73.8542,Southern Highway Chokepoint / Ghat Gateway,1116848972,residential,Unnamed,1,no,,,no,no,2,24.61,1339.94,STATIC_ROAD_NETWORK
3409438,"Katraj Dairy, Pune - MPCB",18.4545,73.8542,Southern Highway Chokepoint / Ghat Gateway,1116848973,residential,Unnamed,1,no,,,no,no,3,44.01,1251.91,STATIC_ROAD_NETWORK
3409438,"Katraj Dairy, Pune - MPCB",18.4545,73.8542,Southern Highway Chokepoint / Ghat Gateway,1116848974,residential,Unnamed,1,no,,,no,no,6,112.6,1284.38,STATIC_ROAD_NETWORK
3409438,"Katraj Dairy, Pune - MPCB",18.4545,73.8542,Southern Highway Chokepoint / Ghat Gateway,1116848975,residential,Unnamed,1,no,,,no,no,6,65.82,1263.78,STATIC_ROAD_NETWORK
3409438,"Katraj Dairy, Pune - MPCB",18.4545,73.8542,Southern Highway Chokepoint / Ghat Gateway,1116848976,residential,Unnamed,1,no,,,no,no,2,34.95,1206.3,STATIC_ROAD_NETWORK
3409438,"Katraj Dairy, Pune - MPCB",18.4545,73.8542,Southern Highway Chokepoint / Ghat Gateway,1116848977,residential,Unnamed,1,no,,,no,no,2,23.02,1173.71,STATIC_ROAD_NETWORK
3409438,"Katraj Dairy, Pune - MPCB",18.4545,73.8542,Southern Highway Chokepoint / Ghat Gateway,1116848978,residential,Unnamed,1,no,,,no,no,3,28.29,1171.67,STATIC_ROAD_NETWORK
3409438,"Katraj Dairy, Pune - MPCB",18.4545,73.8542,Southern Highway Chokepoint / Ghat Gateway,1116848979,residential,Unnamed,1,no,,,no,no,2,37.62,1186.72,STATIC_ROAD_NETWORK
3409438,"Katraj Dairy, Pune - MPCB",18.4545,73.8542,Southern Highway Chokepoint / Ghat Gateway,1116848980,residential,Unnamed,1,no,,,no,no,2,36.98,1199.56,STATIC_ROAD_NETWORK
3409438,"Katraj Dairy, Pune - MPCB",18.4545,73.8542,Southern Highway Chokepoint / Ghat Gateway,1116848981,residential,Unnamed,1,no,,,no,no,3,88.36,1211.58,STATIC_ROAD_NETWORK
3409438,"Katraj Dairy, Pune - MPCB",18.4545,73.8542,Southern Highway Chokepoint / Ghat Gateway,1116848983,residential,Unnamed,1,no,,,no,no,2,40.43,1235.35,STATIC_ROAD_NETWORK
3409438,"Katraj Dairy, Pune - MPCB",18.4545,73.8542,Southern Highway Chokepoint / Ghat Gateway,1116850559,residential,Unnamed,1,no,,,no,no,2,35.56,1247.78,STATIC_ROAD_NETWORK
3409438,"Katraj Dairy, Pune - MPCB",18.4545,73.8542,Southern Highway Chokepoint / Ghat Gateway,1116850560,residential,Unnamed,1,no,,,no,no,2,33.24,1259.55,STATIC_ROAD_NETWORK
3409438,"Katraj Dairy, Pune - MPCB",18.4545,73.8542,Southern Highway Chokepoint / Ghat Gateway,1116850561,residential,Unnamed,1,no,,,no,no,2,32.03,1271.03,STATIC_ROAD_NETWORK
3409438,"Katraj Dairy, Pune - MPCB",18.4545,73.8542,Southern Highway Chokepoint / Ghat Gateway,1116850562,residential,Unnamed,1,no,,,no,no,5,100.1,1164.43,STATIC_ROAD_NETWORK
3409438,"Katraj Dairy, Pune - MPCB",18.4545,73.8542,Southern Highway Chokepoint / Ghat Gateway,1116850564,residential,Unnamed,1,no,,,no,no,2,21.75,1224.88,STATIC_ROAD_NETWORK
3409438,"Katraj Dairy, Pune - MPCB",18.4545,73.8542,Southern Highway Chokepoint / Ghat Gateway,1116850565,residential,Unnamed,1,no,,,no,no,4,40.58,1234.12,STATIC_ROAD_NETWORK
3409438,"Katraj Dairy, Pune - MPCB",18.4545,73.8542,Southern Highway Chokepoint / Ghat Gateway,1116850566,residential,Unnamed,1,no,,,no,no,2,22.26,1237.57,STATIC_ROAD_NETWORK
3409438,"Katraj Dairy, Pune - MPCB",18.4545,73.8542,Southern Highway Chokepoint / Ghat Gateway,1116850567,residential,Unnamed,1,no,,,no,no,2,36.76,1383.94,STATIC_ROAD_NETWORK
3409438,"Katraj Dairy, Pune - MPCB",18.4545,73.8542,Southern Highway Chokepoint / Ghat Gateway,1116862115,residential,Unnamed,1,no,,,no,no,2,45.39,207.24,STATIC_ROAD_NETWORK
3409438,"Katraj Dairy, Pune - MPCB",18.4545,73.8542,Southern Highway Chokepoint / Ghat Gateway,1116862117,residential,Unnamed,1,no,,,no,no,6,77.4,106.29,STATIC_ROAD_NETWORK
3409438,"Katraj Dairy, Pune - MPCB",18.4545,73.8542,Southern Highway Chokepoint / Ghat Gateway,1116863398,residential,Unnamed,1,yes,,,no,no,3,33.9,348.26,STATIC_ROAD_NETWORK
3409438,"Katraj Dairy, Pune - MPCB",18.4545,73.8542,Southern Highway Chokepoint / Ghat Gateway,1116863399,residential,Unnamed,1,no,,,no,no,4,105.18,282.98,STATIC_ROAD_NETWORK
3409438,"Katraj Dairy, Pune - MPCB",18.4545,73.8542,Southern Highway Chokepoint / Ghat Gateway,1116866444,residential,Unnamed,1,no,,,no,no,4,54.54,636.59,STATIC_ROAD_NETWORK
3409438,"Katraj Dairy, Pune - MPCB",18.4545,73.8542,Southern Highway Chokepoint / Ghat Gateway,1116866930,residential,Unnamed,1,no,,,no,no,5,78.39,903.24,STATIC_ROAD_NETWORK
3409438,"Katraj Dairy, Pune - MPCB",18.4545,73.8542,Southern Highway Chokepoint / Ghat Gateway,1116866931,residential,Unnamed,1,no,,,no,no,3,35.27,837.29,STATIC_ROAD_NETWORK
3409438,"Katraj Dairy, Pune - MPCB",18.4545,73.8542,Southern Highway Chokepoint / Ghat Gateway,1116866932,residential,Unnamed,1,no,,,no,no,3,87.67,825.85,STATIC_ROAD_NETWORK
3409438,"Katraj Dairy, Pune - MPCB",18.4545,73.8542,Southern Highway Chokepoint / Ghat Gateway,1116868431,residential,Unnamed,1,no,,,no,no,3,27.96,905.31,STATIC_ROAD_NETWORK
3409438,"Katraj Dairy, Pune - MPCB",18.4545,73.8542,Southern Highway Chokepoint / Ghat Gateway,1116868432,residential,Unnamed,1,no,,,no,no,3,24.96,856.17,STATIC_ROAD_NETWORK
3409438,"Katraj Dairy, Pune - MPCB",18.4545,73.8542,Southern Highway Chokepoint / Ghat Gateway,1116868433,residential,Unnamed,1,no,,,no,no,2,37.59,800.11,STATIC_ROAD_NETWORK
3409438,"Katraj Dairy, Pune - MPCB",18.4545,73.8542,Southern Highway Chokepoint / Ghat Gateway,1116870530,residential,Unnamed,1,no,,,no,no,2,47.57,1004.22,STATIC_ROAD_NETWORK
3409438,"Katraj Dairy, Pune - MPCB",18.4545,73.8542,Southern Highway Chokepoint / Ghat Gateway,1116870531,residential,Unnamed,1,no,,,no,no,2,47.2,949.79,STATIC_ROAD_NETWORK
3409438,"Katraj Dairy, Pune - MPCB",18.4545,73.8542,Southern Highway Chokepoint / Ghat Gateway,1117036651,residential,Unnamed,1,no,,,no,no,13,227.43,1261.57,STATIC_ROAD_NETWORK
3409438,"Katraj Dairy, Pune - MPCB",18.4545,73.8542,Southern Highway Chokepoint / Ghat Gateway,1117039899,residential,Unnamed,1,no,,,no,no,4,55.41,1427.02,STATIC_ROAD_NETWORK
3409438,"Katraj Dairy, Pune - MPCB",18.4545,73.8542,Southern Highway Chokepoint / Ghat Gateway,1117044588,residential,Unnamed,1,no,,,no,no,3,31.24,1441.39,STATIC_ROAD_NETWORK
3409438,"Katraj Dairy, Pune - MPCB",18.4545,73.8542,Southern Highway Chokepoint / Ghat Gateway,1117720949,residential,Unnamed,1,no,,,no,no,7,109.71,1285.78,STATIC_ROAD_NETWORK
3409438,"Katraj Dairy, Pune - MPCB",18.4545,73.8542,Southern Highway Chokepoint / Ghat Gateway,1117720950,residential,Unnamed,1,no,,,no,no,8,83.46,1162.87,STATIC_ROAD_NETWORK
3409438,"Katraj Dairy, Pune - MPCB",18.4545,73.8542,Southern Highway Chokepoint / Ghat Gateway,1117720951,residential,Unnamed,1,no,,,no,no,13,92.7,1196.22,STATIC_ROAD_NETWORK
3409438,"Katraj Dairy, Pune - MPCB",18.4545,73.8542,Southern Highway Chokepoint / Ghat Gateway,1117721036,residential,Unnamed,1,no,,,no,no,2,38.19,1469.4,STATIC_ROAD_NETWORK
3409438,"Katraj Dairy, Pune - MPCB",18.4545,73.8542,Southern Highway Chokepoint / Ghat Gateway,1117721037,residential,Unnamed,1,no,,,no,no,2,20.2,1434.6,STATIC_ROAD_NETWORK
3409438,"Katraj Dairy, Pune - MPCB",18.4545,73.8542,Southern Highway Chokepoint / Ghat Gateway,1117725570,residential,Unnamed,1,no,,,no,no,4,100.84,1426.7,STATIC_ROAD_NETWORK
3409438,"Katraj Dairy, Pune - MPCB",18.4545,73.8542,Southern Highway Chokepoint / Ghat Gateway,1117725572,residential,Unnamed,1,no,,,no,no,3,53.7,1455.15,STATIC_ROAD_NETWORK
3409438,"Katraj Dairy, Pune - MPCB",18.4545,73.8542,Southern Highway Chokepoint / Ghat Gateway,1117725573,residential,Unnamed,1,no,,,no,no,4,47.72,1453.71,STATIC_ROAD_NETWORK
3409438,"Katraj Dairy, Pune - MPCB",18.4545,73.8542,Southern Highway Chokepoint / Ghat Gateway,1117725575,residential,Unnamed,1,no,,,no,no,5,40.24,1372.92,STATIC_ROAD_NETWORK
3409438,"Katraj Dairy, Pune - MPCB",18.4545,73.8542,Southern Highway Chokepoint / Ghat Gateway,1117727340,residential,Unnamed,1,no,,,no,no,2,37.55,1362.28,STATIC_ROAD_NETWORK
3409438,"Katraj Dairy, Pune - MPCB",18.4545,73.8542,Southern Highway Chokepoint / Ghat Gateway,1117734269,residential,Unnamed,1,no,,,no,no,4,27.03,1454.56,STATIC_ROAD_NETWORK
3409438,"Katraj Dairy, Pune - MPCB",18.4545,73.8542,Southern Highway Chokepoint / Ghat Gateway,1117734270,residential,Unnamed,1,no,,,no,no,4,84.46,1458.19,STATIC_ROAD_NETWORK
3409438,"Katraj Dairy, Pune - MPCB",18.4545,73.8542,Southern Highway Chokepoint / Ghat Gateway,1117734271,residential,Unnamed,1,no,,,no,no,3,59.42,1431.81,STATIC_ROAD_NETWORK
3409438,"Katraj Dairy, Pune - MPCB",18.4545,73.8542,Southern Highway Chokepoint / Ghat Gateway,1117734272,residential,Unnamed,1,no,,,no,no,3,50.61,1471.16,STATIC_ROAD_NETWORK
3409438,"Katraj Dairy, Pune - MPCB",18.4545,73.8542,Southern Highway Chokepoint / Ghat Gateway,1117734273,residential,Unnamed,1,no,,,no,no,2,50.88,1457.27,STATIC_ROAD_NETWORK
3409438,"Katraj Dairy, Pune - MPCB",18.4545,73.8542,Southern Highway Chokepoint / Ghat Gateway,1117735636,residential,Unnamed,1,no,,,no,no,2,71.08,1364.89,STATIC_ROAD_NETWORK
3409438,"Katraj Dairy, Pune - MPCB",18.4545,73.8542,Southern Highway Chokepoint / Ghat Gateway,1117735637,residential,Unnamed,1,no,,,no,no,2,50.42,1332.76,STATIC_ROAD_NETWORK
3409438,"Katraj Dairy, Pune - MPCB",18.4545,73.8542,Southern Highway Chokepoint / Ghat Gateway,1117735638,residential,Unnamed,1,no,,,no,no,5,56.01,1311.3,STATIC_ROAD_NETWORK
3409438,"Katraj Dairy, Pune - MPCB",18.4545,73.8542,Southern Highway Chokepoint / Ghat Gateway,1117736720,residential,Unnamed,1,no,,,no,no,3,57.82,1295.99,STATIC_ROAD_NETWORK
3409438,"Katraj Dairy, Pune - MPCB",18.4545,73.8542,Southern Highway Chokepoint / Ghat Gateway,1117736721,residential,Unnamed,1,no,,,no,no,2,63.83,1230.93,STATIC_ROAD_NETWORK
3409438,"Katraj Dairy, Pune - MPCB",18.4545,73.8542,Southern Highway Chokepoint / Ghat Gateway,1117736923,residential,Unnamed,1,no,,,no,no,5,140.19,1081.38,STATIC_ROAD_NETWORK
3409438,"Katraj Dairy, Pune - MPCB",18.4545,73.8542,Southern Highway Chokepoint / Ghat Gateway,1117736924,residential,Unnamed,1,no,,,no,no,2,37.52,1098.2,STATIC_ROAD_NETWORK
3409438,"Katraj Dairy, Pune - MPCB",18.4545,73.8542,Southern Highway Chokepoint / Ghat Gateway,1117737461,residential,Unnamed,1,no,,,no,no,6,132.64,1086.51,STATIC_ROAD_NETWORK
3409438,"Katraj Dairy, Pune - MPCB",18.4545,73.8542,Southern Highway Chokepoint / Ghat Gateway,1117737528,residential,Unnamed,1,no,,,no,no,3,61.43,1225.25,STATIC_ROAD_NETWORK
3409438,"Katraj Dairy, Pune - MPCB",18.4545,73.8542,Southern Highway Chokepoint / Ghat Gateway,1117738071,residential,Unnamed,1,no,,,no,no,4,114.81,557.17,STATIC_ROAD_NETWORK
3409438,"Katraj Dairy, Pune - MPCB",18.4545,73.8542,Southern Highway Chokepoint / Ghat Gateway,1117738072,residential,Unnamed,1,no,,,no,no,3,66.82,568.3,STATIC_ROAD_NETWORK
3409438,"Katraj Dairy, Pune - MPCB",18.4545,73.8542,Southern Highway Chokepoint / Ghat Gateway,1117738073,residential,Unnamed,1,no,,,no,no,2,16.64,602.05,STATIC_ROAD_NETWORK
3409438,"Katraj Dairy, Pune - MPCB",18.4545,73.8542,Southern Highway Chokepoint / Ghat Gateway,1117738872,residential,Unnamed,1,no,,,no,no,7,141.89,717.07,STATIC_ROAD_NETWORK
3409438,"Katraj Dairy, Pune - MPCB",18.4545,73.8542,Southern Highway Chokepoint / Ghat Gateway,1117740545,residential,Unnamed,1,no,,,no,no,15,134.73,883.63,STATIC_ROAD_NETWORK
3409438,"Katraj Dairy, Pune - MPCB",18.4545,73.8542,Southern Highway Chokepoint / Ghat Gateway,1117740546,residential,Unnamed,1,no,,,no,no,2,30.11,886.55,STATIC_ROAD_NETWORK
3409438,"Katraj Dairy, Pune - MPCB",18.4545,73.8542,Southern Highway Chokepoint / Ghat Gateway,1117741142,living_street,Unnamed,1,no,,,no,no,2,28.27,903.14,STATIC_ROAD_NETWORK
3409438,"Katraj Dairy, Pune - MPCB",18.4545,73.8542,Southern Highway Chokepoint / Ghat Gateway,1117741740,residential,Unnamed,1,no,,,no,no,3,57.82,888.17,STATIC_ROAD_NETWORK
3409438,"Katraj Dairy, Pune - MPCB",18.4545,73.8542,Southern Highway Chokepoint / Ghat Gateway,1117741742,living_street,Unnamed,1,no,,,no,no,2,24.12,950.66,STATIC_ROAD_NETWORK
3409438,"Katraj Dairy, Pune - MPCB",18.4545,73.8542,Southern Highway Chokepoint / Ghat Gateway,1117741743,living_street,Unnamed,1,no,,,no,no,2,22.77,972.54,STATIC_ROAD_NETWORK
3409438,"Katraj Dairy, Pune - MPCB",18.4545,73.8542,Southern Highway Chokepoint / Ghat Gateway,1117741744,residential,Unnamed,1,no,,,no,no,2,24.41,1002.29,STATIC_ROAD_NETWORK
3409438,"Katraj Dairy, Pune - MPCB",18.4545,73.8542,Southern Highway Chokepoint / Ghat Gateway,1117741745,living_street,Unnamed,1,no,,,no,no,2,20.99,1012.66,STATIC_ROAD_NETWORK
3409438,"Katraj Dairy, Pune - MPCB",18.4545,73.8542,Southern Highway Chokepoint / Ghat Gateway,1117741746,living_street,Unnamed,1,no,,,no,no,2,21.16,990.26,STATIC_ROAD_NETWORK
3409438,"Katraj Dairy, Pune - MPCB",18.4545,73.8542,Southern Highway Chokepoint / Ghat Gateway,1117742110,residential,Unnamed,1,no,,,no,no,2,39.01,1043.31,STATIC_ROAD_NETWORK
3409438,"Katraj Dairy, Pune - MPCB",18.4545,73.8542,Southern Highway Chokepoint / Ghat Gateway,1117744820,living_street,Unnamed,1,no,,,no,no,3,65.88,1156.63,STATIC_ROAD_NETWORK
3409438,"Katraj Dairy, Pune - MPCB",18.4545,73.8542,Southern Highway Chokepoint / Ghat Gateway,1117744821,living_street,Unnamed,1,no,,,no,no,4,40.53,1181.34,STATIC_ROAD_NETWORK
3409438,"Katraj Dairy, Pune - MPCB",18.4545,73.8542,Southern Highway Chokepoint / Ghat Gateway,1117744822,residential,Unnamed,1,no,,,no,no,2,35.46,1143.17,STATIC_ROAD_NETWORK
3409438,"Katraj Dairy, Pune - MPCB",18.4545,73.8542,Southern Highway Chokepoint / Ghat Gateway,1117744823,residential,Unnamed,1,no,,,no,no,3,44.0,1128.73,STATIC_ROAD_NETWORK
3409438,"Katraj Dairy, Pune - MPCB",18.4545,73.8542,Southern Highway Chokepoint / Ghat Gateway,1117744824,living_street,Unnamed,1,no,,,no,no,5,87.35,1154.83,STATIC_ROAD_NETWORK
3409438,"Katraj Dairy, Pune - MPCB",18.4545,73.8542,Southern Highway Chokepoint / Ghat Gateway,1117744825,living_street,Unnamed,1,no,,,no,no,4,58.18,1181.28,STATIC_ROAD_NETWORK
3409438,"Katraj Dairy, Pune - MPCB",18.4545,73.8542,Southern Highway Chokepoint / Ghat Gateway,1117744826,residential,Unnamed,1,no,,,no,no,2,38.01,1087.78,STATIC_ROAD_NETWORK
3409438,"Katraj Dairy, Pune - MPCB",18.4545,73.8542,Southern Highway Chokepoint / Ghat Gateway,1117744893,residential,Unnamed,1,no,,,no,no,7,137.71,1175.88,STATIC_ROAD_NETWORK
3409438,"Katraj Dairy, Pune - MPCB",18.4545,73.8542,Southern Highway Chokepoint / Ghat Gateway,1117744894,residential,Unnamed,1,no,,,no,no,2,51.2,1224.19,STATIC_ROAD_NETWORK
3409438,"Katraj Dairy, Pune - MPCB",18.4545,73.8542,Southern Highway Chokepoint / Ghat Gateway,1117745102,living_street,Unnamed,1,no,,,no,no,2,61.38,1275.05,STATIC_ROAD_NETWORK
3409438,"Katraj Dairy, Pune - MPCB",18.4545,73.8542,Southern Highway Chokepoint / Ghat Gateway,1117745678,residential,Unnamed,1,no,,,no,no,7,76.93,1219.26,STATIC_ROAD_NETWORK
3409438,"Katraj Dairy, Pune - MPCB",18.4545,73.8542,Southern Highway Chokepoint / Ghat Gateway,1117745679,living_street,Unnamed,1,no,,,no,no,7,90.59,1255.46,STATIC_ROAD_NETWORK
3409438,"Katraj Dairy, Pune - MPCB",18.4545,73.8542,Southern Highway Chokepoint / Ghat Gateway,1117746539,residential,Unnamed,1,no,,,no,no,3,62.89,1290.91,STATIC_ROAD_NETWORK
3409438,"Katraj Dairy, Pune - MPCB",18.4545,73.8542,Southern Highway Chokepoint / Ghat Gateway,1117746540,residential,Unnamed,1,no,,,no,no,5,46.41,1316.67,STATIC_ROAD_NETWORK
3409438,"Katraj Dairy, Pune - MPCB",18.4545,73.8542,Southern Highway Chokepoint / Ghat Gateway,1117746725,living_street,Unnamed,1,no,,,no,no,2,48.67,1300.52,STATIC_ROAD_NETWORK
3409438,"Katraj Dairy, Pune - MPCB",18.4545,73.8542,Southern Highway Chokepoint / Ghat Gateway,1117747027,residential,Unnamed,1,no,,,no,no,7,130.21,1365.82,STATIC_ROAD_NETWORK
3409438,"Katraj Dairy, Pune - MPCB",18.4545,73.8542,Southern Highway Chokepoint / Ghat Gateway,1117748627,residential,Unnamed,1,no,,,no,no,2,110.18,1316.36,STATIC_ROAD_NETWORK
3409438,"Katraj Dairy, Pune - MPCB",18.4545,73.8542,Southern Highway Chokepoint / Ghat Gateway,1117750913,residential,Unnamed,1,no,,,no,no,5,58.25,1238.29,STATIC_ROAD_NETWORK
3409438,"Katraj Dairy, Pune - MPCB",18.4545,73.8542,Southern Highway Chokepoint / Ghat Gateway,1117750914,residential,Unnamed,1,no,,,no,no,9,123.82,1200.68,STATIC_ROAD_NETWORK
3409438,"Katraj Dairy, Pune - MPCB",18.4545,73.8542,Southern Highway Chokepoint / Ghat Gateway,1117751689,residential,Unnamed,1,no,,,no,no,5,109.16,1131.56,STATIC_ROAD_NETWORK
3409438,"Katraj Dairy, Pune - MPCB",18.4545,73.8542,Southern Highway Chokepoint / Ghat Gateway,1117751690,residential,Unnamed,1,no,,,no,no,6,65.77,1082.59,STATIC_ROAD_NETWORK
3409438,"Katraj Dairy, Pune - MPCB",18.4545,73.8542,Southern Highway Chokepoint / Ghat Gateway,1117751691,residential,Unnamed,1,no,,,no,no,2,34.18,1095.47,STATIC_ROAD_NETWORK
3409438,"Katraj Dairy, Pune - MPCB",18.4545,73.8542,Southern Highway Chokepoint / Ghat Gateway,1117752384,residential,Unnamed,1,no,,,no,no,6,52.32,1201.01,STATIC_ROAD_NETWORK
3409438,"Katraj Dairy, Pune - MPCB",18.4545,73.8542,Southern Highway Chokepoint / Ghat Gateway,1117752385,residential,Lane Number 14,1,no,,,no,no,3,56.88,1212.92,STATIC_ROAD_NETWORK
3409438,"Katraj Dairy, Pune - MPCB",18.4545,73.8542,Southern Highway Chokepoint / Ghat Gateway,1117752386,residential,Lane Number 13,1,no,,,no,no,3,53.03,1220.39,STATIC_ROAD_NETWORK
3409438,"Katraj Dairy, Pune - MPCB",18.4545,73.8542,Southern Highway Chokepoint / Ghat Gateway,1117752387,residential,Lane Number 11,1,no,,,no,no,3,56.34,1235.71,STATIC_ROAD_NETWORK
3409438,"Katraj Dairy, Pune - MPCB",18.4545,73.8542,Southern Highway Chokepoint / Ghat Gateway,1117753017,residential,Unnamed,1,no,,,no,no,4,36.46,1027.04,STATIC_ROAD_NETWORK
3409438,"Katraj Dairy, Pune - MPCB",18.4545,73.8542,Southern Highway Chokepoint / Ghat Gateway,1117753018,residential,Unnamed,1,no,,,no,no,3,137.67,996.81,STATIC_ROAD_NETWORK
3409438,"Katraj Dairy, Pune - MPCB",18.4545,73.8542,Southern Highway Chokepoint / Ghat Gateway,1117753019,residential,Unnamed,1,no,,,no,no,2,42.14,1054.77,STATIC_ROAD_NETWORK
3409438,"Katraj Dairy, Pune - MPCB",18.4545,73.8542,Southern Highway Chokepoint / Ghat Gateway,1117753020,residential,Unnamed,1,no,,,no,no,2,38.71,1147.31,STATIC_ROAD_NETWORK
3409438,"Katraj Dairy, Pune - MPCB",18.4545,73.8542,Southern Highway Chokepoint / Ghat Gateway,1117753021,residential,Unnamed,1,no,,,no,no,4,31.19,1019.98,STATIC_ROAD_NETWORK
3409438,"Katraj Dairy, Pune - MPCB",18.4545,73.8542,Southern Highway Chokepoint / Ghat Gateway,1117763521,residential,Unnamed,1,no,,,no,no,7,132.48,1312.24,STATIC_ROAD_NETWORK
3409438,"Katraj Dairy, Pune - MPCB",18.4545,73.8542,Southern Highway Chokepoint / Ghat Gateway,1117764667,residential,Unnamed,1,no,,,no,no,2,47.44,1396.79,STATIC_ROAD_NETWORK
3409438,"Katraj Dairy, Pune - MPCB",18.4545,73.8542,Southern Highway Chokepoint / Ghat Gateway,1117776244,residential,Unnamed,1,no,,,no,no,3,66.78,976.0,STATIC_ROAD_NETWORK
3409438,"Katraj Dairy, Pune - MPCB",18.4545,73.8542,Southern Highway Chokepoint / Ghat Gateway,1117776245,residential,Unnamed,1,no,,,no,no,2,32.88,1041.88,STATIC_ROAD_NETWORK
3409438,"Katraj Dairy, Pune - MPCB",18.4545,73.8542,Southern Highway Chokepoint / Ghat Gateway,1117776560,residential,Unnamed,1,no,,,no,no,3,27.95,1159.0,STATIC_ROAD_NETWORK
3409438,"Katraj Dairy, Pune - MPCB",18.4545,73.8542,Southern Highway Chokepoint / Ghat Gateway,1117776835,residential,Unnamed,1,no,,,no,no,6,74.7,1134.66,STATIC_ROAD_NETWORK
3409438,"Katraj Dairy, Pune - MPCB",18.4545,73.8542,Southern Highway Chokepoint / Ghat Gateway,1117777930,residential,Unnamed,1,no,,,no,no,2,35.61,1161.67,STATIC_ROAD_NETWORK
3409438,"Katraj Dairy, Pune - MPCB",18.4545,73.8542,Southern Highway Chokepoint / Ghat Gateway,1117777931,residential,Unnamed,1,no,,,no,no,4,79.53,1117.15,STATIC_ROAD_NETWORK
3409438,"Katraj Dairy, Pune - MPCB",18.4545,73.8542,Southern Highway Chokepoint / Ghat Gateway,1117777933,residential,Unnamed,1,no,,,no,no,3,67.49,1276.4,STATIC_ROAD_NETWORK
3409438,"Katraj Dairy, Pune - MPCB",18.4545,73.8542,Southern Highway Chokepoint / Ghat Gateway,1117778865,residential,Unnamed,1,no,,,no,no,2,38.83,1126.31,STATIC_ROAD_NETWORK
3409438,"Katraj Dairy, Pune - MPCB",18.4545,73.8542,Southern Highway Chokepoint / Ghat Gateway,1118314512,residential,Unnamed,1,no,,,no,no,2,114.5,1417.49,STATIC_ROAD_NETWORK
3409438,"Katraj Dairy, Pune - MPCB",18.4545,73.8542,Southern Highway Chokepoint / Ghat Gateway,1118315468,residential,Unnamed,1,no,,,no,no,2,74.91,1492.62,STATIC_ROAD_NETWORK
3409438,"Katraj Dairy, Pune - MPCB",18.4545,73.8542,Southern Highway Chokepoint / Ghat Gateway,1118315469,residential,Unnamed,1,no,,,no,no,2,58.11,1467.35,STATIC_ROAD_NETWORK
3409438,"Katraj Dairy, Pune - MPCB",18.4545,73.8542,Southern Highway Chokepoint / Ghat Gateway,1118315470,residential,Unnamed,1,no,,,no,no,3,64.89,1500.74,STATIC_ROAD_NETWORK
3409438,"Katraj Dairy, Pune - MPCB",18.4545,73.8542,Southern Highway Chokepoint / Ghat Gateway,1118315471,residential,Unnamed,1,no,,,no,no,2,35.95,1386.37,STATIC_ROAD_NETWORK
3409438,"Katraj Dairy, Pune - MPCB",18.4545,73.8542,Southern Highway Chokepoint / Ghat Gateway,1118315472,residential,Unnamed,1,no,,,no,no,2,19.63,1396.92,STATIC_ROAD_NETWORK
3409438,"Katraj Dairy, Pune - MPCB",18.4545,73.8542,Southern Highway Chokepoint / Ghat Gateway,1118315473,residential,Unnamed,1,no,,,no,no,2,22.3,1414.39,STATIC_ROAD_NETWORK
3409438,"Katraj Dairy, Pune - MPCB",18.4545,73.8542,Southern Highway Chokepoint / Ghat Gateway,1118315474,residential,Unnamed,1,no,,,no,no,2,28.37,1434.9,STATIC_ROAD_NETWORK
3409438,"Katraj Dairy, Pune - MPCB",18.4545,73.8542,Southern Highway Chokepoint / Ghat Gateway,1118315478,residential,Unnamed,1,no,,,no,no,3,62.89,1499.37,STATIC_ROAD_NETWORK
3409438,"Katraj Dairy, Pune - MPCB",18.4545,73.8542,Southern Highway Chokepoint / Ghat Gateway,1118316199,living_street,Unnamed,1,no,,,no,no,4,57.7,1480.57,STATIC_ROAD_NETWORK
3409438,"Katraj Dairy, Pune - MPCB",18.4545,73.8542,Southern Highway Chokepoint / Ghat Gateway,1118316200,living_street,Unnamed,1,no,,,no,no,2,45.57,1487.63,STATIC_ROAD_NETWORK
3409438,"Katraj Dairy, Pune - MPCB",18.4545,73.8542,Southern Highway Chokepoint / Ghat Gateway,1118321357,living_street,Unnamed,1,no,,,no,no,2,27.07,1053.99,STATIC_ROAD_NETWORK
3409438,"Katraj Dairy, Pune - MPCB",18.4545,73.8542,Southern Highway Chokepoint / Ghat Gateway,1118321358,living_street,Unnamed,1,no,,,no,no,3,27.27,1075.46,STATIC_ROAD_NETWORK
3409438,"Katraj Dairy, Pune - MPCB",18.4545,73.8542,Southern Highway Chokepoint / Ghat Gateway,1118321359,living_street,Unnamed,1,no,,,no,no,6,104.93,1034.86,STATIC_ROAD_NETWORK
3409438,"Katraj Dairy, Pune - MPCB",18.4545,73.8542,Southern Highway Chokepoint / Ghat Gateway,1118322672,residential,Unnamed,1,no,,,no,no,2,43.87,924.35,STATIC_ROAD_NETWORK
3409438,"Katraj Dairy, Pune - MPCB",18.4545,73.8542,Southern Highway Chokepoint / Ghat Gateway,1118322673,residential,Unnamed,1,no,,,no,no,2,45.13,954.55,STATIC_ROAD_NETWORK
3409438,"Katraj Dairy, Pune - MPCB",18.4545,73.8542,Southern Highway Chokepoint / Ghat Gateway,1118322676,residential,Unnamed,1,no,,,no,no,2,59.28,977.91,STATIC_ROAD_NETWORK
3409438,"Katraj Dairy, Pune - MPCB",18.4545,73.8542,Southern Highway Chokepoint / Ghat Gateway,1118323129,residential,Unnamed,1,no,,,no,no,14,218.42,1003.84,STATIC_ROAD_NETWORK
3409438,"Katraj Dairy, Pune - MPCB",18.4545,73.8542,Southern Highway Chokepoint / Ghat Gateway,1118323130,residential,Unnamed,1,no,,,no,no,2,103.19,1068.63,STATIC_ROAD_NETWORK
3409438,"Katraj Dairy, Pune - MPCB",18.4545,73.8542,Southern Highway Chokepoint / Ghat Gateway,1118324563,residential,Unnamed,1,no,,,no,no,2,32.91,1246.84,STATIC_ROAD_NETWORK
3409438,"Katraj Dairy, Pune - MPCB",18.4545,73.8542,Southern Highway Chokepoint / Ghat Gateway,1118324564,residential,Unnamed,1,no,,,no,no,5,92.65,1263.84,STATIC_ROAD_NETWORK
3409438,"Katraj Dairy, Pune - MPCB",18.4545,73.8542,Southern Highway Chokepoint / Ghat Gateway,1118324565,residential,Unnamed,1,no,,,no,no,3,43.83,1288.31,STATIC_ROAD_NETWORK
3409438,"Katraj Dairy, Pune - MPCB",18.4545,73.8542,Southern Highway Chokepoint / Ghat Gateway,1118324566,residential,Unnamed,1,no,,,no,no,8,89.07,1203.16,STATIC_ROAD_NETWORK
3409438,"Katraj Dairy, Pune - MPCB",18.4545,73.8542,Southern Highway Chokepoint / Ghat Gateway,1118325948,residential,Unnamed,1,no,,,no,no,8,93.47,1222.91,STATIC_ROAD_NETWORK
3409438,"Katraj Dairy, Pune - MPCB",18.4545,73.8542,Southern Highway Chokepoint / Ghat Gateway,1118326484,residential,Unnamed,1,no,,,no,no,3,54.03,1012.33,STATIC_ROAD_NETWORK
3409438,"Katraj Dairy, Pune - MPCB",18.4545,73.8542,Southern Highway Chokepoint / Ghat Gateway,1118328349,residential,Unnamed,1,no,,,no,no,2,27.41,1335.09,STATIC_ROAD_NETWORK
3409438,"Katraj Dairy, Pune - MPCB",18.4545,73.8542,Southern Highway Chokepoint / Ghat Gateway,1118328350,residential,Unnamed,1,no,,,no,no,2,21.45,1315.33,STATIC_ROAD_NETWORK
3409438,"Katraj Dairy, Pune - MPCB",18.4545,73.8542,Southern Highway Chokepoint / Ghat Gateway,1118329539,residential,Unnamed,1,no,,,no,no,3,68.7,1313.46,STATIC_ROAD_NETWORK
3409438,"Katraj Dairy, Pune - MPCB",18.4545,73.8542,Southern Highway Chokepoint / Ghat Gateway,1118329734,residential,Unnamed,1,no,,,no,no,2,55.34,1302.59,STATIC_ROAD_NETWORK
3409438,"Katraj Dairy, Pune - MPCB",18.4545,73.8542,Southern Highway Chokepoint / Ghat Gateway,1118330022,residential,Unnamed,1,no,,,no,no,2,30.91,1172.15,STATIC_ROAD_NETWORK
3409438,"Katraj Dairy, Pune - MPCB",18.4545,73.8542,Southern Highway Chokepoint / Ghat Gateway,1118330207,residential,Unnamed,1,no,,,no,no,2,23.42,823.11,STATIC_ROAD_NETWORK
3409438,"Katraj Dairy, Pune - MPCB",18.4545,73.8542,Southern Highway Chokepoint / Ghat Gateway,1118330880,residential,Unnamed,1,no,,,no,no,2,29.62,1420.13,STATIC_ROAD_NETWORK
3409438,"Katraj Dairy, Pune - MPCB",18.4545,73.8542,Southern Highway Chokepoint / Ghat Gateway,1118332560,residential,Unnamed,1,no,,,no,no,2,68.5,1467.85,STATIC_ROAD_NETWORK
3409438,"Katraj Dairy, Pune - MPCB",18.4545,73.8542,Southern Highway Chokepoint / Ghat Gateway,1118553671,residential,Unnamed,1,no,,,no,no,2,19.36,1285.39,STATIC_ROAD_NETWORK
3409438,"Katraj Dairy, Pune - MPCB",18.4545,73.8542,Southern Highway Chokepoint / Ghat Gateway,1118553672,residential,Unnamed,1,no,,,no,no,5,84.44,1305.39,STATIC_ROAD_NETWORK
3409438,"Katraj Dairy, Pune - MPCB",18.4545,73.8542,Southern Highway Chokepoint / Ghat Gateway,1118553674,residential,Unnamed,1,no,,,no,no,2,34.03,1351.18,STATIC_ROAD_NETWORK
3409438,"Katraj Dairy, Pune - MPCB",18.4545,73.8542,Southern Highway Chokepoint / Ghat Gateway,1118553675,residential,Unnamed,1,no,,,no,no,2,36.45,1333.1,STATIC_ROAD_NETWORK
3409438,"Katraj Dairy, Pune - MPCB",18.4545,73.8542,Southern Highway Chokepoint / Ghat Gateway,1118553676,residential,Unnamed,1,no,,,no,no,2,15.62,1358.85,STATIC_ROAD_NETWORK
3409438,"Katraj Dairy, Pune - MPCB",18.4545,73.8542,Southern Highway Chokepoint / Ghat Gateway,1118553677,residential,Unnamed,1,no,,,no,no,5,145.64,1326.83,STATIC_ROAD_NETWORK
3409438,"Katraj Dairy, Pune - MPCB",18.4545,73.8542,Southern Highway Chokepoint / Ghat Gateway,1118576187,residential,Unnamed,1,no,,,no,no,2,35.55,1409.05,STATIC_ROAD_NETWORK
3409438,"Katraj Dairy, Pune - MPCB",18.4545,73.8542,Southern Highway Chokepoint / Ghat Gateway,1118576189,residential,Unnamed,1,no,,,no,no,2,47.96,1396.21,STATIC_ROAD_NETWORK
3409438,"Katraj Dairy, Pune - MPCB",18.4545,73.8542,Southern Highway Chokepoint / Ghat Gateway,1118576190,living_street,Unnamed,1,no,,,no,no,2,33.93,1473.47,STATIC_ROAD_NETWORK
3409438,"Katraj Dairy, Pune - MPCB",18.4545,73.8542,Southern Highway Chokepoint / Ghat Gateway,1118576192,living_street,Unnamed,1,no,,,no,no,2,42.39,1472.46,STATIC_ROAD_NETWORK
3409438,"Katraj Dairy, Pune - MPCB",18.4545,73.8542,Southern Highway Chokepoint / Ghat Gateway,1118576193,living_street,Unnamed,1,no,,,no,no,2,42.71,1476.09,STATIC_ROAD_NETWORK
3409438,"Katraj Dairy, Pune - MPCB",18.4545,73.8542,Southern Highway Chokepoint / Ghat Gateway,1118583824,residential,Unnamed,1,no,,,no,no,2,70.69,1366.31,STATIC_ROAD_NETWORK
3409438,"Katraj Dairy, Pune - MPCB",18.4545,73.8542,Southern Highway Chokepoint / Ghat Gateway,1118583825,residential,Unnamed,1,no,,,no,no,2,37.68,1449.16,STATIC_ROAD_NETWORK
3409438,"Katraj Dairy, Pune - MPCB",18.4545,73.8542,Southern Highway Chokepoint / Ghat Gateway,1118583826,residential,Unnamed,1,no,,,no,no,2,67.44,1286.79,STATIC_ROAD_NETWORK
3409438,"Katraj Dairy, Pune - MPCB",18.4545,73.8542,Southern Highway Chokepoint / Ghat Gateway,1118583827,residential,Unnamed,1,no,,,no,no,2,28.93,1377.32,STATIC_ROAD_NETWORK
3409438,"Katraj Dairy, Pune - MPCB",18.4545,73.8542,Southern Highway Chokepoint / Ghat Gateway,1118583828,residential,Unnamed,1,no,,,no,no,2,47.23,1322.15,STATIC_ROAD_NETWORK
3409438,"Katraj Dairy, Pune - MPCB",18.4545,73.8542,Southern Highway Chokepoint / Ghat Gateway,1118583829,residential,Unnamed,1,no,,,no,no,2,21.86,1314.55,STATIC_ROAD_NETWORK
3409438,"Katraj Dairy, Pune - MPCB",18.4545,73.8542,Southern Highway Chokepoint / Ghat Gateway,1118583830,residential,Unnamed,1,no,,,no,no,2,44.28,1299.6,STATIC_ROAD_NETWORK
3409438,"Katraj Dairy, Pune - MPCB",18.4545,73.8542,Southern Highway Chokepoint / Ghat Gateway,1118583831,residential,Unnamed,1,no,,,no,no,4,35.62,1274.29,STATIC_ROAD_NETWORK
3409438,"Katraj Dairy, Pune - MPCB",18.4545,73.8542,Southern Highway Chokepoint / Ghat Gateway,1118583832,residential,Unnamed,1,no,,,no,no,2,29.19,1259.55,STATIC_ROAD_NETWORK
3409438,"Katraj Dairy, Pune - MPCB",18.4545,73.8542,Southern Highway Chokepoint / Ghat Gateway,1118583833,residential,Unnamed,1,no,,,no,no,2,49.19,1267.67,STATIC_ROAD_NETWORK
3409438,"Katraj Dairy, Pune - MPCB",18.4545,73.8542,Southern Highway Chokepoint / Ghat Gateway,1118583834,residential,Unnamed,1,no,,,no,no,6,83.0,1403.46,STATIC_ROAD_NETWORK
3409438,"Katraj Dairy, Pune - MPCB",18.4545,73.8542,Southern Highway Chokepoint / Ghat Gateway,1118583835,residential,Unnamed,1,no,,,no,no,3,47.65,1394.52,STATIC_ROAD_NETWORK
3409438,"Katraj Dairy, Pune - MPCB",18.4545,73.8542,Southern Highway Chokepoint / Ghat Gateway,1118591954,residential,Unnamed,1,no,,,no,no,4,78.74,1481.93,STATIC_ROAD_NETWORK
3409438,"Katraj Dairy, Pune - MPCB",18.4545,73.8542,Southern Highway Chokepoint / Ghat Gateway,1118591955,residential,Unnamed,1,no,,,no,no,2,29.18,1481.62,STATIC_ROAD_NETWORK
3409438,"Katraj Dairy, Pune - MPCB",18.4545,73.8542,Southern Highway Chokepoint / Ghat Gateway,1118591956,residential,Unnamed,1,no,,,no,no,2,27.18,1480.81,STATIC_ROAD_NETWORK
3409438,"Katraj Dairy, Pune - MPCB",18.4545,73.8542,Southern Highway Chokepoint / Ghat Gateway,1118591957,residential,Unnamed,1,no,,,no,no,2,27.48,1480.83,STATIC_ROAD_NETWORK
3409438,"Katraj Dairy, Pune - MPCB",18.4545,73.8542,Southern Highway Chokepoint / Ghat Gateway,1118591958,residential,Unnamed,1,no,,,no,no,2,28.12,1481.5,STATIC_ROAD_NETWORK
3409438,"Katraj Dairy, Pune - MPCB",18.4545,73.8542,Southern Highway Chokepoint / Ghat Gateway,1118591959,residential,Unnamed,1,no,,,no,no,2,38.93,1483.13,STATIC_ROAD_NETWORK
3409438,"Katraj Dairy, Pune - MPCB",18.4545,73.8542,Southern Highway Chokepoint / Ghat Gateway,1118591960,residential,Unnamed,1,no,,,no,no,2,26.07,1482.35,STATIC_ROAD_NETWORK
3409438,"Katraj Dairy, Pune - MPCB",18.4545,73.8542,Southern Highway Chokepoint / Ghat Gateway,1118591962,residential,Unnamed,1,no,,,no,no,2,29.05,1452.58,STATIC_ROAD_NETWORK
3409438,"Katraj Dairy, Pune - MPCB",18.4545,73.8542,Southern Highway Chokepoint / Ghat Gateway,1118593913,residential,Unnamed,1,no,,,no,no,2,43.32,1413.86,STATIC_ROAD_NETWORK
3409438,"Katraj Dairy, Pune - MPCB",18.4545,73.8542,Southern Highway Chokepoint / Ghat Gateway,1118594166,residential,Unnamed,1,no,,,no,no,3,28.86,1441.16,STATIC_ROAD_NETWORK
3409438,"Katraj Dairy, Pune - MPCB",18.4545,73.8542,Southern Highway Chokepoint / Ghat Gateway,1118594167,residential,Unnamed,1,no,,,no,no,2,65.21,1372.1,STATIC_ROAD_NETWORK
3409438,"Katraj Dairy, Pune - MPCB",18.4545,73.8542,Southern Highway Chokepoint / Ghat Gateway,1118594168,residential,Unnamed,1,no,,,no,no,2,30.52,1408.19,STATIC_ROAD_NETWORK
3409438,"Katraj Dairy, Pune - MPCB",18.4545,73.8542,Southern Highway Chokepoint / Ghat Gateway,1118594169,residential,Unnamed,1,no,,,no,no,2,62.0,1352.25,STATIC_ROAD_NETWORK
3409438,"Katraj Dairy, Pune - MPCB",18.4545,73.8542,Southern Highway Chokepoint / Ghat Gateway,1118594170,residential,Unnamed,1,no,,,no,no,6,41.7,1370.29,STATIC_ROAD_NETWORK
3409438,"Katraj Dairy, Pune - MPCB",18.4545,73.8542,Southern Highway Chokepoint / Ghat Gateway,1118594171,residential,Unnamed,1,no,,,no,no,7,65.94,1340.26,STATIC_ROAD_NETWORK
3409438,"Katraj Dairy, Pune - MPCB",18.4545,73.8542,Southern Highway Chokepoint / Ghat Gateway,1118594172,residential,Unnamed,1,no,,,no,no,4,26.72,1395.01,STATIC_ROAD_NETWORK
3409438,"Katraj Dairy, Pune - MPCB",18.4545,73.8542,Southern Highway Chokepoint / Ghat Gateway,1118594173,residential,Unnamed,1,no,,,no,no,2,32.81,1408.0,STATIC_ROAD_NETWORK
3409438,"Katraj Dairy, Pune - MPCB",18.4545,73.8542,Southern Highway Chokepoint / Ghat Gateway,1118594698,residential,Unnamed,1,no,,,no,no,4,37.11,1323.49,STATIC_ROAD_NETWORK
3409438,"Katraj Dairy, Pune - MPCB",18.4545,73.8542,Southern Highway Chokepoint / Ghat Gateway,1118594699,residential,Unnamed,1,no,,,no,no,2,39.51,1325.94,STATIC_ROAD_NETWORK
3409438,"Katraj Dairy, Pune - MPCB",18.4545,73.8542,Southern Highway Chokepoint / Ghat Gateway,1118594700,residential,Unnamed,1,no,,,no,no,2,40.96,1345.91,STATIC_ROAD_NETWORK
3409438,"Katraj Dairy, Pune - MPCB",18.4545,73.8542,Southern Highway Chokepoint / Ghat Gateway,1118595032,residential,Unnamed,1,no,,,no,no,2,40.59,1307.16,STATIC_ROAD_NETWORK
3409438,"Katraj Dairy, Pune - MPCB",18.4545,73.8542,Southern Highway Chokepoint / Ghat Gateway,1118595033,residential,Unnamed,1,no,,,no,no,4,59.69,1250.41,STATIC_ROAD_NETWORK
3409438,"Katraj Dairy, Pune - MPCB",18.4545,73.8542,Southern Highway Chokepoint / Ghat Gateway,1118595034,residential,Unnamed,1,no,,,no,no,2,15.31,1270.34,STATIC_ROAD_NETWORK
3409438,"Katraj Dairy, Pune - MPCB",18.4545,73.8542,Southern Highway Chokepoint / Ghat Gateway,1118595035,residential,Unnamed,1,no,,,no,no,2,56.43,1273.13,STATIC_ROAD_NETWORK
3409438,"Katraj Dairy, Pune - MPCB",18.4545,73.8542,Southern Highway Chokepoint / Ghat Gateway,1118595036,residential,Unnamed,1,no,,,no,no,2,55.63,1294.31,STATIC_ROAD_NETWORK
3409438,"Katraj Dairy, Pune - MPCB",18.4545,73.8542,Southern Highway Chokepoint / Ghat Gateway,1118596767,residential,Unnamed,1,no,,,no,no,3,100.1,1461.48,STATIC_ROAD_NETWORK
3409438,"Katraj Dairy, Pune - MPCB",18.4545,73.8542,Southern Highway Chokepoint / Ghat Gateway,1118596768,residential,Unnamed,1,no,,,no,no,2,62.69,1414.96,STATIC_ROAD_NETWORK
3409438,"Katraj Dairy, Pune - MPCB",18.4545,73.8542,Southern Highway Chokepoint / Ghat Gateway,1118596769,residential,Unnamed,1,no,,,no,no,2,56.51,1417.65,STATIC_ROAD_NETWORK
3409438,"Katraj Dairy, Pune - MPCB",18.4545,73.8542,Southern Highway Chokepoint / Ghat Gateway,1118596772,residential,Unnamed,1,no,,,no,no,6,61.64,1335.63,STATIC_ROAD_NETWORK
3409438,"Katraj Dairy, Pune - MPCB",18.4545,73.8542,Southern Highway Chokepoint / Ghat Gateway,1118599571,residential,Unnamed,1,no,,,no,no,3,33.07,1247.4,STATIC_ROAD_NETWORK
3409438,"Katraj Dairy, Pune - MPCB",18.4545,73.8542,Southern Highway Chokepoint / Ghat Gateway,1118599572,residential,Unnamed,1,no,,,no,no,5,29.1,1261.96,STATIC_ROAD_NETWORK
3409438,"Katraj Dairy, Pune - MPCB",18.4545,73.8542,Southern Highway Chokepoint / Ghat Gateway,1118599573,residential,Unnamed,1,no,,,no,no,4,41.17,1176.25,STATIC_ROAD_NETWORK
3409438,"Katraj Dairy, Pune - MPCB",18.4545,73.8542,Southern Highway Chokepoint / Ghat Gateway,1118599574,residential,Unnamed,1,no,,unpaved,no,no,5,155.08,1054.78,STATIC_ROAD_NETWORK
3409438,"Katraj Dairy, Pune - MPCB",18.4545,73.8542,Southern Highway Chokepoint / Ghat Gateway,1118599575,residential,Unnamed,1,no,,,no,no,3,115.75,873.81,STATIC_ROAD_NETWORK
3409438,"Katraj Dairy, Pune - MPCB",18.4545,73.8542,Southern Highway Chokepoint / Ghat Gateway,1118599576,residential,Unnamed,1,no,,,no,no,2,53.31,807.41,STATIC_ROAD_NETWORK
3409438,"Katraj Dairy, Pune - MPCB",18.4545,73.8542,Southern Highway Chokepoint / Ghat Gateway,1118599577,residential,Unnamed,1,no,,,no,no,3,47.13,826.27,STATIC_ROAD_NETWORK
3409438,"Katraj Dairy, Pune - MPCB",18.4545,73.8542,Southern Highway Chokepoint / Ghat Gateway,1118599578,living_street,Unnamed,1,no,,,no,no,4,38.91,905.2,STATIC_ROAD_NETWORK
3409438,"Katraj Dairy, Pune - MPCB",18.4545,73.8542,Southern Highway Chokepoint / Ghat Gateway,1118599579,residential,Unnamed,1,no,,,no,no,7,224.82,1072.44,STATIC_ROAD_NETWORK
3409438,"Katraj Dairy, Pune - MPCB",18.4545,73.8542,Southern Highway Chokepoint / Ghat Gateway,1118599580,residential,Unnamed,1,no,,,no,no,2,21.15,1047.72,STATIC_ROAD_NETWORK
3409438,"Katraj Dairy, Pune - MPCB",18.4545,73.8542,Southern Highway Chokepoint / Ghat Gateway,1118599581,residential,Unnamed,1,no,,,no,no,2,24.74,1047.72,STATIC_ROAD_NETWORK
3409438,"Katraj Dairy, Pune - MPCB",18.4545,73.8542,Southern Highway Chokepoint / Ghat Gateway,1118599583,residential,Unnamed,1,no,,,no,no,3,50.34,1177.56,STATIC_ROAD_NETWORK
3409438,"Katraj Dairy, Pune - MPCB",18.4545,73.8542,Southern Highway Chokepoint / Ghat Gateway,1118599585,residential,Unnamed,1,no,,,no,no,2,32.26,1136.89,STATIC_ROAD_NETWORK
3409438,"Katraj Dairy, Pune - MPCB",18.4545,73.8542,Southern Highway Chokepoint / Ghat Gateway,1118599586,residential,Unnamed,1,no,,,no,no,4,37.82,1207.46,STATIC_ROAD_NETWORK
3409438,"Katraj Dairy, Pune - MPCB",18.4545,73.8542,Southern Highway Chokepoint / Ghat Gateway,1118599587,residential,Unnamed,1,no,,,no,no,5,117.17,1189.53,STATIC_ROAD_NETWORK
3409438,"Katraj Dairy, Pune - MPCB",18.4545,73.8542,Southern Highway Chokepoint / Ghat Gateway,1118599588,residential,Unnamed,1,no,,,no,no,2,15.35,1186.63,STATIC_ROAD_NETWORK
3409438,"Katraj Dairy, Pune - MPCB",18.4545,73.8542,Southern Highway Chokepoint / Ghat Gateway,1118599589,residential,Unnamed,1,no,,,no,no,6,89.32,1269.74,STATIC_ROAD_NETWORK
3409438,"Katraj Dairy, Pune - MPCB",18.4545,73.8542,Southern Highway Chokepoint / Ghat Gateway,1118600112,residential,Unnamed,1,no,,,no,no,12,138.93,1419.12,STATIC_ROAD_NETWORK
3409438,"Katraj Dairy, Pune - MPCB",18.4545,73.8542,Southern Highway Chokepoint / Ghat Gateway,1118600113,residential,Unnamed,1,no,,,no,no,3,110.64,1437.84,STATIC_ROAD_NETWORK
3409438,"Katraj Dairy, Pune - MPCB",18.4545,73.8542,Southern Highway Chokepoint / Ghat Gateway,1118600114,residential,Unnamed,1,no,,,no,no,3,53.34,1498.81,STATIC_ROAD_NETWORK
3409438,"Katraj Dairy, Pune - MPCB",18.4545,73.8542,Southern Highway Chokepoint / Ghat Gateway,1118600116,residential,Unnamed,1,no,,,no,no,2,34.2,1364.98,STATIC_ROAD_NETWORK
3409438,"Katraj Dairy, Pune - MPCB",18.4545,73.8542,Southern Highway Chokepoint / Ghat Gateway,1118600117,residential,Unnamed,1,no,,,no,no,2,47.81,1329.06,STATIC_ROAD_NETWORK
3409438,"Katraj Dairy, Pune - MPCB",18.4545,73.8542,Southern Highway Chokepoint / Ghat Gateway,1119830153,living_street,Unnamed,1,no,,,no,no,2,48.87,1454.77,STATIC_ROAD_NETWORK
3409438,"Katraj Dairy, Pune - MPCB",18.4545,73.8542,Southern Highway Chokepoint / Ghat Gateway,1119830154,living_street,Unnamed,1,no,,,no,no,2,48.39,1439.93,STATIC_ROAD_NETWORK
3409438,"Katraj Dairy, Pune - MPCB",18.4545,73.8542,Southern Highway Chokepoint / Ghat Gateway,1119830155,residential,Unnamed,1,no,,,no,no,3,80.42,1344.48,STATIC_ROAD_NETWORK
3409438,"Katraj Dairy, Pune - MPCB",18.4545,73.8542,Southern Highway Chokepoint / Ghat Gateway,1119830157,living_street,Unnamed,1,no,,,no,no,2,25.76,1382.37,STATIC_ROAD_NETWORK
3409438,"Katraj Dairy, Pune - MPCB",18.4545,73.8542,Southern Highway Chokepoint / Ghat Gateway,1119830158,living_street,Unnamed,1,no,,,no,no,2,44.36,1389.81,STATIC_ROAD_NETWORK
3409438,"Katraj Dairy, Pune - MPCB",18.4545,73.8542,Southern Highway Chokepoint / Ghat Gateway,1119830159,living_street,Unnamed,1,no,,,no,no,2,37.52,1405.51,STATIC_ROAD_NETWORK
3409438,"Katraj Dairy, Pune - MPCB",18.4545,73.8542,Southern Highway Chokepoint / Ghat Gateway,1119830160,living_street,Unnamed,1,no,,,no,no,2,8.63,1405.51,STATIC_ROAD_NETWORK
3409438,"Katraj Dairy, Pune - MPCB",18.4545,73.8542,Southern Highway Chokepoint / Ghat Gateway,1119830161,living_street,Unnamed,1,no,,,no,no,3,45.76,1400.22,STATIC_ROAD_NETWORK
3409438,"Katraj Dairy, Pune - MPCB",18.4545,73.8542,Southern Highway Chokepoint / Ghat Gateway,1119830162,living_street,Unnamed,1,no,,,no,no,4,57.32,1411.2,STATIC_ROAD_NETWORK
3409438,"Katraj Dairy, Pune - MPCB",18.4545,73.8542,Southern Highway Chokepoint / Ghat Gateway,1119830163,residential,Unnamed,1,no,,,no,no,2,26.81,1352.82,STATIC_ROAD_NETWORK
3409438,"Katraj Dairy, Pune - MPCB",18.4545,73.8542,Southern Highway Chokepoint / Ghat Gateway,1119830164,residential,Unnamed,1,no,,,no,no,2,30.32,1316.17,STATIC_ROAD_NETWORK
3409438,"Katraj Dairy, Pune - MPCB",18.4545,73.8542,Southern Highway Chokepoint / Ghat Gateway,1119830165,living_street,Unnamed,1,no,,,no,no,6,105.54,1292.09,STATIC_ROAD_NETWORK
3409438,"Katraj Dairy, Pune - MPCB",18.4545,73.8542,Southern Highway Chokepoint / Ghat Gateway,1119830166,living_street,Unnamed,1,no,,,no,no,2,42.19,1350.1,STATIC_ROAD_NETWORK
3409438,"Katraj Dairy, Pune - MPCB",18.4545,73.8542,Southern Highway Chokepoint / Ghat Gateway,1119830167,living_street,Unnamed,1,no,,,no,no,2,39.61,1331.54,STATIC_ROAD_NETWORK
3409438,"Katraj Dairy, Pune - MPCB",18.4545,73.8542,Southern Highway Chokepoint / Ghat Gateway,1119830168,living_street,Unnamed,1,no,,,no,no,4,48.16,1369.91,STATIC_ROAD_NETWORK
3409438,"Katraj Dairy, Pune - MPCB",18.4545,73.8542,Southern Highway Chokepoint / Ghat Gateway,1119830664,living_street,Unnamed,1,no,,,no,no,2,48.31,1292.02,STATIC_ROAD_NETWORK
3409438,"Katraj Dairy, Pune - MPCB",18.4545,73.8542,Southern Highway Chokepoint / Ghat Gateway,1119830665,living_street,Unnamed,1,no,,,no,no,2,9.71,1336.74,STATIC_ROAD_NETWORK
3409438,"Katraj Dairy, Pune - MPCB",18.4545,73.8542,Southern Highway Chokepoint / Ghat Gateway,1119830666,living_street,Unnamed,1,no,,,no,no,2,20.59,1345.32,STATIC_ROAD_NETWORK
3409438,"Katraj Dairy, Pune - MPCB",18.4545,73.8542,Southern Highway Chokepoint / Ghat Gateway,1119830667,living_street,Unnamed,1,no,,,no,no,3,59.83,1289.28,STATIC_ROAD_NETWORK
3409438,"Katraj Dairy, Pune - MPCB",18.4545,73.8542,Southern Highway Chokepoint / Ghat Gateway,1119830668,residential,Unnamed,1,no,,,no,no,2,25.05,1251.4,STATIC_ROAD_NETWORK
3409438,"Katraj Dairy, Pune - MPCB",18.4545,73.8542,Southern Highway Chokepoint / Ghat Gateway,1119830669,living_street,Unnamed,1,no,,,no,no,5,85.31,1291.18,STATIC_ROAD_NETWORK
3409438,"Katraj Dairy, Pune - MPCB",18.4545,73.8542,Southern Highway Chokepoint / Ghat Gateway,1119830670,residential,Unnamed,1,no,,,no,no,2,31.36,1230.99,STATIC_ROAD_NETWORK
3409438,"Katraj Dairy, Pune - MPCB",18.4545,73.8542,Southern Highway Chokepoint / Ghat Gateway,1119831452,residential,Unnamed,1,no,,,no,no,3,68.91,1214.42,STATIC_ROAD_NETWORK
3409438,"Katraj Dairy, Pune - MPCB",18.4545,73.8542,Southern Highway Chokepoint / Ghat Gateway,1119831453,residential,Unnamed,1,no,,,no,no,2,77.34,1250.68,STATIC_ROAD_NETWORK
3409438,"Katraj Dairy, Pune - MPCB",18.4545,73.8542,Southern Highway Chokepoint / Ghat Gateway,1119831454,residential,Unnamed,1,no,,,no,no,2,74.01,1258.02,STATIC_ROAD_NETWORK
3409438,"Katraj Dairy, Pune - MPCB",18.4545,73.8542,Southern Highway Chokepoint / Ghat Gateway,1119831455,residential,Unnamed,1,no,,,no,no,2,36.45,1195.33,STATIC_ROAD_NETWORK
3409438,"Katraj Dairy, Pune - MPCB",18.4545,73.8542,Southern Highway Chokepoint / Ghat Gateway,1119831456,residential,Unnamed,1,no,,,no,no,2,29.31,1226.02,STATIC_ROAD_NETWORK
3409438,"Katraj Dairy, Pune - MPCB",18.4545,73.8542,Southern Highway Chokepoint / Ghat Gateway,1119831457,residential,Unnamed,1,no,,,no,no,2,37.21,1207.65,STATIC_ROAD_NETWORK
3409438,"Katraj Dairy, Pune - MPCB",18.4545,73.8542,Southern Highway Chokepoint / Ghat Gateway,1119831458,residential,Unnamed,1,no,,,no,no,2,59.48,1355.28,STATIC_ROAD_NETWORK
3409438,"Katraj Dairy, Pune - MPCB",18.4545,73.8542,Southern Highway Chokepoint / Ghat Gateway,1119831459,residential,Unnamed,1,no,,,no,no,2,47.89,1374.27,STATIC_ROAD_NETWORK
3409438,"Katraj Dairy, Pune - MPCB",18.4545,73.8542,Southern Highway Chokepoint / Ghat Gateway,1119834741,residential,Unnamed,1,no,,,no,no,5,71.13,1399.61,STATIC_ROAD_NETWORK
3409438,"Katraj Dairy, Pune - MPCB",18.4545,73.8542,Southern Highway Chokepoint / Ghat Gateway,1120504697,residential,Unnamed,1,no,,,no,no,2,5.64,510.24,STATIC_ROAD_NETWORK
3409438,"Katraj Dairy, Pune - MPCB",18.4545,73.8542,Southern Highway Chokepoint / Ghat Gateway,1124354101,residential,Unnamed,1,no,,,no,no,2,20.6,599.52,STATIC_ROAD_NETWORK
3409438,"Katraj Dairy, Pune - MPCB",18.4545,73.8542,Southern Highway Chokepoint / Ghat Gateway,1125364282,residential,Unnamed,1,no,,,no,no,2,72.79,667.04,STATIC_ROAD_NETWORK
3409438,"Katraj Dairy, Pune - MPCB",18.4545,73.8542,Southern Highway Chokepoint / Ghat Gateway,1125364283,residential,Unnamed,1,no,,,no,no,2,61.42,583.7,STATIC_ROAD_NETWORK
3409438,"Katraj Dairy, Pune - MPCB",18.4545,73.8542,Southern Highway Chokepoint / Ghat Gateway,1128439214,residential,Unnamed,1,no,,,no,no,2,18.77,957.71,STATIC_ROAD_NETWORK
3409438,"Katraj Dairy, Pune - MPCB",18.4545,73.8542,Southern Highway Chokepoint / Ghat Gateway,1130978113,residential,Unnamed,1,no,,,no,no,2,68.07,779.66,STATIC_ROAD_NETWORK
3409438,"Katraj Dairy, Pune - MPCB",18.4545,73.8542,Southern Highway Chokepoint / Ghat Gateway,1131535358,residential,Unnamed,1,no,,,no,no,2,88.34,664.74,STATIC_ROAD_NETWORK
3409438,"Katraj Dairy, Pune - MPCB",18.4545,73.8542,Southern Highway Chokepoint / Ghat Gateway,1131535954,residential,Unnamed,1,no,,,no,no,2,41.18,907.48,STATIC_ROAD_NETWORK
3409438,"Katraj Dairy, Pune - MPCB",18.4545,73.8542,Southern Highway Chokepoint / Ghat Gateway,1131535955,residential,Unnamed,1,no,,,no,no,4,210.49,907.48,STATIC_ROAD_NETWORK
3409438,"Katraj Dairy, Pune - MPCB",18.4545,73.8542,Southern Highway Chokepoint / Ghat Gateway,1132411289,residential,Unnamed,1,no,,,no,no,5,110.81,1241.91,STATIC_ROAD_NETWORK
3409438,"Katraj Dairy, Pune - MPCB",18.4545,73.8542,Southern Highway Chokepoint / Ghat Gateway,1160398435,trunk,Katraj Kondhwa Road,2,yes,,,no,no,5,67.1,860.72,STATIC_ROAD_NETWORK
3409438,"Katraj Dairy, Pune - MPCB",18.4545,73.8542,Southern Highway Chokepoint / Ghat Gateway,1161301651,tertiary,Mediacal College Road,1,no,,,no,no,3,18.79,340.57,STATIC_ROAD_NETWORK
3409438,"Katraj Dairy, Pune - MPCB",18.4545,73.8542,Southern Highway Chokepoint / Ghat Gateway,1161999148,residential,Unnamed,1,no,,asphalt,no,no,4,77.3,329.75,STATIC_ROAD_NETWORK
3409438,"Katraj Dairy, Pune - MPCB",18.4545,73.8542,Southern Highway Chokepoint / Ghat Gateway,1162020539,tertiary,Wonder City Road,1,no,,,no,no,3,197.37,57.08,STATIC_ROAD_NETWORK
3409438,"Katraj Dairy, Pune - MPCB",18.4545,73.8542,Southern Highway Chokepoint / Ghat Gateway,1181955657,living_street,Unnamed,1,no,,,no,no,2,53.87,733.93,STATIC_ROAD_NETWORK
3409438,"Katraj Dairy, Pune - MPCB",18.4545,73.8542,Southern Highway Chokepoint / Ghat Gateway,1181957381,living_street,Unnamed,1,no,,,no,no,10,80.26,925.34,STATIC_ROAD_NETWORK
3409438,"Katraj Dairy, Pune - MPCB",18.4545,73.8542,Southern Highway Chokepoint / Ghat Gateway,1182166862,residential,Unnamed,1,no,,,no,no,2,29.55,768.57,STATIC_ROAD_NETWORK
3409438,"Katraj Dairy, Pune - MPCB",18.4545,73.8542,Southern Highway Chokepoint / Ghat Gateway,1182170143,residential,Unnamed,1,no,,,no,no,2,60.65,1270.9,STATIC_ROAD_NETWORK
3409438,"Katraj Dairy, Pune - MPCB",18.4545,73.8542,Southern Highway Chokepoint / Ghat Gateway,1182173753,residential,Unnamed,1,no,,,no,no,2,34.8,1304.91,STATIC_ROAD_NETWORK
3409438,"Katraj Dairy, Pune - MPCB",18.4545,73.8542,Southern Highway Chokepoint / Ghat Gateway,1182173952,residential,Unnamed,1,no,,,no,no,5,90.53,1174.66,STATIC_ROAD_NETWORK
3409438,"Katraj Dairy, Pune - MPCB",18.4545,73.8542,Southern Highway Chokepoint / Ghat Gateway,1182173953,residential,Unnamed,1,no,,,no,no,2,42.03,1196.35,STATIC_ROAD_NETWORK
3409438,"Katraj Dairy, Pune - MPCB",18.4545,73.8542,Southern Highway Chokepoint / Ghat Gateway,1182174175,residential,Unnamed,1,no,,,no,no,3,41.71,1369.26,STATIC_ROAD_NETWORK
3409438,"Katraj Dairy, Pune - MPCB",18.4545,73.8542,Southern Highway Chokepoint / Ghat Gateway,1182178624,residential,Unnamed,1,no,,,no,no,2,30.53,1407.14,STATIC_ROAD_NETWORK
3409438,"Katraj Dairy, Pune - MPCB",18.4545,73.8542,Southern Highway Chokepoint / Ghat Gateway,1182394185,residential,Unnamed,1,no,,,no,no,4,42.89,1318.22,STATIC_ROAD_NETWORK
3409438,"Katraj Dairy, Pune - MPCB",18.4545,73.8542,Southern Highway Chokepoint / Ghat Gateway,1182639007,residential,Unnamed,1,no,,,no,no,4,83.85,1034.79,STATIC_ROAD_NETWORK
3409438,"Katraj Dairy, Pune - MPCB",18.4545,73.8542,Southern Highway Chokepoint / Ghat Gateway,1182639214,residential,Unnamed,1,no,,,no,no,3,73.84,1253.49,STATIC_ROAD_NETWORK
3409438,"Katraj Dairy, Pune - MPCB",18.4545,73.8542,Southern Highway Chokepoint / Ghat Gateway,1182656820,residential,Unnamed,1,no,,,no,no,8,141.65,1299.74,STATIC_ROAD_NETWORK
3409438,"Katraj Dairy, Pune - MPCB",18.4545,73.8542,Southern Highway Chokepoint / Ghat Gateway,1182662383,residential,Unnamed,1,no,,,no,no,5,38.24,1116.59,STATIC_ROAD_NETWORK
3409438,"Katraj Dairy, Pune - MPCB",18.4545,73.8542,Southern Highway Chokepoint / Ghat Gateway,1182662384,residential,Unnamed,1,no,,,no,no,3,37.39,1102.81,STATIC_ROAD_NETWORK
3409438,"Katraj Dairy, Pune - MPCB",18.4545,73.8542,Southern Highway Chokepoint / Ghat Gateway,1183295031,residential,Unnamed,1,no,,,no,no,2,45.06,1421.1,STATIC_ROAD_NETWORK
3409438,"Katraj Dairy, Pune - MPCB",18.4545,73.8542,Southern Highway Chokepoint / Ghat Gateway,1183298214,residential,Unnamed,1,no,,,no,no,2,39.69,1095.01,STATIC_ROAD_NETWORK
3409438,"Katraj Dairy, Pune - MPCB",18.4545,73.8542,Southern Highway Chokepoint / Ghat Gateway,1183299587,residential,Unnamed,1,no,,,no,no,2,22.72,1363.11,STATIC_ROAD_NETWORK
3409438,"Katraj Dairy, Pune - MPCB",18.4545,73.8542,Southern Highway Chokepoint / Ghat Gateway,1183299588,residential,Unnamed,1,no,,,no,no,3,4.1,1363.11,STATIC_ROAD_NETWORK
3409438,"Katraj Dairy, Pune - MPCB",18.4545,73.8542,Southern Highway Chokepoint / Ghat Gateway,1184118442,residential,Unnamed,1,no,,,no,no,7,157.24,886.46,STATIC_ROAD_NETWORK
3409438,"Katraj Dairy, Pune - MPCB",18.4545,73.8542,Southern Highway Chokepoint / Ghat Gateway,1184118443,residential,Unnamed,1,no,,,no,no,2,15.97,927.81,STATIC_ROAD_NETWORK
3409438,"Katraj Dairy, Pune - MPCB",18.4545,73.8542,Southern Highway Chokepoint / Ghat Gateway,1185671193,residential,Unnamed,1,no,,,no,no,5,27.22,287.45,STATIC_ROAD_NETWORK
3409438,"Katraj Dairy, Pune - MPCB",18.4545,73.8542,Southern Highway Chokepoint / Ghat Gateway,1185671195,residential,Unnamed,1,no,,,no,no,5,107.42,192.0,STATIC_ROAD_NETWORK
3409438,"Katraj Dairy, Pune - MPCB",18.4545,73.8542,Southern Highway Chokepoint / Ghat Gateway,1185924724,residential,Unnamed,1,no,,,no,no,3,76.29,342.68,STATIC_ROAD_NETWORK
3409438,"Katraj Dairy, Pune - MPCB",18.4545,73.8542,Southern Highway Chokepoint / Ghat Gateway,1185927954,residential,Unnamed,1,no,,,no,no,2,102.38,245.91,STATIC_ROAD_NETWORK
3409438,"Katraj Dairy, Pune - MPCB",18.4545,73.8542,Southern Highway Chokepoint / Ghat Gateway,1186662331,residential,Unnamed,1,no,,,no,no,2,6.04,1428.64,STATIC_ROAD_NETWORK
3409438,"Katraj Dairy, Pune - MPCB",18.4545,73.8542,Southern Highway Chokepoint / Ghat Gateway,1187576407,residential,Unnamed,1,no,,,no,no,8,221.43,1160.53,STATIC_ROAD_NETWORK
3409438,"Katraj Dairy, Pune - MPCB",18.4545,73.8542,Southern Highway Chokepoint / Ghat Gateway,1187576408,residential,Unnamed,1,no,,,no,no,4,67.48,1112.9,STATIC_ROAD_NETWORK
3409438,"Katraj Dairy, Pune - MPCB",18.4545,73.8542,Southern Highway Chokepoint / Ghat Gateway,1187585291,residential,Unnamed,1,no,,,no,no,3,112.77,1422.7,STATIC_ROAD_NETWORK
3409438,"Katraj Dairy, Pune - MPCB",18.4545,73.8542,Southern Highway Chokepoint / Ghat Gateway,1187832080,residential,Unnamed,1,no,,,no,no,5,128.57,1049.46,STATIC_ROAD_NETWORK
3409438,"Katraj Dairy, Pune - MPCB",18.4545,73.8542,Southern Highway Chokepoint / Ghat Gateway,1187834170,residential,Unnamed,1,no,,,no,no,2,17.8,1417.49,STATIC_ROAD_NETWORK
3409438,"Katraj Dairy, Pune - MPCB",18.4545,73.8542,Southern Highway Chokepoint / Ghat Gateway,1188579069,residential,Unnamed,1,no,,,no,no,9,99.8,1240.1,STATIC_ROAD_NETWORK
3409438,"Katraj Dairy, Pune - MPCB",18.4545,73.8542,Southern Highway Chokepoint / Ghat Gateway,1190524234,residential,Unnamed,1,no,,,no,no,3,70.26,1461.85,STATIC_ROAD_NETWORK
3409438,"Katraj Dairy, Pune - MPCB",18.4545,73.8542,Southern Highway Chokepoint / Ghat Gateway,1203406962,residential,Unnamed,1,no,,,no,no,2,12.96,480.4,STATIC_ROAD_NETWORK
3409438,"Katraj Dairy, Pune - MPCB",18.4545,73.8542,Southern Highway Chokepoint / Ghat Gateway,1204846566,secondary,Swami Vivekanand Marg,3,yes,,,no,no,19,586.99,1462.92,STATIC_ROAD_NETWORK
3409438,"Katraj Dairy, Pune - MPCB",18.4545,73.8542,Southern Highway Chokepoint / Ghat Gateway,1205385596,residential,Unnamed,1,no,,,no,no,2,42.61,694.86,STATIC_ROAD_NETWORK
3409438,"Katraj Dairy, Pune - MPCB",18.4545,73.8542,Southern Highway Chokepoint / Ghat Gateway,1206777724,residential,Unnamed,1,no,,,no,no,2,48.14,395.03,STATIC_ROAD_NETWORK
3409438,"Katraj Dairy, Pune - MPCB",18.4545,73.8542,Southern Highway Chokepoint / Ghat Gateway,1206778711,residential,Unnamed,1,no,,,no,no,3,56.48,308.27,STATIC_ROAD_NETWORK
3409438,"Katraj Dairy, Pune - MPCB",18.4545,73.8542,Southern Highway Chokepoint / Ghat Gateway,1206779164,residential,Unnamed,1,no,,,no,no,4,74.96,348.32,STATIC_ROAD_NETWORK
3409438,"Katraj Dairy, Pune - MPCB",18.4545,73.8542,Southern Highway Chokepoint / Ghat Gateway,1206780188,residential,Unnamed,1,no,,,no,no,3,50.29,299.59,STATIC_ROAD_NETWORK
3409438,"Katraj Dairy, Pune - MPCB",18.4545,73.8542,Southern Highway Chokepoint / Ghat Gateway,1206780189,residential,Unnamed,1,no,,,no,no,4,39.72,266.17,STATIC_ROAD_NETWORK
3409438,"Katraj Dairy, Pune - MPCB",18.4545,73.8542,Southern Highway Chokepoint / Ghat Gateway,1206780190,residential,Unnamed,1,no,,,no,no,2,18.61,299.59,STATIC_ROAD_NETWORK
3409438,"Katraj Dairy, Pune - MPCB",18.4545,73.8542,Southern Highway Chokepoint / Ghat Gateway,1206857443,residential,Lane Number 6,1,no,,,no,no,2,65.4,1291.97,STATIC_ROAD_NETWORK
3409438,"Katraj Dairy, Pune - MPCB",18.4545,73.8542,Southern Highway Chokepoint / Ghat Gateway,1207121813,residential,Unnamed,1,no,,,no,no,2,23.59,1117.05,STATIC_ROAD_NETWORK
3409438,"Katraj Dairy, Pune - MPCB",18.4545,73.8542,Southern Highway Chokepoint / Ghat Gateway,1207122337,residential,Unnamed,1,no,,,no,no,3,26.01,1175.22,STATIC_ROAD_NETWORK
3409438,"Katraj Dairy, Pune - MPCB",18.4545,73.8542,Southern Highway Chokepoint / Ghat Gateway,1207126167,residential,Unnamed,1,no,,,no,no,2,73.86,1242.69,STATIC_ROAD_NETWORK
3409438,"Katraj Dairy, Pune - MPCB",18.4545,73.8542,Southern Highway Chokepoint / Ghat Gateway,1207353985,residential,Unnamed,1,no,,,no,no,6,53.99,906.74,STATIC_ROAD_NETWORK
3409438,"Katraj Dairy, Pune - MPCB",18.4545,73.8542,Southern Highway Chokepoint / Ghat Gateway,1207394425,residential,Unnamed,1,no,,,no,no,5,126.38,1146.36,STATIC_ROAD_NETWORK
3409438,"Katraj Dairy, Pune - MPCB",18.4545,73.8542,Southern Highway Chokepoint / Ghat Gateway,1207394426,residential,Unnamed,1,no,,,no,no,6,95.57,979.81,STATIC_ROAD_NETWORK
3409438,"Katraj Dairy, Pune - MPCB",18.4545,73.8542,Southern Highway Chokepoint / Ghat Gateway,1207394427,residential,Unnamed,1,no,,,no,no,4,27.21,978.38,STATIC_ROAD_NETWORK
3409438,"Katraj Dairy, Pune - MPCB",18.4545,73.8542,Southern Highway Chokepoint / Ghat Gateway,1213599446,residential,Unnamed,1,no,,,no,no,3,43.26,1428.04,STATIC_ROAD_NETWORK
3409438,"Katraj Dairy, Pune - MPCB",18.4545,73.8542,Southern Highway Chokepoint / Ghat Gateway,1214249972,residential,Unnamed,1,no,,,no,no,4,33.27,789.92,STATIC_ROAD_NETWORK
3409438,"Katraj Dairy, Pune - MPCB",18.4545,73.8542,Southern Highway Chokepoint / Ghat Gateway,1214250273,residential,Unnamed,1,no,,,no,no,3,41.27,967.3,STATIC_ROAD_NETWORK
3409438,"Katraj Dairy, Pune - MPCB",18.4545,73.8542,Southern Highway Chokepoint / Ghat Gateway,1214250275,residential,Unnamed,1,no,,,no,no,2,31.25,1422.46,STATIC_ROAD_NETWORK
3409438,"Katraj Dairy, Pune - MPCB",18.4545,73.8542,Southern Highway Chokepoint / Ghat Gateway,1218510066,secondary,Swami Vivekanand Marg,3,yes,,,no,no,37,1080.23,1473.14,STATIC_ROAD_NETWORK
3409438,"Katraj Dairy, Pune - MPCB",18.4545,73.8542,Southern Highway Chokepoint / Ghat Gateway,1218512208,secondary,Swami Vivekanand Marg,3,yes,,,no,no,7,202.7,1463.83,STATIC_ROAD_NETWORK
3409438,"Katraj Dairy, Pune - MPCB",18.4545,73.8542,Southern Highway Chokepoint / Ghat Gateway,1225893223,residential,Unnamed,1,no,,,no,no,3,24.25,1116.03,STATIC_ROAD_NETWORK
3409438,"Katraj Dairy, Pune - MPCB",18.4545,73.8542,Southern Highway Chokepoint / Ghat Gateway,1225894980,residential,Unnamed,1,no,,,no,no,2,107.58,1253.54,STATIC_ROAD_NETWORK
3409438,"Katraj Dairy, Pune - MPCB",18.4545,73.8542,Southern Highway Chokepoint / Ghat Gateway,1226065272,residential,Unnamed,1,no,,,no,no,2,78.06,889.63,STATIC_ROAD_NETWORK
3409438,"Katraj Dairy, Pune - MPCB",18.4545,73.8542,Southern Highway Chokepoint / Ghat Gateway,1244540017,trunk,Katraj-Kondhwa Road,2,yes,,,no,no,29,833.39,1245.42,STATIC_ROAD_NETWORK
3409438,"Katraj Dairy, Pune - MPCB",18.4545,73.8542,Southern Highway Chokepoint / Ghat Gateway,1271893872,trunk_link,Unnamed,1,yes,,,no,no,3,16.57,784.23,STATIC_ROAD_NETWORK
3409438,"Katraj Dairy, Pune - MPCB",18.4545,73.8542,Southern Highway Chokepoint / Ghat Gateway,1285078392,residential,Unnamed,1,no,,,no,no,10,109.26,1164.89,STATIC_ROAD_NETWORK
3409438,"Katraj Dairy, Pune - MPCB",18.4545,73.8542,Southern Highway Chokepoint / Ghat Gateway,1285556921,residential,Jambhulwadi Road,1,yes,,,no,no,12,228.86,715.03,STATIC_ROAD_NETWORK
3409438,"Katraj Dairy, Pune - MPCB",18.4545,73.8542,Southern Highway Chokepoint / Ghat Gateway,1285556922,residential,Jambhulwadi Road,1,yes,30,,no,no,15,380.48,715.03,STATIC_ROAD_NETWORK
3409438,"Katraj Dairy, Pune - MPCB",18.4545,73.8542,Southern Highway Chokepoint / Ghat Gateway,1285556923,tertiary,Jambhulwadi Road,1,no,30,,no,no,3,88.3,623.28,STATIC_ROAD_NETWORK
3409438,"Katraj Dairy, Pune - MPCB",18.4545,73.8542,Southern Highway Chokepoint / Ghat Gateway,1285556924,tertiary,Katraj Ambegaon Khurd Road,2,yes,50,paved,no,no,5,62.34,713.95,STATIC_ROAD_NETWORK
3409438,"Katraj Dairy, Pune - MPCB",18.4545,73.8542,Southern Highway Chokepoint / Ghat Gateway,1285556925,tertiary,Katraj Ambegaon Khurd Road,2,yes,50,paved,no,no,7,65.22,713.95,STATIC_ROAD_NETWORK
3409438,"Katraj Dairy, Pune - MPCB",18.4545,73.8542,Southern Highway Chokepoint / Ghat Gateway,1285556926,residential,Jambhulwadi Road,1,no,,,no,no,2,7.4,708.13,STATIC_ROAD_NETWORK
3409438,"Katraj Dairy, Pune - MPCB",18.4545,73.8542,Southern Highway Chokepoint / Ghat Gateway,1285556927,tertiary,Katraj Ambegaon Khurd Road,1,no,,,no,no,2,7.39,708.13,STATIC_ROAD_NETWORK
3409438,"Katraj Dairy, Pune - MPCB",18.4545,73.8542,Southern Highway Chokepoint / Ghat Gateway,1285556929,residential,Unnamed,1,no,,,no,no,2,4.84,857.28,STATIC_ROAD_NETWORK
3409438,"Katraj Dairy, Pune - MPCB",18.4545,73.8542,Southern Highway Chokepoint / Ghat Gateway,1285556930,residential,Unnamed,1,no,,,no,no,2,4.75,795.85,STATIC_ROAD_NETWORK
3409438,"Katraj Dairy, Pune - MPCB",18.4545,73.8542,Southern Highway Chokepoint / Ghat Gateway,1285556931,residential,Unnamed,1,no,,,no,no,4,44.98,881.87,STATIC_ROAD_NETWORK
3409438,"Katraj Dairy, Pune - MPCB",18.4545,73.8542,Southern Highway Chokepoint / Ghat Gateway,1285562536,residential,Unnamed,1,no,,,no,no,4,23.24,882.8,STATIC_ROAD_NETWORK
3409438,"Katraj Dairy, Pune - MPCB",18.4545,73.8542,Southern Highway Chokepoint / Ghat Gateway,1285564860,residential,Unnamed,1,no,,,no,no,2,5.18,919.85,STATIC_ROAD_NETWORK
3409438,"Katraj Dairy, Pune - MPCB",18.4545,73.8542,Southern Highway Chokepoint / Ghat Gateway,1285564861,residential,Jambhulwadi Road,1,yes,,,no,no,7,86.28,985.15,STATIC_ROAD_NETWORK
3409438,"Katraj Dairy, Pune - MPCB",18.4545,73.8542,Southern Highway Chokepoint / Ghat Gateway,1285564862,residential,Jambhulwadi Road,1,yes,,,no,no,5,67.26,923.08,STATIC_ROAD_NETWORK
3409438,"Katraj Dairy, Pune - MPCB",18.4545,73.8542,Southern Highway Chokepoint / Ghat Gateway,1285582339,residential,Unnamed,1,no,,,no,no,9,128.62,1275.25,STATIC_ROAD_NETWORK
3409438,"Katraj Dairy, Pune - MPCB",18.4545,73.8542,Southern Highway Chokepoint / Ghat Gateway,1286673300,residential,Katraj Dairy Service Road,1,no,,,no,no,7,152.21,599.3,STATIC_ROAD_NETWORK
3409438,"Katraj Dairy, Pune - MPCB",18.4545,73.8542,Southern Highway Chokepoint / Ghat Gateway,1286673301,residential,Katraj Dairy Service Road,1,no,,,no,no,2,18.02,534.51,STATIC_ROAD_NETWORK
3409438,"Katraj Dairy, Pune - MPCB",18.4545,73.8542,Southern Highway Chokepoint / Ghat Gateway,1286673302,trunk,Satara Road,2,yes,60,,no,no,2,9.77,550.54,STATIC_ROAD_NETWORK
3409438,"Katraj Dairy, Pune - MPCB",18.4545,73.8542,Southern Highway Chokepoint / Ghat Gateway,1286673303,trunk,Satara Road,2,yes,60,,no,no,15,511.01,556.29,STATIC_ROAD_NETWORK
3409438,"Katraj Dairy, Pune - MPCB",18.4545,73.8542,Southern Highway Chokepoint / Ghat Gateway,1286679283,trunk,Katraj - Dehu Road Bypass,1,yes,60,,no,no,22,730.4,539.78,STATIC_ROAD_NETWORK
3409438,"Katraj Dairy, Pune - MPCB",18.4545,73.8542,Southern Highway Chokepoint / Ghat Gateway,1286679284,trunk,Katraj - Dehu Road Bypass,1,yes,60,,yes,no,3,209.62,873.28,STATIC_ROAD_NETWORK
3409438,"Katraj Dairy, Pune - MPCB",18.4545,73.8542,Southern Highway Chokepoint / Ghat Gateway,1286679285,trunk,Katraj - Dehu Road Bypass,1,yes,60,,no,no,13,423.95,539.01,STATIC_ROAD_NETWORK
3409438,"Katraj Dairy, Pune - MPCB",18.4545,73.8542,Southern Highway Chokepoint / Ghat Gateway,1286679286,trunk,Katraj - Dehu Road Bypass,1,yes,60,,yes,no,3,210.25,864.32,STATIC_ROAD_NETWORK
3409438,"Katraj Dairy, Pune - MPCB",18.4545,73.8542,Southern Highway Chokepoint / Ghat Gateway,1286679290,tertiary,Unnamed,1,no,,,no,no,5,271.57,930.65,STATIC_ROAD_NETWORK
3409438,"Katraj Dairy, Pune - MPCB",18.4545,73.8542,Southern Highway Chokepoint / Ghat Gateway,1286679291,trunk,Katraj - Dehu Road Bypass,1,yes,60,,no,no,6,453.64,577.26,STATIC_ROAD_NETWORK
3409438,"Katraj Dairy, Pune - MPCB",18.4545,73.8542,Southern Highway Chokepoint / Ghat Gateway,1286679292,trunk,Katraj - Dehu Road Bypass,1,yes,60,,yes,no,2,145.31,534.23,STATIC_ROAD_NETWORK
3409438,"Katraj Dairy, Pune - MPCB",18.4545,73.8542,Southern Highway Chokepoint / Ghat Gateway,1286679293,trunk,Katraj - Dehu Road Bypass,1,yes,60,,no,no,4,454.31,587.83,STATIC_ROAD_NETWORK
3409438,"Katraj Dairy, Pune - MPCB",18.4545,73.8542,Southern Highway Chokepoint / Ghat Gateway,1286679294,trunk,Katraj - Dehu Road Bypass,1,yes,60,,yes,no,2,145.04,546.94,STATIC_ROAD_NETWORK
3409438,"Katraj Dairy, Pune - MPCB",18.4545,73.8542,Southern Highway Chokepoint / Ghat Gateway,1286679295,tertiary,Unnamed,1,no,,,no,no,8,334.85,615.01,STATIC_ROAD_NETWORK
3409438,"Katraj Dairy, Pune - MPCB",18.4545,73.8542,Southern Highway Chokepoint / Ghat Gateway,1286679296,residential,Unnamed,1,no,,,no,no,2,15.03,737.47,STATIC_ROAD_NETWORK
3409438,"Katraj Dairy, Pune - MPCB",18.4545,73.8542,Southern Highway Chokepoint / Ghat Gateway,1286679297,trunk_link,Unnamed,1,no,,,no,no,2,16.29,615.01,STATIC_ROAD_NETWORK
3409438,"Katraj Dairy, Pune - MPCB",18.4545,73.8542,Southern Highway Chokepoint / Ghat Gateway,1298028471,living_street,Unnamed,1,no,,,no,no,4,43.41,1119.24,STATIC_ROAD_NETWORK
3409438,"Katraj Dairy, Pune - MPCB",18.4545,73.8542,Southern Highway Chokepoint / Ghat Gateway,1298030413,residential,Unnamed,1,no,,,no,no,3,77.77,1314.99,STATIC_ROAD_NETWORK
3409438,"Katraj Dairy, Pune - MPCB",18.4545,73.8542,Southern Highway Chokepoint / Ghat Gateway,1298030414,residential,Unnamed,1,no,,,no,no,2,34.45,1480.72,STATIC_ROAD_NETWORK
3409438,"Katraj Dairy, Pune - MPCB",18.4545,73.8542,Southern Highway Chokepoint / Ghat Gateway,1299088049,tertiary,Sinhgad College Road,1,no,,,no,no,8,374.06,1447.49,STATIC_ROAD_NETWORK
3409438,"Katraj Dairy, Pune - MPCB",18.4545,73.8542,Southern Highway Chokepoint / Ghat Gateway,1299088050,trunk,Unnamed,1,no,,,no,no,2,14.27,1442.68,STATIC_ROAD_NETWORK
3409438,"Katraj Dairy, Pune - MPCB",18.4545,73.8542,Southern Highway Chokepoint / Ghat Gateway,1300167466,residential,Unnamed,1,no,,,no,no,2,57.83,1191.25,STATIC_ROAD_NETWORK
3409438,"Katraj Dairy, Pune - MPCB",18.4545,73.8542,Southern Highway Chokepoint / Ghat Gateway,1300230424,trunk,Katraj - Dehu Road Bypass,1,yes,60,,no,no,14,917.3,1039.19,STATIC_ROAD_NETWORK
3409438,"Katraj Dairy, Pune - MPCB",18.4545,73.8542,Southern Highway Chokepoint / Ghat Gateway,1300230426,trunk,Katraj - Dehu Road Bypass,1,yes,60,,no,no,6,918.44,1045.41,STATIC_ROAD_NETWORK
3409438,"Katraj Dairy, Pune - MPCB",18.4545,73.8542,Southern Highway Chokepoint / Ghat Gateway,1300414544,residential,Unnamed,1,yes,,,no,no,3,33.53,347.06,STATIC_ROAD_NETWORK
3409438,"Katraj Dairy, Pune - MPCB",18.4545,73.8542,Southern Highway Chokepoint / Ghat Gateway,1300414545,residential,Unnamed,1,no,,,no,no,2,21.24,328.09,STATIC_ROAD_NETWORK
3409438,"Katraj Dairy, Pune - MPCB",18.4545,73.8542,Southern Highway Chokepoint / Ghat Gateway,1300418793,residential,Nancy Lake Homes Parking,1,no,,,no,no,8,120.17,700.61,STATIC_ROAD_NETWORK
3409438,"Katraj Dairy, Pune - MPCB",18.4545,73.8542,Southern Highway Chokepoint / Ghat Gateway,1300420832,residential,Unnamed,1,no,,,no,no,3,37.1,821.07,STATIC_ROAD_NETWORK
3409438,"Katraj Dairy, Pune - MPCB",18.4545,73.8542,Southern Highway Chokepoint / Ghat Gateway,1300426339,living_street,Unnamed,1,no,,,no,no,2,40.52,907.17,STATIC_ROAD_NETWORK
3409438,"Katraj Dairy, Pune - MPCB",18.4545,73.8542,Southern Highway Chokepoint / Ghat Gateway,1300426806,residential,Unnamed,1,no,,,no,no,3,3.53,915.3,STATIC_ROAD_NETWORK
3409438,"Katraj Dairy, Pune - MPCB",18.4545,73.8542,Southern Highway Chokepoint / Ghat Gateway,1300659375,residential,Unnamed,1,no,,,no,no,2,24.37,1050.84,STATIC_ROAD_NETWORK
3409438,"Katraj Dairy, Pune - MPCB",18.4545,73.8542,Southern Highway Chokepoint / Ghat Gateway,1303241904,residential,Unnamed,1,no,,,no,no,12,155.95,1287.73,STATIC_ROAD_NETWORK
3409438,"Katraj Dairy, Pune - MPCB",18.4545,73.8542,Southern Highway Chokepoint / Ghat Gateway,1303241905,residential,Unnamed,1,no,,,no,no,2,8.43,1279.46,STATIC_ROAD_NETWORK
3409438,"Katraj Dairy, Pune - MPCB",18.4545,73.8542,Southern Highway Chokepoint / Ghat Gateway,1309330667,trunk,Katraj Kondhwa Road,2,yes,,,no,no,2,8.57,1242.75,STATIC_ROAD_NETWORK
3409438,"Katraj Dairy, Pune - MPCB",18.4545,73.8542,Southern Highway Chokepoint / Ghat Gateway,1309330668,trunk,Katraj Kondhwa Road,2,yes,,,no,no,2,8.37,1233.25,STATIC_ROAD_NETWORK
3409438,"Katraj Dairy, Pune - MPCB",18.4545,73.8542,Southern Highway Chokepoint / Ghat Gateway,1320551263,living_street,Unnamed,1,no,,,no,no,2,26.18,1124.9,STATIC_ROAD_NETWORK
3409438,"Katraj Dairy, Pune - MPCB",18.4545,73.8542,Southern Highway Chokepoint / Ghat Gateway,1320630549,residential,Unnamed,1,no,,,no,no,2,31.06,1365.73,STATIC_ROAD_NETWORK
3409438,"Katraj Dairy, Pune - MPCB",18.4545,73.8542,Southern Highway Chokepoint / Ghat Gateway,1320633899,residential,Unnamed,1,no,,,no,no,2,19.46,1472.29,STATIC_ROAD_NETWORK
3409438,"Katraj Dairy, Pune - MPCB",18.4545,73.8542,Southern Highway Chokepoint / Ghat Gateway,1320655281,residential,Unnamed,1,no,,,no,no,3,32.24,1091.67,STATIC_ROAD_NETWORK
3409438,"Katraj Dairy, Pune - MPCB",18.4545,73.8542,Southern Highway Chokepoint / Ghat Gateway,1322101817,residential,Unnamed,1,no,,,no,no,2,9.02,909.38,STATIC_ROAD_NETWORK
3409438,"Katraj Dairy, Pune - MPCB",18.4545,73.8542,Southern Highway Chokepoint / Ghat Gateway,1322102847,residential,Unnamed,1,no,,,no,no,2,20.32,934.61,STATIC_ROAD_NETWORK
3409438,"Katraj Dairy, Pune - MPCB",18.4545,73.8542,Southern Highway Chokepoint / Ghat Gateway,1322102848,residential,Unnamed,1,no,,,no,no,3,10.26,942.22,STATIC_ROAD_NETWORK
3409438,"Katraj Dairy, Pune - MPCB",18.4545,73.8542,Southern Highway Chokepoint / Ghat Gateway,1322104053,residential,Unnamed,1,no,,,no,no,2,14.74,688.47,STATIC_ROAD_NETWORK
3409438,"Katraj Dairy, Pune - MPCB",18.4545,73.8542,Southern Highway Chokepoint / Ghat Gateway,1322104566,residential,Unnamed,1,no,,,no,no,2,16.33,669.54,STATIC_ROAD_NETWORK
3409438,"Katraj Dairy, Pune - MPCB",18.4545,73.8542,Southern Highway Chokepoint / Ghat Gateway,1322113561,living_street,Unnamed,1,no,,,no,no,2,12.88,1306.74,STATIC_ROAD_NETWORK
3409438,"Katraj Dairy, Pune - MPCB",18.4545,73.8542,Southern Highway Chokepoint / Ghat Gateway,1322114784,residential,Unnamed,1,no,,,no,no,2,6.96,1302.16,STATIC_ROAD_NETWORK
3409438,"Katraj Dairy, Pune - MPCB",18.4545,73.8542,Southern Highway Chokepoint / Ghat Gateway,1344759173,tertiary,Unnamed,1,no,,,no,no,6,129.55,1408.4,STATIC_ROAD_NETWORK
3409438,"Katraj Dairy, Pune - MPCB",18.4545,73.8542,Southern Highway Chokepoint / Ghat Gateway,1344759174,residential,Unnamed,1,no,,,no,no,2,11.3,1332.05,STATIC_ROAD_NETWORK
3409438,"Katraj Dairy, Pune - MPCB",18.4545,73.8542,Southern Highway Chokepoint / Ghat Gateway,1344759175,tertiary,Unnamed,1,yes,,,no,yes,2,27.0,935.79,STATIC_ROAD_NETWORK
3409438,"Katraj Dairy, Pune - MPCB",18.4545,73.8542,Southern Highway Chokepoint / Ghat Gateway,1344759176,tertiary,Unnamed,1,yes,,,no,no,2,5.58,950.81,STATIC_ROAD_NETWORK
3409438,"Katraj Dairy, Pune - MPCB",18.4545,73.8542,Southern Highway Chokepoint / Ghat Gateway,1344759177,tertiary,Unnamed,1,yes,,,no,no,2,9.99,930.65,STATIC_ROAD_NETWORK
3409438,"Katraj Dairy, Pune - MPCB",18.4545,73.8542,Southern Highway Chokepoint / Ghat Gateway,1344759178,tertiary,Unnamed,1,yes,,,no,yes,2,27.07,927.46,STATIC_ROAD_NETWORK
3409438,"Katraj Dairy, Pune - MPCB",18.4545,73.8542,Southern Highway Chokepoint / Ghat Gateway,1344759179,tertiary,Unnamed,1,yes,,,no,no,2,9.35,922.21,STATIC_ROAD_NETWORK
3409438,"Katraj Dairy, Pune - MPCB",18.4545,73.8542,Southern Highway Chokepoint / Ghat Gateway,1344759180,tertiary,Unnamed,1,yes,,,no,no,2,6.22,942.72,STATIC_ROAD_NETWORK
3409438,"Katraj Dairy, Pune - MPCB",18.4545,73.8542,Southern Highway Chokepoint / Ghat Gateway,1344759181,tertiary,Unnamed,1,no,,,no,no,2,91.26,847.27,STATIC_ROAD_NETWORK
3409438,"Katraj Dairy, Pune - MPCB",18.4545,73.8542,Southern Highway Chokepoint / Ghat Gateway,1344759182,tertiary,Unnamed,1,no,,,no,no,2,10.09,922.21,STATIC_ROAD_NETWORK
3409438,"Katraj Dairy, Pune - MPCB",18.4545,73.8542,Southern Highway Chokepoint / Ghat Gateway,1347919144,residential,Service Road,1,no,40,,no,no,11,360.76,1461.99,STATIC_ROAD_NETWORK
3409438,"Katraj Dairy, Pune - MPCB",18.4545,73.8542,Southern Highway Chokepoint / Ghat Gateway,1356360289,trunk,Katraj Flyover,1,yes,,,no,no,2,18.75,930.21,STATIC_ROAD_NETWORK
3409438,"Katraj Dairy, Pune - MPCB",18.4545,73.8542,Southern Highway Chokepoint / Ghat Gateway,1356360290,trunk,Unnamed,1,yes,,,no,no,2,12.92,917.36,STATIC_ROAD_NETWORK
3409438,"Katraj Dairy, Pune - MPCB",18.4545,73.8542,Southern Highway Chokepoint / Ghat Gateway,1358980437,residential,Bharathi Vidyapeeth Road,1,no,,,no,no,7,211.45,89.78,STATIC_ROAD_NETWORK
3409438,"Katraj Dairy, Pune - MPCB",18.4545,73.8542,Southern Highway Chokepoint / Ghat Gateway,1358980438,tertiary,Bharathi Vidyapeeth Road,1,no,,,no,no,7,287.28,193.42,STATIC_ROAD_NETWORK
3409438,"Katraj Dairy, Pune - MPCB",18.4545,73.8542,Southern Highway Chokepoint / Ghat Gateway,1364330140,trunk_link,Unnamed,1,no,,,no,no,2,13.24,1084.9,STATIC_ROAD_NETWORK
3409438,"Katraj Dairy, Pune - MPCB",18.4545,73.8542,Southern Highway Chokepoint / Ghat Gateway,1364332626,trunk,Katraj - Dehu Road Bypass,1,yes,60,,no,no,2,13.4,773.04,STATIC_ROAD_NETWORK
3409438,"Katraj Dairy, Pune - MPCB",18.4545,73.8542,Southern Highway Chokepoint / Ghat Gateway,1364332627,trunk,Unnamed,1,yes,60,,no,no,6,259.64,629.48,STATIC_ROAD_NETWORK
3409438,"Katraj Dairy, Pune - MPCB",18.4545,73.8542,Southern Highway Chokepoint / Ghat Gateway,1364332628,trunk,Unnamed,1,yes,,,no,no,2,11.64,800.96,STATIC_ROAD_NETWORK
3409438,"Katraj Dairy, Pune - MPCB",18.4545,73.8542,Southern Highway Chokepoint / Ghat Gateway,1364332629,trunk,Unnamed,1,yes,60,,no,no,9,400.03,545.84,STATIC_ROAD_NETWORK
3409438,"Katraj Dairy, Pune - MPCB",18.4545,73.8542,Southern Highway Chokepoint / Ghat Gateway,1364332631,trunk,Satara Road,2,yes,60,,no,no,3,40.05,779.56,STATIC_ROAD_NETWORK
3409438,"Katraj Dairy, Pune - MPCB",18.4545,73.8542,Southern Highway Chokepoint / Ghat Gateway,1364332632,trunk,Satara Road,2,yes,60,,no,no,3,28.65,753.24,STATIC_ROAD_NETWORK
3409438,"Katraj Dairy, Pune - MPCB",18.4545,73.8542,Southern Highway Chokepoint / Ghat Gateway,1364332633,residential,Unnamed,1,no,,,no,no,3,19.2,582.37,STATIC_ROAD_NETWORK
3409438,"Katraj Dairy, Pune - MPCB",18.4545,73.8542,Southern Highway Chokepoint / Ghat Gateway,1364705256,residential,Unnamed,1,no,,,no,no,3,114.57,1324.69,STATIC_ROAD_NETWORK
3409438,"Katraj Dairy, Pune - MPCB",18.4545,73.8542,Southern Highway Chokepoint / Ghat Gateway,1381615545,residential,Unnamed,1,no,,,no,no,2,53.54,328.46,STATIC_ROAD_NETWORK
3409438,"Katraj Dairy, Pune - MPCB",18.4545,73.8542,Southern Highway Chokepoint / Ghat Gateway,1393116863,trunk,Unnamed,1,yes,60,,no,no,2,31.57,762.19,STATIC_ROAD_NETWORK
3409438,"Katraj Dairy, Pune - MPCB",18.4545,73.8542,Southern Highway Chokepoint / Ghat Gateway,1393116864,trunk,Katraj - Dehu Road Bypass,1,yes,60,,no,no,3,38.3,786.2,STATIC_ROAD_NETWORK
3409438,"Katraj Dairy, Pune - MPCB",18.4545,73.8542,Southern Highway Chokepoint / Ghat Gateway,1393116865,trunk,Katraj - Dehu Road Bypass,1,yes,60,,no,no,7,244.21,527.35,STATIC_ROAD_NETWORK
3409438,"Katraj Dairy, Pune - MPCB",18.4545,73.8542,Southern Highway Chokepoint / Ghat Gateway,1393116867,residential,Unnamed,1,no,,,no,no,3,120.38,397.11,STATIC_ROAD_NETWORK
3409438,"Katraj Dairy, Pune - MPCB",18.4545,73.8542,Southern Highway Chokepoint / Ghat Gateway,1393116868,residential,Unnamed,1,no,,,no,no,5,255.26,509.67,STATIC_ROAD_NETWORK
3409438,"Katraj Dairy, Pune - MPCB",18.4545,73.8542,Southern Highway Chokepoint / Ghat Gateway,1393116869,residential,Unnamed,1,yes,,,no,no,3,151.21,555.31,STATIC_ROAD_NETWORK
3409438,"Katraj Dairy, Pune - MPCB",18.4545,73.8542,Southern Highway Chokepoint / Ghat Gateway,1393116871,tertiary,Unnamed,1,yes,,,no,yes,2,24.3,546.1,STATIC_ROAD_NETWORK
3409438,"Katraj Dairy, Pune - MPCB",18.4545,73.8542,Southern Highway Chokepoint / Ghat Gateway,1393116872,tertiary,Unnamed,1,yes,,,no,yes,3,24.02,544.5,STATIC_ROAD_NETWORK
3409438,"Katraj Dairy, Pune - MPCB",18.4545,73.8542,Southern Highway Chokepoint / Ghat Gateway,1393116873,tertiary,Unnamed,1,yes,,,no,no,2,11.72,566.0,STATIC_ROAD_NETWORK
3409438,"Katraj Dairy, Pune - MPCB",18.4545,73.8542,Southern Highway Chokepoint / Ghat Gateway,1393116874,tertiary,Unnamed,1,yes,,,no,no,2,12.12,564.51,STATIC_ROAD_NETWORK
3409438,"Katraj Dairy, Pune - MPCB",18.4545,73.8542,Southern Highway Chokepoint / Ghat Gateway,1393118444,residential,Unnamed,1,yes,,,no,no,4,184.09,555.31,STATIC_ROAD_NETWORK
3409438,"Katraj Dairy, Pune - MPCB",18.4545,73.8542,Southern Highway Chokepoint / Ghat Gateway,1393118446,residential,Unnamed,1,no,,,no,no,2,15.54,539.78,STATIC_ROAD_NETWORK
3409438,"Katraj Dairy, Pune - MPCB",18.4545,73.8542,Southern Highway Chokepoint / Ghat Gateway,1429581144,residential,Unnamed,1,no,,,no,no,2,21.98,1490.73,STATIC_ROAD_NETWORK
3409438,"Katraj Dairy, Pune - MPCB",18.4545,73.8542,Southern Highway Chokepoint / Ghat Gateway,1434034888,residential,Jambhulwadi Road,1,no,30,,no,no,6,208.09,1060.31,STATIC_ROAD_NETWORK
3409438,"Katraj Dairy, Pune - MPCB",18.4545,73.8542,Southern Highway Chokepoint / Ghat Gateway,1434034889,residential,Aadya Krantiveer Umaji Naik Path,1,no,,,no,no,17,274.28,1259.93,STATIC_ROAD_NETWORK
3409438,"Katraj Dairy, Pune - MPCB",18.4545,73.8542,Southern Highway Chokepoint / Ghat Gateway,1434046220,tertiary,Unnamed,1,no,30,,no,no,10,213.93,1177.05,STATIC_ROAD_NETWORK
3409438,"Katraj Dairy, Pune - MPCB",18.4545,73.8542,Southern Highway Chokepoint / Ghat Gateway,1434046221,residential,Rajas Socity Road,1,no,20,,no,no,12,348.92,1152.99,STATIC_ROAD_NETWORK
3409438,"Katraj Dairy, Pune - MPCB",18.4545,73.8542,Southern Highway Chokepoint / Ghat Gateway,1434303420,residential,Katraj - Bibwewadi Road,1,no,,,no,no,2,48.14,1461.98,STATIC_ROAD_NETWORK
3409438,"Katraj Dairy, Pune - MPCB",18.4545,73.8542,Southern Highway Chokepoint / Ghat Gateway,1434313600,residential,Unnamed,1,no,,,no,no,3,23.9,1072.68,STATIC_ROAD_NETWORK
3409438,"Katraj Dairy, Pune - MPCB",18.4545,73.8542,Southern Highway Chokepoint / Ghat Gateway,1434315413,residential,Janseva Colony Road,1,no,,,no,no,5,168.95,769.29,STATIC_ROAD_NETWORK
3409438,"Katraj Dairy, Pune - MPCB",18.4545,73.8542,Southern Highway Chokepoint / Ghat Gateway,1434315414,residential,Jain Mandir Road,1,no,,,no,no,11,248.44,769.29,STATIC_ROAD_NETWORK
3409438,"Katraj Dairy, Pune - MPCB",18.4545,73.8542,Southern Highway Chokepoint / Ghat Gateway,1434315415,residential,Sacchai Mata Mandir Road,1,no,,,no,no,4,97.68,1219.33,STATIC_ROAD_NETWORK
3409438,"Katraj Dairy, Pune - MPCB",18.4545,73.8542,Southern Highway Chokepoint / Ghat Gateway,1434315416,residential,Sai Mandir Road,1,no,,,no,no,2,15.51,1395.01,STATIC_ROAD_NETWORK
3409438,"Katraj Dairy, Pune - MPCB",18.4545,73.8542,Southern Highway Chokepoint / Ghat Gateway,1434315417,residential,Sai Mandir Road,1,no,,,no,no,6,208.74,1219.33,STATIC_ROAD_NETWORK
3409438,"Katraj Dairy, Pune - MPCB",18.4545,73.8542,Southern Highway Chokepoint / Ghat Gateway,1434330659,residential,Gulab Nagar Road,1,no,,,no,no,20,342.47,1249.37,STATIC_ROAD_NETWORK
3409438,"Katraj Dairy, Pune - MPCB",18.4545,73.8542,Southern Highway Chokepoint / Ghat Gateway,1434330660,residential,Gulab Nagar Road,2,no,30,,no,no,3,24.48,1326.59,STATIC_ROAD_NETWORK
3409438,"Katraj Dairy, Pune - MPCB",18.4545,73.8542,Southern Highway Chokepoint / Ghat Gateway,1434330797,residential,Chandrabhaga Nagar Road,1,no,,,no,no,15,227.26,680.18,STATIC_ROAD_NETWORK
3409438,"Katraj Dairy, Pune - MPCB",18.4545,73.8542,Southern Highway Chokepoint / Ghat Gateway,1434330798,residential,Lane Number 3,1,no,,,no,no,2,69.76,807.05,STATIC_ROAD_NETWORK
3409438,"Katraj Dairy, Pune - MPCB",18.4545,73.8542,Southern Highway Chokepoint / Ghat Gateway,1434331916,residential,Chandrabhaga Nagar Road,2,no,18,asphalt,no,no,14,342.5,498.24,STATIC_ROAD_NETWORK
3409438,"Katraj Dairy, Pune - MPCB",18.4545,73.8542,Southern Highway Chokepoint / Ghat Gateway,1434331917,residential,Chandrabhaga Nagar Road,1,no,,,no,no,11,114.35,1170.85,STATIC_ROAD_NETWORK
3409438,"Katraj Dairy, Pune - MPCB",18.4545,73.8542,Southern Highway Chokepoint / Ghat Gateway,1434331918,residential,Dhankawadi Police Station Road,1,no,,,no,no,8,109.03,1284.19,STATIC_ROAD_NETWORK
3409438,"Katraj Dairy, Pune - MPCB",18.4545,73.8542,Southern Highway Chokepoint / Ghat Gateway,1434332415,residential,Lane Number 2,1,no,,,no,no,3,243.14,1005.07,STATIC_ROAD_NETWORK
3409438,"Katraj Dairy, Pune - MPCB",18.4545,73.8542,Southern Highway Chokepoint / Ghat Gateway,1434332416,residential,Unnamed,1,no,,,no,no,17,385.09,1005.07,STATIC_ROAD_NETWORK
3409438,"Katraj Dairy, Pune - MPCB",18.4545,73.8542,Southern Highway Chokepoint / Ghat Gateway,1434334552,residential,Unnamed,1,no,,,no,no,5,76.87,706.82,STATIC_ROAD_NETWORK
3409438,"Katraj Dairy, Pune - MPCB",18.4545,73.8542,Southern Highway Chokepoint / Ghat Gateway,1451566932,residential,Unnamed,1,no,,,no,no,3,18.2,940.08,STATIC_ROAD_NETWORK
3409438,"Katraj Dairy, Pune - MPCB",18.4545,73.8542,Southern Highway Chokepoint / Ghat Gateway,1452341565,residential,Unnamed,1,no,,,no,no,4,55.45,795.02,STATIC_ROAD_NETWORK
3409438,"Katraj Dairy, Pune - MPCB",18.4545,73.8542,Southern Highway Chokepoint / Ghat Gateway,1453501488,residential,Lane Number 3,1,no,,,no,no,2,42.54,868.97,STATIC_ROAD_NETWORK
3409438,"Katraj Dairy, Pune - MPCB",18.4545,73.8542,Southern Highway Chokepoint / Ghat Gateway,1458750393,residential,Unnamed,1,no,,,no,no,5,25.08,452.02,STATIC_ROAD_NETWORK
3409438,"Katraj Dairy, Pune - MPCB",18.4545,73.8542,Southern Highway Chokepoint / Ghat Gateway,1472226455,residential,Unnamed,1,no,,,no,no,15,204.96,437.27,STATIC_ROAD_NETWORK
3409438,"Katraj Dairy, Pune - MPCB",18.4545,73.8542,Southern Highway Chokepoint / Ghat Gateway,1474397725,living_street,Unnamed,1,no,,,no,no,4,54.3,1235.51,STATIC_ROAD_NETWORK
3409438,"Katraj Dairy, Pune - MPCB",18.4545,73.8542,Southern Highway Chokepoint / Ghat Gateway,1474397726,living_street,Unnamed,1,no,,,no,no,7,38.89,1205.74,STATIC_ROAD_NETWORK
3409438,"Katraj Dairy, Pune - MPCB",18.4545,73.8542,Southern Highway Chokepoint / Ghat Gateway,1474397727,living_street,Unnamed,1,no,,,no,no,2,29.44,1181.28,STATIC_ROAD_NETWORK
3409438,"Katraj Dairy, Pune - MPCB",18.4545,73.8542,Southern Highway Chokepoint / Ghat Gateway,1474397728,living_street,Unnamed,1,no,,,no,no,2,49.19,1095.26,STATIC_ROAD_NETWORK
3409438,"Katraj Dairy, Pune - MPCB",18.4545,73.8542,Southern Highway Chokepoint / Ghat Gateway,1474397729,living_street,Unnamed,1,no,,,no,no,12,61.95,1138.44,STATIC_ROAD_NETWORK
3409438,"Katraj Dairy, Pune - MPCB",18.4545,73.8542,Southern Highway Chokepoint / Ghat Gateway,1475459983,residential,Unnamed,1,yes,,,no,no,3,10.97,1166.63,STATIC_ROAD_NETWORK
3409438,"Katraj Dairy, Pune - MPCB",18.4545,73.8542,Southern Highway Chokepoint / Ghat Gateway,1475459984,residential,Unnamed,1,yes,,,no,no,5,10.46,1170.59,STATIC_ROAD_NETWORK
3409438,"Katraj Dairy, Pune - MPCB",18.4545,73.8542,Southern Highway Chokepoint / Ghat Gateway,1475459985,residential,Unnamed,1,yes,,,no,no,3,3.98,1166.04,STATIC_ROAD_NETWORK
3409438,"Katraj Dairy, Pune - MPCB",18.4545,73.8542,Southern Highway Chokepoint / Ghat Gateway,1475459986,residential,Unnamed,1,yes,,,no,no,3,4.49,1166.27,STATIC_ROAD_NETWORK
3409438,"Katraj Dairy, Pune - MPCB",18.4545,73.8542,Southern Highway Chokepoint / Ghat Gateway,1475459987,residential,Unnamed,1,no,,,no,no,2,3.42,1163.54,STATIC_ROAD_NETWORK
3409438,"Katraj Dairy, Pune - MPCB",18.4545,73.8542,Southern Highway Chokepoint / Ghat Gateway,1475459988,residential,Unnamed,1,no,,,no,no,4,23.13,1142.47,STATIC_ROAD_NETWORK
3409438,"Katraj Dairy, Pune - MPCB",18.4545,73.8542,Southern Highway Chokepoint / Ghat Gateway,1475459989,residential,Unnamed,1,no,,,no,no,5,20.99,1143.88,STATIC_ROAD_NETWORK
3409438,"Katraj Dairy, Pune - MPCB",18.4545,73.8542,Southern Highway Chokepoint / Ghat Gateway,1475459990,residential,Unnamed,1,no,,,no,no,2,2.93,1142.55,STATIC_ROAD_NETWORK
3409438,"Katraj Dairy, Pune - MPCB",18.4545,73.8542,Southern Highway Chokepoint / Ghat Gateway,1477883145,residential,Unnamed,1,no,,,no,no,3,16.77,674.39,STATIC_ROAD_NETWORK
3409438,"Katraj Dairy, Pune - MPCB",18.4545,73.8542,Southern Highway Chokepoint / Ghat Gateway,1477883146,residential,Unnamed,1,no,,,no,no,3,108.54,674.39,STATIC_ROAD_NETWORK
3409438,"Katraj Dairy, Pune - MPCB",18.4545,73.8542,Southern Highway Chokepoint / Ghat Gateway,1477883170,trunk_link,Unnamed,1,yes,,,no,no,2,40.58,424.88,STATIC_ROAD_NETWORK
3409438,"Katraj Dairy, Pune - MPCB",18.4545,73.8542,Southern Highway Chokepoint / Ghat Gateway,1483717544,residential,Unnamed,1,no,,,no,no,2,16.73,910.51,STATIC_ROAD_NETWORK
3409438,"Katraj Dairy, Pune - MPCB",18.4545,73.8542,Southern Highway Chokepoint / Ghat Gateway,1502761481,residential,Unnamed,1,no,,,no,no,2,46.65,1100.18,STATIC_ROAD_NETWORK
3409438,"Katraj Dairy, Pune - MPCB",18.4545,73.8542,Southern Highway Chokepoint / Ghat Gateway,1504304526,trunk,Unnamed,1,no,50,,no,no,25,689.92,1235.21,STATIC_ROAD_NETWORK
3409438,"Katraj Dairy, Pune - MPCB",18.4545,73.8542,Southern Highway Chokepoint / Ghat Gateway,1508011258,residential,Unnamed,1,no,,,no,no,3,5.28,455.4,STATIC_ROAD_NETWORK
3409438,"Katraj Dairy, Pune - MPCB",18.4545,73.8542,Southern Highway Chokepoint / Ghat Gateway,1508011259,tertiary,Unnamed,1,yes,,,no,no,3,51.77,425.38,STATIC_ROAD_NETWORK
3409438,"Katraj Dairy, Pune - MPCB",18.4545,73.8542,Southern Highway Chokepoint / Ghat Gateway,1508817336,residential,Unnamed,1,no,,,no,no,2,25.45,1296.42,STATIC_ROAD_NETWORK
3409438,"Katraj Dairy, Pune - MPCB",18.4545,73.8542,Southern Highway Chokepoint / Ghat Gateway,1516989574,tertiary,Unnamed,1,yes,,,no,no,3,173.27,539.14,STATIC_ROAD_NETWORK
3409438,"Katraj Dairy, Pune - MPCB",18.4545,73.8542,Southern Highway Chokepoint / Ghat Gateway,1521331592,residential,Unnamed,1,no,,,no,no,2,13.79,1461.29,STATIC_ROAD_NETWORK
3409438,"Katraj Dairy, Pune - MPCB",18.4545,73.8542,Southern Highway Chokepoint / Ghat Gateway,1525413581,residential,Unnamed,1,no,,,no,no,6,45.72,1375.12,STATIC_ROAD_NETWORK
3409438,"Katraj Dairy, Pune - MPCB",18.4545,73.8542,Southern Highway Chokepoint / Ghat Gateway,1525413582,residential,Unnamed,1,no,,,no,no,2,1.73,1396.12,STATIC_ROAD_NETWORK
3409438,"Katraj Dairy, Pune - MPCB",18.4545,73.8542,Southern Highway Chokepoint / Ghat Gateway,1526406984,residential,Unnamed,1,yes,,,no,no,4,15.88,1154.95,STATIC_ROAD_NETWORK
3409438,"Katraj Dairy, Pune - MPCB",18.4545,73.8542,Southern Highway Chokepoint / Ghat Gateway,1526406985,residential,Unnamed,1,yes,,,no,no,4,15.01,1151.4,STATIC_ROAD_NETWORK
3409438,"Katraj Dairy, Pune - MPCB",18.4545,73.8542,Southern Highway Chokepoint / Ghat Gateway,1526406986,residential,Unnamed,1,no,,,no,no,3,40.57,1155.32,STATIC_ROAD_NETWORK
3409438,"Katraj Dairy, Pune - MPCB",18.4545,73.8542,Southern Highway Chokepoint / Ghat Gateway,1527722824,residential,Unnamed,1,no,,,no,no,9,251.9,1278.25,STATIC_ROAD_NETWORK
3409438,"Katraj Dairy, Pune - MPCB",18.4545,73.8542,Southern Highway Chokepoint / Ghat Gateway,1527722825,residential,Unnamed,1,no,,,no,no,10,91.87,1086.15,STATIC_ROAD_NETWORK
3409438,"Katraj Dairy, Pune - MPCB",18.4545,73.8542,Southern Highway Chokepoint / Ghat Gateway,1527722826,residential,Unnamed,1,no,,,no,no,13,68.81,1158.73,STATIC_ROAD_NETWORK
3409438,"Katraj Dairy, Pune - MPCB",18.4545,73.8542,Southern Highway Chokepoint / Ghat Gateway,1527722827,residential,Unnamed,1,no,,,no,no,2,21.79,1161.89,STATIC_ROAD_NETWORK
3409438,"Katraj Dairy, Pune - MPCB",18.4545,73.8542,Southern Highway Chokepoint / Ghat Gateway,1534236306,residential,Unnamed,1,no,,,no,no,3,56.73,713.64,STATIC_ROAD_NETWORK
3409438,"Katraj Dairy, Pune - MPCB",18.4545,73.8542,Southern Highway Chokepoint / Ghat Gateway,1534236307,residential,Unnamed,1,no,,,no,no,5,27.85,711.75,STATIC_ROAD_NETWORK
3409438,"Katraj Dairy, Pune - MPCB",18.4545,73.8542,Southern Highway Chokepoint / Ghat Gateway,1534236879,residential,Unnamed,1,no,,,no,no,2,25.24,721.61,STATIC_ROAD_NETWORK
3409438,"Katraj Dairy, Pune - MPCB",18.4545,73.8542,Southern Highway Chokepoint / Ghat Gateway,1536111089,residential,Unnamed,1,no,,,no,no,10,176.61,819.85,STATIC_ROAD_NETWORK
3409438,"Katraj Dairy, Pune - MPCB",18.4545,73.8542,Southern Highway Chokepoint / Ghat Gateway,1536111091,residential,Unnamed,1,no,,,no,no,3,40.07,846.97,STATIC_ROAD_NETWORK
3409438,"Katraj Dairy, Pune - MPCB",18.4545,73.8542,Southern Highway Chokepoint / Ghat Gateway,1536111092,residential,Unnamed,1,no,,,no,no,2,8.81,864.57,STATIC_ROAD_NETWORK
3409438,"Katraj Dairy, Pune - MPCB",18.4545,73.8542,Southern Highway Chokepoint / Ghat Gateway,1536111093,residential,Unnamed,1,no,,,no,no,4,15.92,876.0,STATIC_ROAD_NETWORK
3409438,"Katraj Dairy, Pune - MPCB",18.4545,73.8542,Southern Highway Chokepoint / Ghat Gateway,1541267705,residential,Unnamed,1,no,,,no,no,3,81.38,1452.42,STATIC_ROAD_NETWORK
3409438,"Katraj Dairy, Pune - MPCB",18.4545,73.8542,Southern Highway Chokepoint / Ghat Gateway,1555859348,residential,Unnamed,1,no,,,no,no,19,178.92,1392.81,STATIC_ROAD_NETWORK
3409438,"Katraj Dairy, Pune - MPCB",18.4545,73.8542,Southern Highway Chokepoint / Ghat Gateway,1555859350,residential,Unnamed,1,no,,,no,no,3,4.75,1495.25,STATIC_ROAD_NETWORK
3409526,"Panchawati_Pashan, Pune - IITM",18.5365,73.8055,Western Institutional / Foothill Background,22841830,secondary,Pashan-Bavdhan Road,1,no,,,no,no,27,1526.88,987.34,STATIC_ROAD_NETWORK
3409526,"Panchawati_Pashan, Pune - IITM",18.5365,73.8055,Western Institutional / Foothill Background,22841894,secondary,Pashan-Sus Road,2,no,,asphalt,no,no,14,305.4,1226.48,STATIC_ROAD_NETWORK
3409526,"Panchawati_Pashan, Pune - IITM",18.5365,73.8055,Western Institutional / Foothill Background,22841909,secondary,Sutarwadi Road,1,yes,,asphalt,no,no,5,220.15,985.22,STATIC_ROAD_NETWORK
3409526,"Panchawati_Pashan, Pune - IITM",18.5365,73.8055,Western Institutional / Foothill Background,60981752,residential,Someshwar Wadi Road,1,no,,,no,no,18,822.91,1026.18,STATIC_ROAD_NETWORK
3409526,"Panchawati_Pashan, Pune - IITM",18.5365,73.8055,Western Institutional / Foothill Background,60981753,residential,Unnamed,1,no,,,no,no,6,124.55,937.73,STATIC_ROAD_NETWORK
3409526,"Panchawati_Pashan, Pune - IITM",18.5365,73.8055,Western Institutional / Foothill Background,60981754,residential,Unnamed,1,no,,,no,no,20,269.2,899.41,STATIC_ROAD_NETWORK
3409526,"Panchawati_Pashan, Pune - IITM",18.5365,73.8055,Western Institutional / Foothill Background,68335744,residential,Panchawati Road,1,no,,,no,no,38,1096.76,438.32,STATIC_ROAD_NETWORK
3409526,"Panchawati_Pashan, Pune - IITM",18.5365,73.8055,Western Institutional / Foothill Background,91658535,residential,Unnamed,1,no,,,no,no,7,323.35,415.74,STATIC_ROAD_NETWORK
3409526,"Panchawati_Pashan, Pune - IITM",18.5365,73.8055,Western Institutional / Foothill Background,91658536,residential,Unnamed,1,no,,,no,no,9,209.0,726.34,STATIC_ROAD_NETWORK
3409526,"Panchawati_Pashan, Pune - IITM",18.5365,73.8055,Western Institutional / Foothill Background,93846324,residential,SBI Nagar Road,1,no,,,no,no,6,139.1,792.64,STATIC_ROAD_NETWORK
3409526,"Panchawati_Pashan, Pune - IITM",18.5365,73.8055,Western Institutional / Foothill Background,93846329,residential,Unnamed,1,no,,,no,no,2,38.82,1052.43,STATIC_ROAD_NETWORK
3409526,"Panchawati_Pashan, Pune - IITM",18.5365,73.8055,Western Institutional / Foothill Background,93846330,residential,Unnamed,1,no,,,no,no,2,40.52,1034.12,STATIC_ROAD_NETWORK
3409526,"Panchawati_Pashan, Pune - IITM",18.5365,73.8055,Western Institutional / Foothill Background,104231653,secondary,Pashan-Sus Road,1,yes,,asphalt,no,no,2,12.6,1302.69,STATIC_ROAD_NETWORK
3409526,"Panchawati_Pashan, Pune - IITM",18.5365,73.8055,Western Institutional / Foothill Background,106894934,residential,SBI Nagar Road,1,no,,,no,no,19,236.81,907.79,STATIC_ROAD_NETWORK
3409526,"Panchawati_Pashan, Pune - IITM",18.5365,73.8055,Western Institutional / Foothill Background,210344013,residential,Abhimanshree Roads 3 and 4,1,no,,,no,no,8,460.38,1415.89,STATIC_ROAD_NETWORK
3409526,"Panchawati_Pashan, Pune - IITM",18.5365,73.8055,Western Institutional / Foothill Background,210344021,residential,Abhimanshree Roads 1 & 2,2,no,20,paved,no,no,10,420.21,1365.21,STATIC_ROAD_NETWORK
3409526,"Panchawati_Pashan, Pune - IITM",18.5365,73.8055,Western Institutional / Foothill Background,215998830,secondary,Pashan-Sus Road,1,yes,,asphalt,no,no,2,12.35,1302.69,STATIC_ROAD_NETWORK
3409526,"Panchawati_Pashan, Pune - IITM",18.5365,73.8055,Western Institutional / Foothill Background,215998831,secondary,Pashan-Sus Road,1,yes,,asphalt,yes,no,2,38.64,1313.65,STATIC_ROAD_NETWORK
3409526,"Panchawati_Pashan, Pune - IITM",18.5365,73.8055,Western Institutional / Foothill Background,215998832,secondary,Pashan-Sus Road,1,yes,,asphalt,yes,no,2,39.75,1309.3,STATIC_ROAD_NETWORK
3409526,"Panchawati_Pashan, Pune - IITM",18.5365,73.8055,Western Institutional / Foothill Background,215998836,secondary,Pashan-Sus Road,4,yes,,asphalt,no,no,14,436.01,1341.89,STATIC_ROAD_NETWORK
3409526,"Panchawati_Pashan, Pune - IITM",18.5365,73.8055,Western Institutional / Foothill Background,215998837,secondary,Pashan-Sus Road,4,yes,,asphalt,no,no,9,440.82,1337.39,STATIC_ROAD_NETWORK
3409526,"Panchawati_Pashan, Pune - IITM",18.5365,73.8055,Western Institutional / Foothill Background,215998857,residential,Unnamed,1,no,,,no,no,2,67.57,805.85,STATIC_ROAD_NETWORK
3409526,"Panchawati_Pashan, Pune - IITM",18.5365,73.8055,Western Institutional / Foothill Background,215998867,residential,Unnamed,1,no,,,no,no,2,47.78,813.42,STATIC_ROAD_NETWORK
3409526,"Panchawati_Pashan, Pune - IITM",18.5365,73.8055,Western Institutional / Foothill Background,215998870,residential,Unnamed,1,no,,,no,no,2,70.19,778.65,STATIC_ROAD_NETWORK
3409526,"Panchawati_Pashan, Pune - IITM",18.5365,73.8055,Western Institutional / Foothill Background,215998883,residential,Unnamed,1,no,,,no,no,3,86.12,672.2,STATIC_ROAD_NETWORK
3409526,"Panchawati_Pashan, Pune - IITM",18.5365,73.8055,Western Institutional / Foothill Background,215998887,residential,Unnamed,1,no,,,no,no,4,121.51,672.2,STATIC_ROAD_NETWORK
3409526,"Panchawati_Pashan, Pune - IITM",18.5365,73.8055,Western Institutional / Foothill Background,215998891,residential,Unnamed,1,no,,,no,no,2,69.81,752.05,STATIC_ROAD_NETWORK
3409526,"Panchawati_Pashan, Pune - IITM",18.5365,73.8055,Western Institutional / Foothill Background,215998918,residential,Unnamed,1,no,,,no,no,2,94.39,792.17,STATIC_ROAD_NETWORK
3409526,"Panchawati_Pashan, Pune - IITM",18.5365,73.8055,Western Institutional / Foothill Background,215998947,residential,Unnamed,1,no,,,no,no,5,109.69,723.36,STATIC_ROAD_NETWORK
3409526,"Panchawati_Pashan, Pune - IITM",18.5365,73.8055,Western Institutional / Foothill Background,220554696,residential,Someshwar Temple Road,2,no,,asphalt,no,no,26,672.04,1477.82,STATIC_ROAD_NETWORK
3409526,"Panchawati_Pashan, Pune - IITM",18.5365,73.8055,Western Institutional / Foothill Background,227095240,tertiary,Sutarwadi Road,1,no,,,no,no,8,259.98,1241.6,STATIC_ROAD_NETWORK
3409526,"Panchawati_Pashan, Pune - IITM",18.5365,73.8055,Western Institutional / Foothill Background,227095248,secondary,Armament Circle,1,yes,,asphalt,no,no,23,73.66,963.96,STATIC_ROAD_NETWORK
3409526,"Panchawati_Pashan, Pune - IITM",18.5365,73.8055,Western Institutional / Foothill Background,229873810,tertiary,Abhimanshree Society Road,2,yes,20,concrete,no,no,24,779.54,1352.74,STATIC_ROAD_NETWORK
3409526,"Panchawati_Pashan, Pune - IITM",18.5365,73.8055,Western Institutional / Foothill Background,249734357,residential,Unnamed,1,no,,,no,no,11,184.21,554.24,STATIC_ROAD_NETWORK
3409526,"Panchawati_Pashan, Pune - IITM",18.5365,73.8055,Western Institutional / Foothill Background,249734358,residential,Unnamed,1,no,,,no,no,14,264.41,984.97,STATIC_ROAD_NETWORK
3409526,"Panchawati_Pashan, Pune - IITM",18.5365,73.8055,Western Institutional / Foothill Background,249734359,residential,Unnamed,1,no,,,no,no,12,52.27,1026.01,STATIC_ROAD_NETWORK
3409526,"Panchawati_Pashan, Pune - IITM",18.5365,73.8055,Western Institutional / Foothill Background,249734360,residential,Pashan Gaon(Village) Road,1,no,,concrete,no,no,14,236.05,1156.84,STATIC_ROAD_NETWORK
3409526,"Panchawati_Pashan, Pune - IITM",18.5365,73.8055,Western Institutional / Foothill Background,249734362,residential,Unnamed,1,no,,,no,no,3,185.5,154.58,STATIC_ROAD_NETWORK
3409526,"Panchawati_Pashan, Pune - IITM",18.5365,73.8055,Western Institutional / Foothill Background,249734363,residential,Unnamed,1,no,,,no,no,3,33.86,1163.42,STATIC_ROAD_NETWORK
3409526,"Panchawati_Pashan, Pune - IITM",18.5365,73.8055,Western Institutional / Foothill Background,249734364,residential,Unnamed,1,no,,,no,no,4,42.19,923.17,STATIC_ROAD_NETWORK
3409526,"Panchawati_Pashan, Pune - IITM",18.5365,73.8055,Western Institutional / Foothill Background,249734365,residential,Unnamed,1,no,,,no,no,3,58.52,1087.87,STATIC_ROAD_NETWORK
3409526,"Panchawati_Pashan, Pune - IITM",18.5365,73.8055,Western Institutional / Foothill Background,249734368,residential,Unnamed,1,no,,,yes,no,2,14.08,401.98,STATIC_ROAD_NETWORK
3409526,"Panchawati_Pashan, Pune - IITM",18.5365,73.8055,Western Institutional / Foothill Background,249734369,residential,Unnamed,1,no,,,no,no,4,114.98,925.87,STATIC_ROAD_NETWORK
3409526,"Panchawati_Pashan, Pune - IITM",18.5365,73.8055,Western Institutional / Foothill Background,249734371,residential,Unnamed,1,no,,,no,no,2,41.0,1482.67,STATIC_ROAD_NETWORK
3409526,"Panchawati_Pashan, Pune - IITM",18.5365,73.8055,Western Institutional / Foothill Background,249734374,residential,Unnamed,1,no,,,no,no,2,41.99,981.21,STATIC_ROAD_NETWORK
3409526,"Panchawati_Pashan, Pune - IITM",18.5365,73.8055,Western Institutional / Foothill Background,249734378,residential,Unnamed,1,no,,,no,no,2,51.96,994.99,STATIC_ROAD_NETWORK
3409526,"Panchawati_Pashan, Pune - IITM",18.5365,73.8055,Western Institutional / Foothill Background,249734382,residential,Unnamed,1,no,,,no,no,3,116.66,937.73,STATIC_ROAD_NETWORK
3409526,"Panchawati_Pashan, Pune - IITM",18.5365,73.8055,Western Institutional / Foothill Background,249734384,residential,Unnamed,1,no,,,yes,no,2,11.74,715.54,STATIC_ROAD_NETWORK
3409526,"Panchawati_Pashan, Pune - IITM",18.5365,73.8055,Western Institutional / Foothill Background,249734388,residential,Unnamed,1,no,,,no,no,2,77.94,326.35,STATIC_ROAD_NETWORK
3409526,"Panchawati_Pashan, Pune - IITM",18.5365,73.8055,Western Institutional / Foothill Background,249734395,residential,Unnamed,1,no,,,no,no,4,76.49,1163.58,STATIC_ROAD_NETWORK
3409526,"Panchawati_Pashan, Pune - IITM",18.5365,73.8055,Western Institutional / Foothill Background,249734396,residential,Unnamed,1,no,,,no,no,3,75.92,981.21,STATIC_ROAD_NETWORK
3409526,"Panchawati_Pashan, Pune - IITM",18.5365,73.8055,Western Institutional / Foothill Background,249734398,residential,Unnamed,1,no,,,no,no,2,65.49,1430.89,STATIC_ROAD_NETWORK
3409526,"Panchawati_Pashan, Pune - IITM",18.5365,73.8055,Western Institutional / Foothill Background,249734399,residential,Unnamed,1,no,,,no,no,3,82.58,1012.86,STATIC_ROAD_NETWORK
3409526,"Panchawati_Pashan, Pune - IITM",18.5365,73.8055,Western Institutional / Foothill Background,249734400,residential,Unnamed,1,no,,,no,no,5,145.73,1395.48,STATIC_ROAD_NETWORK
3409526,"Panchawati_Pashan, Pune - IITM",18.5365,73.8055,Western Institutional / Foothill Background,249734405,residential,Unnamed,1,no,,,no,no,4,126.29,962.38,STATIC_ROAD_NETWORK
3409526,"Panchawati_Pashan, Pune - IITM",18.5365,73.8055,Western Institutional / Foothill Background,249734406,residential,Unnamed,1,no,,,no,no,4,63.73,1019.86,STATIC_ROAD_NETWORK
3409526,"Panchawati_Pashan, Pune - IITM",18.5365,73.8055,Western Institutional / Foothill Background,249734407,residential,Unnamed,1,no,,,no,no,6,158.02,882.35,STATIC_ROAD_NETWORK
3409526,"Panchawati_Pashan, Pune - IITM",18.5365,73.8055,Western Institutional / Foothill Background,249734408,residential,Unnamed,1,no,,,no,no,33,1040.06,722.44,STATIC_ROAD_NETWORK
3409526,"Panchawati_Pashan, Pune - IITM",18.5365,73.8055,Western Institutional / Foothill Background,249734409,residential,Unnamed,1,no,,,no,no,8,103.06,688.76,STATIC_ROAD_NETWORK
3409526,"Panchawati_Pashan, Pune - IITM",18.5365,73.8055,Western Institutional / Foothill Background,249734410,residential,Unnamed,1,no,,,no,no,7,259.8,880.74,STATIC_ROAD_NETWORK
3409526,"Panchawati_Pashan, Pune - IITM",18.5365,73.8055,Western Institutional / Foothill Background,249734412,residential,Unnamed,1,no,,,no,no,8,147.18,1087.09,STATIC_ROAD_NETWORK
3409526,"Panchawati_Pashan, Pune - IITM",18.5365,73.8055,Western Institutional / Foothill Background,249734414,residential,Unnamed,1,no,,,no,no,8,181.75,1136.53,STATIC_ROAD_NETWORK
3409526,"Panchawati_Pashan, Pune - IITM",18.5365,73.8055,Western Institutional / Foothill Background,251618598,residential,Unnamed,1,no,,,no,no,2,154.2,1459.69,STATIC_ROAD_NETWORK
3409526,"Panchawati_Pashan, Pune - IITM",18.5365,73.8055,Western Institutional / Foothill Background,251618599,tertiary,Sutarwadi Road,1,yes,,,no,no,2,25.16,1217.11,STATIC_ROAD_NETWORK
3409526,"Panchawati_Pashan, Pune - IITM",18.5365,73.8055,Western Institutional / Foothill Background,251618602,residential,Unnamed,1,no,,,no,no,2,9.12,1352.71,STATIC_ROAD_NETWORK
3409526,"Panchawati_Pashan, Pune - IITM",18.5365,73.8055,Western Institutional / Foothill Background,251618603,secondary,Unnamed,1,yes,,,no,no,2,25.04,1219.52,STATIC_ROAD_NETWORK
3409526,"Panchawati_Pashan, Pune - IITM",18.5365,73.8055,Western Institutional / Foothill Background,251618604,secondary,Unnamed,1,yes,,,no,no,5,244.07,987.52,STATIC_ROAD_NETWORK
3409526,"Panchawati_Pashan, Pune - IITM",18.5365,73.8055,Western Institutional / Foothill Background,251618609,residential,Unnamed,1,no,,,no,no,2,158.62,1483.79,STATIC_ROAD_NETWORK
3409526,"Panchawati_Pashan, Pune - IITM",18.5365,73.8055,Western Institutional / Foothill Background,251618612,secondary,Unnamed,1,yes,,,no,no,2,24.54,1212.73,STATIC_ROAD_NETWORK
3409526,"Panchawati_Pashan, Pune - IITM",18.5365,73.8055,Western Institutional / Foothill Background,251618613,residential,Unnamed,1,no,,,no,no,4,164.24,1421.81,STATIC_ROAD_NETWORK
3409526,"Panchawati_Pashan, Pune - IITM",18.5365,73.8055,Western Institutional / Foothill Background,251618617,tertiary,Sutarwadi Road,1,yes,,,no,no,2,24.73,1220.14,STATIC_ROAD_NETWORK
3409526,"Panchawati_Pashan, Pune - IITM",18.5365,73.8055,Western Institutional / Foothill Background,251618619,secondary,Unnamed,1,yes,,,no,no,2,23.55,1187.58,STATIC_ROAD_NETWORK
3409526,"Panchawati_Pashan, Pune - IITM",18.5365,73.8055,Western Institutional / Foothill Background,251618625,secondary,Praveen Namdeodada Nimhan Chowk,1,no,,,no,no,5,6.18,1209.49,STATIC_ROAD_NETWORK
3409526,"Panchawati_Pashan, Pune - IITM",18.5365,73.8055,Western Institutional / Foothill Background,251618634,residential,Wakeshwar Road,2,yes,,concrete,no,no,9,316.39,1483.79,STATIC_ROAD_NETWORK
3409526,"Panchawati_Pashan, Pune - IITM",18.5365,73.8055,Western Institutional / Foothill Background,293851062,residential,Unnamed,1,no,,,no,no,17,329.39,1354.95,STATIC_ROAD_NETWORK
3409526,"Panchawati_Pashan, Pune - IITM",18.5365,73.8055,Western Institutional / Foothill Background,297335162,residential,Baner-Someshwarwadi Road,1,no,,asphalt,no,no,8,189.4,1421.8,STATIC_ROAD_NETWORK
3409526,"Panchawati_Pashan, Pune - IITM",18.5365,73.8055,Western Institutional / Foothill Background,297335385,residential,Someshwar Temple Road,2,no,,asphalt,no,no,11,81.75,1421.8,STATIC_ROAD_NETWORK
3409526,"Panchawati_Pashan, Pune - IITM",18.5365,73.8055,Western Institutional / Foothill Background,332505130,residential,Park Ridge Road,1,no,40,concrete,no,no,18,500.19,1423.81,STATIC_ROAD_NETWORK
3409526,"Panchawati_Pashan, Pune - IITM",18.5365,73.8055,Western Institutional / Foothill Background,361249331,residential,Unnamed,1,no,,,no,no,12,235.44,1280.63,STATIC_ROAD_NETWORK
3409526,"Panchawati_Pashan, Pune - IITM",18.5365,73.8055,Western Institutional / Foothill Background,395968675,residential,Unnamed,1,no,,,no,no,6,165.86,1420.71,STATIC_ROAD_NETWORK
3409526,"Panchawati_Pashan, Pune - IITM",18.5365,73.8055,Western Institutional / Foothill Background,475249309,residential,Unnamed,1,no,,,no,no,24,211.45,1308.09,STATIC_ROAD_NETWORK
3409526,"Panchawati_Pashan, Pune - IITM",18.5365,73.8055,Western Institutional / Foothill Background,475467182,residential,Unnamed,1,no,,,no,no,10,263.59,1416.64,STATIC_ROAD_NETWORK
3409526,"Panchawati_Pashan, Pune - IITM",18.5365,73.8055,Western Institutional / Foothill Background,477080208,residential,Unnamed,1,no,,,no,no,2,64.85,1450.04,STATIC_ROAD_NETWORK
3409526,"Panchawati_Pashan, Pune - IITM",18.5365,73.8055,Western Institutional / Foothill Background,477080245,residential,Unnamed,1,no,,,no,no,9,107.41,1280.63,STATIC_ROAD_NETWORK
3409526,"Panchawati_Pashan, Pune - IITM",18.5365,73.8055,Western Institutional / Foothill Background,477080246,residential,Unnamed,1,no,,,no,no,2,31.29,1176.32,STATIC_ROAD_NETWORK
3409526,"Panchawati_Pashan, Pune - IITM",18.5365,73.8055,Western Institutional / Foothill Background,477080247,residential,Unnamed,1,no,,,no,no,4,95.39,1176.32,STATIC_ROAD_NETWORK
3409526,"Panchawati_Pashan, Pune - IITM",18.5365,73.8055,Western Institutional / Foothill Background,477088908,residential,Unnamed,1,no,,,no,no,5,176.23,1092.25,STATIC_ROAD_NETWORK
3409526,"Panchawati_Pashan, Pune - IITM",18.5365,73.8055,Western Institutional / Foothill Background,477088909,residential,Unnamed,1,no,,,no,no,2,78.68,1152.37,STATIC_ROAD_NETWORK
3409526,"Panchawati_Pashan, Pune - IITM",18.5365,73.8055,Western Institutional / Foothill Background,477088911,residential,Unnamed,1,no,,,no,no,2,160.25,1460.04,STATIC_ROAD_NETWORK
3409526,"Panchawati_Pashan, Pune - IITM",18.5365,73.8055,Western Institutional / Foothill Background,477088912,residential,Unnamed,1,no,,,no,no,6,84.36,1381.76,STATIC_ROAD_NETWORK
3409526,"Panchawati_Pashan, Pune - IITM",18.5365,73.8055,Western Institutional / Foothill Background,477088913,residential,Unnamed,1,no,,,no,no,2,54.4,1344.18,STATIC_ROAD_NETWORK
3409526,"Panchawati_Pashan, Pune - IITM",18.5365,73.8055,Western Institutional / Foothill Background,477088918,residential,Unnamed,1,yes,,,no,no,11,324.88,1435.83,STATIC_ROAD_NETWORK
3409526,"Panchawati_Pashan, Pune - IITM",18.5365,73.8055,Western Institutional / Foothill Background,477088920,residential,Unnamed,1,no,,,no,no,10,201.78,560.65,STATIC_ROAD_NETWORK
3409526,"Panchawati_Pashan, Pune - IITM",18.5365,73.8055,Western Institutional / Foothill Background,477088921,residential,Unnamed,1,no,,,no,no,2,13.94,647.31,STATIC_ROAD_NETWORK
3409526,"Panchawati_Pashan, Pune - IITM",18.5365,73.8055,Western Institutional / Foothill Background,477088922,residential,Unnamed,1,no,,,no,no,4,90.16,415.74,STATIC_ROAD_NETWORK
3409526,"Panchawati_Pashan, Pune - IITM",18.5365,73.8055,Western Institutional / Foothill Background,477088928,residential,Unnamed,1,no,,,no,no,6,210.79,993.77,STATIC_ROAD_NETWORK
3409526,"Panchawati_Pashan, Pune - IITM",18.5365,73.8055,Western Institutional / Foothill Background,477088929,residential,Unnamed,1,no,,,no,no,2,243.81,1077.21,STATIC_ROAD_NETWORK
3409526,"Panchawati_Pashan, Pune - IITM",18.5365,73.8055,Western Institutional / Foothill Background,477088930,residential,Unnamed,1,no,,,no,no,2,192.49,1024.84,STATIC_ROAD_NETWORK
3409526,"Panchawati_Pashan, Pune - IITM",18.5365,73.8055,Western Institutional / Foothill Background,477088931,residential,Unnamed,1,no,,,no,no,2,73.32,816.09,STATIC_ROAD_NETWORK
3409526,"Panchawati_Pashan, Pune - IITM",18.5365,73.8055,Western Institutional / Foothill Background,477088932,residential,Unnamed,1,no,,,no,no,2,72.33,1112.64,STATIC_ROAD_NETWORK
3409526,"Panchawati_Pashan, Pune - IITM",18.5365,73.8055,Western Institutional / Foothill Background,477088933,residential,Unnamed,1,no,,,no,no,5,124.7,1090.08,STATIC_ROAD_NETWORK
3409526,"Panchawati_Pashan, Pune - IITM",18.5365,73.8055,Western Institutional / Foothill Background,477088934,residential,Unnamed,1,no,,,no,no,2,73.48,1122.46,STATIC_ROAD_NETWORK
3409526,"Panchawati_Pashan, Pune - IITM",18.5365,73.8055,Western Institutional / Foothill Background,477088936,residential,Unnamed,1,no,,,no,no,2,3.89,1492.03,STATIC_ROAD_NETWORK
3409526,"Panchawati_Pashan, Pune - IITM",18.5365,73.8055,Western Institutional / Foothill Background,477088937,residential,Unnamed,1,no,,unpaved,no,no,8,217.37,1492.81,STATIC_ROAD_NETWORK
3409526,"Panchawati_Pashan, Pune - IITM",18.5365,73.8055,Western Institutional / Foothill Background,499579983,residential,Unnamed,1,no,,,no,no,3,58.51,1470.92,STATIC_ROAD_NETWORK
3409526,"Panchawati_Pashan, Pune - IITM",18.5365,73.8055,Western Institutional / Foothill Background,618570137,residential,Unnamed,1,no,,,no,no,2,55.78,1219.52,STATIC_ROAD_NETWORK
3409526,"Panchawati_Pashan, Pune - IITM",18.5365,73.8055,Western Institutional / Foothill Background,618570138,residential,Unnamed,1,no,,,no,no,3,36.73,1218.25,STATIC_ROAD_NETWORK
3409526,"Panchawati_Pashan, Pune - IITM",18.5365,73.8055,Western Institutional / Foothill Background,669029283,residential,Unnamed,1,yes,,,no,no,9,227.98,924.56,STATIC_ROAD_NETWORK
3409526,"Panchawati_Pashan, Pune - IITM",18.5365,73.8055,Western Institutional / Foothill Background,669626980,residential,Unnamed,1,no,,,no,no,5,115.56,1249.17,STATIC_ROAD_NETWORK
3409526,"Panchawati_Pashan, Pune - IITM",18.5365,73.8055,Western Institutional / Foothill Background,689795464,residential,Unnamed,1,no,,,no,no,14,126.32,1100.46,STATIC_ROAD_NETWORK
3409526,"Panchawati_Pashan, Pune - IITM",18.5365,73.8055,Western Institutional / Foothill Background,689898793,residential,Unnamed,1,no,,,no,no,4,94.14,1470.92,STATIC_ROAD_NETWORK
3409526,"Panchawati_Pashan, Pune - IITM",18.5365,73.8055,Western Institutional / Foothill Background,694649213,residential,Unnamed,1,no,,,no,no,8,188.17,1336.0,STATIC_ROAD_NETWORK
3409526,"Panchawati_Pashan, Pune - IITM",18.5365,73.8055,Western Institutional / Foothill Background,762794898,residential,Unnamed,1,no,,,no,no,2,22.62,897.04,STATIC_ROAD_NETWORK
3409526,"Panchawati_Pashan, Pune - IITM",18.5365,73.8055,Western Institutional / Foothill Background,762794899,residential,Unnamed,1,no,,,no,no,2,31.18,907.25,STATIC_ROAD_NETWORK
3409526,"Panchawati_Pashan, Pune - IITM",18.5365,73.8055,Western Institutional / Foothill Background,762794900,residential,Unnamed,1,no,,,no,no,4,147.23,894.11,STATIC_ROAD_NETWORK
3409526,"Panchawati_Pashan, Pune - IITM",18.5365,73.8055,Western Institutional / Foothill Background,838308341,tertiary,Abhimanshree Society Road,2,yes,20,concrete,no,no,12,782.24,1343.17,STATIC_ROAD_NETWORK
3409526,"Panchawati_Pashan, Pune - IITM",18.5365,73.8055,Western Institutional / Foothill Background,838308342,secondary,Dr. Homi Bhabha Marg,2,yes,,asphalt,no,no,9,475.64,1342.01,STATIC_ROAD_NETWORK
3409526,"Panchawati_Pashan, Pune - IITM",18.5365,73.8055,Western Institutional / Foothill Background,838308344,secondary,Dr. Homi Bhabha Marg,2,yes,,asphalt,no,no,5,376.38,729.04,STATIC_ROAD_NETWORK
3409526,"Panchawati_Pashan, Pune - IITM",18.5365,73.8055,Western Institutional / Foothill Background,838569749,secondary,Dr. Homi Bhabha Marg,2,no,,,no,no,17,886.1,154.58,STATIC_ROAD_NETWORK
3409526,"Panchawati_Pashan, Pune - IITM",18.5365,73.8055,Western Institutional / Foothill Background,838569750,secondary,Dr. Homi Bhabha Marg,1,no,,asphalt,no,no,6,135.3,154.58,STATIC_ROAD_NETWORK
3409526,"Panchawati_Pashan, Pune - IITM",18.5365,73.8055,Western Institutional / Foothill Background,838569751,secondary,Dr. Homi Bhabha Marg,1,yes,,asphalt,no,no,6,332.95,420.06,STATIC_ROAD_NETWORK
3409526,"Panchawati_Pashan, Pune - IITM",18.5365,73.8055,Western Institutional / Foothill Background,838569752,secondary,Dr. Homi Bhabha Marg,2,yes,,asphalt,no,no,17,762.48,1352.74,STATIC_ROAD_NETWORK
3409526,"Panchawati_Pashan, Pune - IITM",18.5365,73.8055,Western Institutional / Foothill Background,838569753,secondary,Dr. Homi Bhabha Marg,1,yes,,asphalt,no,no,14,574.62,219.62,STATIC_ROAD_NETWORK
3409526,"Panchawati_Pashan, Pune - IITM",18.5365,73.8055,Western Institutional / Foothill Background,838569754,secondary,Dr. Homi Bhabha Marg,1,yes,,asphalt,no,no,9,243.78,219.62,STATIC_ROAD_NETWORK
3409526,"Panchawati_Pashan, Pune - IITM",18.5365,73.8055,Western Institutional / Foothill Background,838573244,tertiary,Unnamed,1,no,,,yes,no,2,44.97,1488.96,STATIC_ROAD_NETWORK
3409526,"Panchawati_Pashan, Pune - IITM",18.5365,73.8055,Western Institutional / Foothill Background,855726810,residential,Unnamed,1,no,,,no,no,3,143.32,1498.02,STATIC_ROAD_NETWORK
3409526,"Panchawati_Pashan, Pune - IITM",18.5365,73.8055,Western Institutional / Foothill Background,855881293,residential,Unnamed,1,no,,,no,no,2,85.86,1140.6,STATIC_ROAD_NETWORK
3409526,"Panchawati_Pashan, Pune - IITM",18.5365,73.8055,Western Institutional / Foothill Background,855881294,residential,Wakeshwar Road,2,yes,,concrete,no,no,12,432.32,1475.02,STATIC_ROAD_NETWORK
3409526,"Panchawati_Pashan, Pune - IITM",18.5365,73.8055,Western Institutional / Foothill Background,856205546,residential,Unnamed,1,no,,,no,no,2,48.09,1010.24,STATIC_ROAD_NETWORK
3409526,"Panchawati_Pashan, Pune - IITM",18.5365,73.8055,Western Institutional / Foothill Background,856205547,residential,Unnamed,1,no,,,no,no,6,48.38,1136.62,STATIC_ROAD_NETWORK
3409526,"Panchawati_Pashan, Pune - IITM",18.5365,73.8055,Western Institutional / Foothill Background,858007405,residential,Unnamed,1,no,,,no,no,5,145.29,1152.52,STATIC_ROAD_NETWORK
3409526,"Panchawati_Pashan, Pune - IITM",18.5365,73.8055,Western Institutional / Foothill Background,858007407,residential,Panchawati Road,1,no,,,no,no,7,324.64,653.1,STATIC_ROAD_NETWORK
3409526,"Panchawati_Pashan, Pune - IITM",18.5365,73.8055,Western Institutional / Foothill Background,992616665,residential,Unnamed,1,no,,,no,no,3,34.0,815.57,STATIC_ROAD_NETWORK
3409526,"Panchawati_Pashan, Pune - IITM",18.5365,73.8055,Western Institutional / Foothill Background,992616666,residential,Unnamed,1,no,,,no,no,9,162.47,716.15,STATIC_ROAD_NETWORK
3409526,"Panchawati_Pashan, Pune - IITM",18.5365,73.8055,Western Institutional / Foothill Background,992616667,residential,Unnamed,1,no,,,no,no,2,43.02,736.24,STATIC_ROAD_NETWORK
3409526,"Panchawati_Pashan, Pune - IITM",18.5365,73.8055,Western Institutional / Foothill Background,992616670,residential,Unnamed,1,no,,,no,no,7,126.18,936.58,STATIC_ROAD_NETWORK
3409526,"Panchawati_Pashan, Pune - IITM",18.5365,73.8055,Western Institutional / Foothill Background,992616672,residential,Unnamed,1,no,,,no,no,2,8.53,841.09,STATIC_ROAD_NETWORK
3409526,"Panchawati_Pashan, Pune - IITM",18.5365,73.8055,Western Institutional / Foothill Background,992616673,residential,Unnamed,1,no,,,no,no,3,59.92,774.27,STATIC_ROAD_NETWORK
3409526,"Panchawati_Pashan, Pune - IITM",18.5365,73.8055,Western Institutional / Foothill Background,992616680,residential,Unnamed,1,no,,,no,no,2,54.27,908.12,STATIC_ROAD_NETWORK
3409526,"Panchawati_Pashan, Pune - IITM",18.5365,73.8055,Western Institutional / Foothill Background,992616681,residential,Unnamed,1,no,,,no,no,2,48.94,1087.99,STATIC_ROAD_NETWORK
3409526,"Panchawati_Pashan, Pune - IITM",18.5365,73.8055,Western Institutional / Foothill Background,992616682,residential,Unnamed,1,no,,,no,no,5,70.46,1147.48,STATIC_ROAD_NETWORK
3409526,"Panchawati_Pashan, Pune - IITM",18.5365,73.8055,Western Institutional / Foothill Background,993561158,residential,Unnamed,1,no,,,no,no,3,39.86,932.16,STATIC_ROAD_NETWORK
3409526,"Panchawati_Pashan, Pune - IITM",18.5365,73.8055,Western Institutional / Foothill Background,1021027941,secondary,Dr. Homi Bhabha Marg,2,yes,,,no,no,5,381.67,732.83,STATIC_ROAD_NETWORK
3409526,"Panchawati_Pashan, Pune - IITM",18.5365,73.8055,Western Institutional / Foothill Background,1021027942,tertiary,Abhimanshree Society Road,2,yes,,asphalt,no,no,2,8.9,1351.62,STATIC_ROAD_NETWORK
3409526,"Panchawati_Pashan, Pune - IITM",18.5365,73.8055,Western Institutional / Foothill Background,1083714074,residential,Unnamed,1,no,,,no,no,4,40.61,996.71,STATIC_ROAD_NETWORK
3409526,"Panchawati_Pashan, Pune - IITM",18.5365,73.8055,Western Institutional / Foothill Background,1087700442,residential,Someshwar Temple Road,1,no,,,no,no,3,51.37,1344.18,STATIC_ROAD_NETWORK
3409526,"Panchawati_Pashan, Pune - IITM",18.5365,73.8055,Western Institutional / Foothill Background,1087700443,residential,Unnamed,1,no,,,yes,no,2,41.2,1387.76,STATIC_ROAD_NETWORK
3409526,"Panchawati_Pashan, Pune - IITM",18.5365,73.8055,Western Institutional / Foothill Background,1087700867,residential,Someshwar Wadi Road,1,no,,,no,no,7,331.62,1152.37,STATIC_ROAD_NETWORK
3409526,"Panchawati_Pashan, Pune - IITM",18.5365,73.8055,Western Institutional / Foothill Background,1087706854,residential,Unnamed,1,no,,,no,no,10,83.23,1389.79,STATIC_ROAD_NETWORK
3409526,"Panchawati_Pashan, Pune - IITM",18.5365,73.8055,Western Institutional / Foothill Background,1087706861,living_street,Unnamed,1,no,,,no,no,2,19.7,1435.48,STATIC_ROAD_NETWORK
3409526,"Panchawati_Pashan, Pune - IITM",18.5365,73.8055,Western Institutional / Foothill Background,1088848496,tertiary,Unnamed,1,yes,,,no,no,2,9.0,1342.01,STATIC_ROAD_NETWORK
3409526,"Panchawati_Pashan, Pune - IITM",18.5365,73.8055,Western Institutional / Foothill Background,1088848497,secondary,Unnamed,1,yes,,,no,no,2,9.7,1343.17,STATIC_ROAD_NETWORK
3409526,"Panchawati_Pashan, Pune - IITM",18.5365,73.8055,Western Institutional / Foothill Background,1118854900,residential,Unnamed,1,no,,,no,no,3,13.39,1359.23,STATIC_ROAD_NETWORK
3409526,"Panchawati_Pashan, Pune - IITM",18.5365,73.8055,Western Institutional / Foothill Background,1119762984,residential,Unnamed,1,no,,,no,no,4,55.85,1032.94,STATIC_ROAD_NETWORK
3409526,"Panchawati_Pashan, Pune - IITM",18.5365,73.8055,Western Institutional / Foothill Background,1119762985,residential,Unnamed,1,no,,,no,no,2,64.62,1023.22,STATIC_ROAD_NETWORK
3409526,"Panchawati_Pashan, Pune - IITM",18.5365,73.8055,Western Institutional / Foothill Background,1119762986,residential,Unnamed,1,no,,,no,no,2,61.84,995.24,STATIC_ROAD_NETWORK
3409526,"Panchawati_Pashan, Pune - IITM",18.5365,73.8055,Western Institutional / Foothill Background,1119762988,residential,Unnamed,1,no,,,no,no,2,30.05,1269.79,STATIC_ROAD_NETWORK
3409526,"Panchawati_Pashan, Pune - IITM",18.5365,73.8055,Western Institutional / Foothill Background,1119762989,residential,Unnamed,1,no,,,no,no,2,37.31,1234.58,STATIC_ROAD_NETWORK
3409526,"Panchawati_Pashan, Pune - IITM",18.5365,73.8055,Western Institutional / Foothill Background,1119762996,residential,Unnamed,1,no,,,no,no,2,113.88,975.6,STATIC_ROAD_NETWORK
3409526,"Panchawati_Pashan, Pune - IITM",18.5365,73.8055,Western Institutional / Foothill Background,1119762998,residential,Unnamed,1,no,,,no,no,2,48.88,1072.81,STATIC_ROAD_NETWORK
3409526,"Panchawati_Pashan, Pune - IITM",18.5365,73.8055,Western Institutional / Foothill Background,1119764552,residential,Unnamed,1,no,,,no,no,3,73.34,1461.55,STATIC_ROAD_NETWORK
3409526,"Panchawati_Pashan, Pune - IITM",18.5365,73.8055,Western Institutional / Foothill Background,1119764556,residential,Unnamed,1,no,,,no,no,2,79.3,887.35,STATIC_ROAD_NETWORK
3409526,"Panchawati_Pashan, Pune - IITM",18.5365,73.8055,Western Institutional / Foothill Background,1119764557,residential,Unnamed,1,no,,,no,no,2,40.15,899.28,STATIC_ROAD_NETWORK
3409526,"Panchawati_Pashan, Pune - IITM",18.5365,73.8055,Western Institutional / Foothill Background,1119764879,residential,Unnamed,1,no,,,no,no,3,104.26,1144.21,STATIC_ROAD_NETWORK
3409526,"Panchawati_Pashan, Pune - IITM",18.5365,73.8055,Western Institutional / Foothill Background,1119764880,residential,Unnamed,1,no,,,no,no,3,88.08,1110.21,STATIC_ROAD_NETWORK
3409526,"Panchawati_Pashan, Pune - IITM",18.5365,73.8055,Western Institutional / Foothill Background,1119764881,residential,Unnamed,1,no,,,no,no,2,26.1,1129.21,STATIC_ROAD_NETWORK
3409526,"Panchawati_Pashan, Pune - IITM",18.5365,73.8055,Western Institutional / Foothill Background,1119766347,residential,Unnamed,1,no,,,no,no,4,81.68,1447.11,STATIC_ROAD_NETWORK
3409526,"Panchawati_Pashan, Pune - IITM",18.5365,73.8055,Western Institutional / Foothill Background,1119766348,residential,Unnamed,1,no,,,no,no,3,55.63,1397.85,STATIC_ROAD_NETWORK
3409526,"Panchawati_Pashan, Pune - IITM",18.5365,73.8055,Western Institutional / Foothill Background,1119767627,residential,Unnamed,1,no,,,no,no,3,53.32,1450.04,STATIC_ROAD_NETWORK
3409526,"Panchawati_Pashan, Pune - IITM",18.5365,73.8055,Western Institutional / Foothill Background,1119767628,residential,Unnamed,1,yes,,,no,no,12,140.01,1410.77,STATIC_ROAD_NETWORK
3409526,"Panchawati_Pashan, Pune - IITM",18.5365,73.8055,Western Institutional / Foothill Background,1119767630,residential,Unnamed,1,no,,,no,no,2,44.71,1386.93,STATIC_ROAD_NETWORK
3409526,"Panchawati_Pashan, Pune - IITM",18.5365,73.8055,Western Institutional / Foothill Background,1119767632,residential,Unnamed,1,no,,,no,no,2,37.09,880.74,STATIC_ROAD_NETWORK
3409526,"Panchawati_Pashan, Pune - IITM",18.5365,73.8055,Western Institutional / Foothill Background,1119767633,residential,Unnamed,1,no,,,no,no,3,42.43,1250.34,STATIC_ROAD_NETWORK
3409526,"Panchawati_Pashan, Pune - IITM",18.5365,73.8055,Western Institutional / Foothill Background,1119767634,residential,Unnamed,1,no,,,no,no,3,55.55,1056.48,STATIC_ROAD_NETWORK
3409526,"Panchawati_Pashan, Pune - IITM",18.5365,73.8055,Western Institutional / Foothill Background,1119767635,residential,Unnamed,1,no,,,no,no,4,61.11,1246.74,STATIC_ROAD_NETWORK
3409526,"Panchawati_Pashan, Pune - IITM",18.5365,73.8055,Western Institutional / Foothill Background,1119809741,residential,Unnamed,1,no,,,no,no,3,129.9,1099.98,STATIC_ROAD_NETWORK
3409526,"Panchawati_Pashan, Pune - IITM",18.5365,73.8055,Western Institutional / Foothill Background,1119811970,residential,Unnamed,1,no,,,no,no,6,177.88,1302.21,STATIC_ROAD_NETWORK
3409526,"Panchawati_Pashan, Pune - IITM",18.5365,73.8055,Western Institutional / Foothill Background,1119811971,residential,Unnamed,1,no,,,no,no,4,99.63,1065.97,STATIC_ROAD_NETWORK
3409526,"Panchawati_Pashan, Pune - IITM",18.5365,73.8055,Western Institutional / Foothill Background,1119811972,residential,Unnamed,1,no,,,no,no,4,98.67,1082.38,STATIC_ROAD_NETWORK
3409526,"Panchawati_Pashan, Pune - IITM",18.5365,73.8055,Western Institutional / Foothill Background,1119811977,residential,Unnamed,1,yes,,,no,no,10,131.89,930.74,STATIC_ROAD_NETWORK
3409526,"Panchawati_Pashan, Pune - IITM",18.5365,73.8055,Western Institutional / Foothill Background,1119811978,residential,Unnamed,1,no,,,no,no,5,80.77,860.59,STATIC_ROAD_NETWORK
3409526,"Panchawati_Pashan, Pune - IITM",18.5365,73.8055,Western Institutional / Foothill Background,1119811979,residential,Unnamed,1,no,,,no,no,2,72.12,834.46,STATIC_ROAD_NETWORK
3409526,"Panchawati_Pashan, Pune - IITM",18.5365,73.8055,Western Institutional / Foothill Background,1119811983,residential,Unnamed,1,no,,,no,no,4,62.86,495.41,STATIC_ROAD_NETWORK
3409526,"Panchawati_Pashan, Pune - IITM",18.5365,73.8055,Western Institutional / Foothill Background,1119811985,living_street,Unnamed,1,no,,,no,no,3,98.45,620.85,STATIC_ROAD_NETWORK
3409526,"Panchawati_Pashan, Pune - IITM",18.5365,73.8055,Western Institutional / Foothill Background,1119815265,residential,Unnamed,1,no,,,no,no,4,271.6,338.48,STATIC_ROAD_NETWORK
3409526,"Panchawati_Pashan, Pune - IITM",18.5365,73.8055,Western Institutional / Foothill Background,1119821308,residential,Unnamed,1,no,,,no,no,2,30.84,695.61,STATIC_ROAD_NETWORK
3409526,"Panchawati_Pashan, Pune - IITM",18.5365,73.8055,Western Institutional / Foothill Background,1120053161,residential,Unnamed,1,no,,,no,no,2,33.8,681.95,STATIC_ROAD_NETWORK
3409526,"Panchawati_Pashan, Pune - IITM",18.5365,73.8055,Western Institutional / Foothill Background,1120053162,residential,Unnamed,1,no,,,no,no,3,35.59,772.73,STATIC_ROAD_NETWORK
3409526,"Panchawati_Pashan, Pune - IITM",18.5365,73.8055,Western Institutional / Foothill Background,1120059437,residential,Unnamed,1,no,,,no,no,4,61.33,758.85,STATIC_ROAD_NETWORK
3409526,"Panchawati_Pashan, Pune - IITM",18.5365,73.8055,Western Institutional / Foothill Background,1120059439,residential,Unnamed,1,no,,,no,no,2,75.75,853.26,STATIC_ROAD_NETWORK
3409526,"Panchawati_Pashan, Pune - IITM",18.5365,73.8055,Western Institutional / Foothill Background,1120059441,residential,Unnamed,1,no,,,no,no,3,45.97,1136.62,STATIC_ROAD_NETWORK
3409526,"Panchawati_Pashan, Pune - IITM",18.5365,73.8055,Western Institutional / Foothill Background,1138011598,secondary,Dr. Homi Bhabha Marg,2,yes,,asphalt,no,no,5,254.06,1095.61,STATIC_ROAD_NETWORK
3409526,"Panchawati_Pashan, Pune - IITM",18.5365,73.8055,Western Institutional / Foothill Background,1138637508,residential,Unnamed,1,no,,,no,no,2,64.47,1145.38,STATIC_ROAD_NETWORK
3409526,"Panchawati_Pashan, Pune - IITM",18.5365,73.8055,Western Institutional / Foothill Background,1138755445,residential,Unnamed,1,no,,,no,no,6,72.66,1079.83,STATIC_ROAD_NETWORK
3409526,"Panchawati_Pashan, Pune - IITM",18.5365,73.8055,Western Institutional / Foothill Background,1144584583,residential,Unnamed,1,no,,,no,no,3,49.78,1050.7,STATIC_ROAD_NETWORK
3409526,"Panchawati_Pashan, Pune - IITM",18.5365,73.8055,Western Institutional / Foothill Background,1144584584,residential,Unnamed,1,no,,,no,no,5,46.71,907.79,STATIC_ROAD_NETWORK
3409526,"Panchawati_Pashan, Pune - IITM",18.5365,73.8055,Western Institutional / Foothill Background,1146514710,residential,Unnamed,1,no,,,no,no,2,20.73,940.76,STATIC_ROAD_NETWORK
3409526,"Panchawati_Pashan, Pune - IITM",18.5365,73.8055,Western Institutional / Foothill Background,1161021881,secondary_link,Unnamed,1,no,,,no,no,2,9.01,1322.5,STATIC_ROAD_NETWORK
3409526,"Panchawati_Pashan, Pune - IITM",18.5365,73.8055,Western Institutional / Foothill Background,1181963963,residential,Unnamed,1,no,,,no,no,5,62.29,1408.56,STATIC_ROAD_NETWORK
3409526,"Panchawati_Pashan, Pune - IITM",18.5365,73.8055,Western Institutional / Foothill Background,1183296628,living_street,Unnamed,1,no,,,no,no,3,59.75,638.42,STATIC_ROAD_NETWORK
3409526,"Panchawati_Pashan, Pune - IITM",18.5365,73.8055,Western Institutional / Foothill Background,1201897288,residential,Unnamed,1,no,,,no,no,4,36.66,1405.47,STATIC_ROAD_NETWORK
3409526,"Panchawati_Pashan, Pune - IITM",18.5365,73.8055,Western Institutional / Foothill Background,1209331731,residential,Unnamed,1,no,,,no,no,4,65.27,878.99,STATIC_ROAD_NETWORK
3409526,"Panchawati_Pashan, Pune - IITM",18.5365,73.8055,Western Institutional / Foothill Background,1209332307,residential,Unnamed,1,no,,,no,no,3,39.93,1030.56,STATIC_ROAD_NETWORK
3409526,"Panchawati_Pashan, Pune - IITM",18.5365,73.8055,Western Institutional / Foothill Background,1209334013,residential,Abhimanshree Roads 1 & 2,2,no,20,concrete,no,no,2,9.05,1356.61,STATIC_ROAD_NETWORK
3409526,"Panchawati_Pashan, Pune - IITM",18.5365,73.8055,Western Institutional / Foothill Background,1209334015,residential,Abhimanshree Roads 1 & 2,2,no,20,concrete,no,no,2,8.99,1385.64,STATIC_ROAD_NETWORK
3409526,"Panchawati_Pashan, Pune - IITM",18.5365,73.8055,Western Institutional / Foothill Background,1209334452,residential,Unnamed,1,no,,,no,no,2,8.99,1407.52,STATIC_ROAD_NETWORK
3409526,"Panchawati_Pashan, Pune - IITM",18.5365,73.8055,Western Institutional / Foothill Background,1209334454,residential,Unnamed,1,no,,paving_stones,no,no,2,9.0,1462.25,STATIC_ROAD_NETWORK
3409526,"Panchawati_Pashan, Pune - IITM",18.5365,73.8055,Western Institutional / Foothill Background,1209334713,residential,Unnamed,1,no,,paving_stones,no,no,2,8.99,1494.56,STATIC_ROAD_NETWORK
3409526,"Panchawati_Pashan, Pune - IITM",18.5365,73.8055,Western Institutional / Foothill Background,1209682793,residential,Unnamed,1,no,,,no,no,2,13.72,842.89,STATIC_ROAD_NETWORK
3409526,"Panchawati_Pashan, Pune - IITM",18.5365,73.8055,Western Institutional / Foothill Background,1271649476,secondary,Dr. Homi Bhabha Marg,2,yes,,,no,no,3,39.92,931.08,STATIC_ROAD_NETWORK
3409526,"Panchawati_Pashan, Pune - IITM",18.5365,73.8055,Western Institutional / Foothill Background,1271649477,secondary,Dr. Homi Bhabha Marg,1,yes,,,no,no,4,41.46,931.08,STATIC_ROAD_NETWORK
3409526,"Panchawati_Pashan, Pune - IITM",18.5365,73.8055,Western Institutional / Foothill Background,1271649478,secondary,Pashan-Bavdhan Road,1,yes,,,no,no,3,32.01,980.24,STATIC_ROAD_NETWORK
3409526,"Panchawati_Pashan, Pune - IITM",18.5365,73.8055,Western Institutional / Foothill Background,1271649479,secondary,Pashan-Bavdhan Road,1,yes,,,no,no,3,33.12,975.46,STATIC_ROAD_NETWORK
3409526,"Panchawati_Pashan, Pune - IITM",18.5365,73.8055,Western Institutional / Foothill Background,1293401345,residential,Unnamed,1,no,,,no,no,2,52.84,1237.47,STATIC_ROAD_NETWORK
3409526,"Panchawati_Pashan, Pune - IITM",18.5365,73.8055,Western Institutional / Foothill Background,1293401346,residential,Unnamed,1,no,,,no,no,2,4.11,1292.71,STATIC_ROAD_NETWORK
3409526,"Panchawati_Pashan, Pune - IITM",18.5365,73.8055,Western Institutional / Foothill Background,1293402829,residential,Unnamed,1,no,,,no,no,2,37.37,1303.77,STATIC_ROAD_NETWORK
3409526,"Panchawati_Pashan, Pune - IITM",18.5365,73.8055,Western Institutional / Foothill Background,1293402830,residential,Unnamed,1,no,,,no,no,2,7.24,1300.31,STATIC_ROAD_NETWORK
3409526,"Panchawati_Pashan, Pune - IITM",18.5365,73.8055,Western Institutional / Foothill Background,1293402831,residential,Unnamed,1,no,,,no,no,2,3.85,1336.93,STATIC_ROAD_NETWORK
3409526,"Panchawati_Pashan, Pune - IITM",18.5365,73.8055,Western Institutional / Foothill Background,1300662112,residential,Unnamed,1,no,,,no,no,5,92.36,863.18,STATIC_ROAD_NETWORK
3409526,"Panchawati_Pashan, Pune - IITM",18.5365,73.8055,Western Institutional / Foothill Background,1300662113,residential,Unnamed,1,no,,,no,no,5,68.66,849.46,STATIC_ROAD_NETWORK
3409526,"Panchawati_Pashan, Pune - IITM",18.5365,73.8055,Western Institutional / Foothill Background,1301425005,residential,Unnamed,1,no,,unpaved,no,no,3,29.53,982.94,STATIC_ROAD_NETWORK
3409526,"Panchawati_Pashan, Pune - IITM",18.5365,73.8055,Western Institutional / Foothill Background,1301433551,residential,Unnamed,1,no,,,no,no,7,141.06,1407.71,STATIC_ROAD_NETWORK
3409526,"Panchawati_Pashan, Pune - IITM",18.5365,73.8055,Western Institutional / Foothill Background,1302209577,residential,Unnamed,1,no,,,no,no,2,28.19,1054.47,STATIC_ROAD_NETWORK
3409526,"Panchawati_Pashan, Pune - IITM",18.5365,73.8055,Western Institutional / Foothill Background,1314747489,unclassified,PIC Road,2,no,20,asphalt,no,no,5,41.44,387.42,STATIC_ROAD_NETWORK
3409526,"Panchawati_Pashan, Pune - IITM",18.5365,73.8055,Western Institutional / Foothill Background,1324940044,secondary,Praveen Namdeodada Nimhan Chowk,1,no,,,no,no,5,6.18,1218.42,STATIC_ROAD_NETWORK
3409526,"Panchawati_Pashan, Pune - IITM",18.5365,73.8055,Western Institutional / Foothill Background,1324940045,secondary,Praveen Namdeodada Nimhan Chowk,1,no,,,no,no,2,1.55,1211.41,STATIC_ROAD_NETWORK
3409526,"Panchawati_Pashan, Pune - IITM",18.5365,73.8055,Western Institutional / Foothill Background,1324940046,secondary,Praveen Namdeodada Nimhan Chowk,1,no,,,no,no,6,7.74,1212.73,STATIC_ROAD_NETWORK
3409526,"Panchawati_Pashan, Pune - IITM",18.5365,73.8055,Western Institutional / Foothill Background,1324940047,secondary,Praveen Namdeodada Nimhan Chowk,1,no,,,no,no,2,1.54,1219.52,STATIC_ROAD_NETWORK
3409526,"Panchawati_Pashan, Pune - IITM",18.5365,73.8055,Western Institutional / Foothill Background,1324940048,secondary,Praveen Namdeodada Nimhan Chowk,1,no,,,no,no,2,1.55,1217.11,STATIC_ROAD_NETWORK
3409526,"Panchawati_Pashan, Pune - IITM",18.5365,73.8055,Western Institutional / Foothill Background,1324940049,secondary,Praveen Namdeodada Nimhan Chowk,1,no,,,no,no,7,9.27,1209.68,STATIC_ROAD_NETWORK
3409526,"Panchawati_Pashan, Pune - IITM",18.5365,73.8055,Western Institutional / Foothill Background,1343775588,residential,Someshwar Wadi Road,1,no,,,no,no,2,46.79,1125.07,STATIC_ROAD_NETWORK
3409526,"Panchawati_Pashan, Pune - IITM",18.5365,73.8055,Western Institutional / Foothill Background,1343775589,residential,Someshwar Wadi Road,1,no,,,no,no,2,11.07,1118.79,STATIC_ROAD_NETWORK
3409526,"Panchawati_Pashan, Pune - IITM",18.5365,73.8055,Western Institutional / Foothill Background,1429904646,residential,Unnamed,1,no,,,no,no,13,222.24,1384.68,STATIC_ROAD_NETWORK
3409526,"Panchawati_Pashan, Pune - IITM",18.5365,73.8055,Western Institutional / Foothill Background,1432747070,residential,Unnamed,1,no,,,no,no,3,71.07,1164.2,STATIC_ROAD_NETWORK
3409526,"Panchawati_Pashan, Pune - IITM",18.5365,73.8055,Western Institutional / Foothill Background,1432747075,residential,Panchawati Road,1,no,,,no,no,8,294.45,951.62,STATIC_ROAD_NETWORK
3409526,"Panchawati_Pashan, Pune - IITM",18.5365,73.8055,Western Institutional / Foothill Background,1483831586,secondary,Dr. Homi Bhabha Marg,2,yes,,asphalt,no,no,4,261.12,1087.43,STATIC_ROAD_NETWORK
3409526,"Panchawati_Pashan, Pune - IITM",18.5365,73.8055,Western Institutional / Foothill Background,1500159058,residential,Unnamed,1,no,,,no,no,6,126.13,1368.71,STATIC_ROAD_NETWORK
3409526,"Panchawati_Pashan, Pune - IITM",18.5365,73.8055,Western Institutional / Foothill Background,1500159059,residential,Unnamed,1,no,,,no,no,2,89.51,1421.44,STATIC_ROAD_NETWORK
3409526,"Panchawati_Pashan, Pune - IITM",18.5365,73.8055,Western Institutional / Foothill Background,1500159061,residential,Unnamed,1,yes,,,no,no,6,172.99,1251.4,STATIC_ROAD_NETWORK
3409526,"Panchawati_Pashan, Pune - IITM",18.5365,73.8055,Western Institutional / Foothill Background,1500159062,residential,Unnamed,1,yes,,,no,no,6,173.66,1251.4,STATIC_ROAD_NETWORK
3409526,"Panchawati_Pashan, Pune - IITM",18.5365,73.8055,Western Institutional / Foothill Background,1500159063,residential,Unnamed,1,no,,,no,no,3,59.59,1387.72,STATIC_ROAD_NETWORK
3409526,"Panchawati_Pashan, Pune - IITM",18.5365,73.8055,Western Institutional / Foothill Background,1500159064,residential,Unnamed,1,no,,,no,no,2,11.88,1241.96,STATIC_ROAD_NETWORK
3409526,"Panchawati_Pashan, Pune - IITM",18.5365,73.8055,Western Institutional / Foothill Background,1528107422,residential,Unnamed,1,no,,,no,no,3,8.15,921.15,STATIC_ROAD_NETWORK
3409526,"Panchawati_Pashan, Pune - IITM",18.5365,73.8055,Western Institutional / Foothill Background,1537182488,secondary,Pashan-Sus Road,2,no,,asphalt,no,no,2,15.29,1222.01,STATIC_ROAD_NETWORK
3409526,"Panchawati_Pashan, Pune - IITM",18.5365,73.8055,Western Institutional / Foothill Background,1542812099,secondary,Pashan-Sus Road,2,no,,asphalt,no,no,2,7.15,1225.01,STATIC_ROAD_NETWORK
3409526,"Panchawati_Pashan, Pune - IITM",18.5365,73.8055,Western Institutional / Foothill Background,1547841893,residential,Unnamed,1,yes,,,no,no,2,13.71,1423.87,STATIC_ROAD_NETWORK
3409526,"Panchawati_Pashan, Pune - IITM",18.5365,73.8055,Western Institutional / Foothill Background,1547841894,residential,Unnamed,1,yes,,,no,no,2,11.23,1457.25,STATIC_ROAD_NETWORK
3409526,"Panchawati_Pashan, Pune - IITM",18.5365,73.8055,Western Institutional / Foothill Background,1554398733,residential,Unnamed,1,no,,,no,no,19,134.51,858.18,STATIC_ROAD_NETWORK
3409526,"Panchawati_Pashan, Pune - IITM",18.5365,73.8055,Western Institutional / Foothill Background,1554398734,residential,Unnamed,1,no,,,no,no,3,35.98,869.04,STATIC_ROAD_NETWORK
3409526,"Panchawati_Pashan, Pune - IITM",18.5365,73.8055,Western Institutional / Foothill Background,1554398735,residential,Unnamed,1,no,,,no,no,3,16.24,869.01,STATIC_ROAD_NETWORK
